Workbook

Sheet 说明
A1: 制作者信息 | E1: 当前赛事 | K1: =E3&F3 -> 2024IJL夏季赛常规赛
A2: 名称 | B2: 第五人格赛事信息记录表 | C2: 比分记录 for BWIKI V2.0 | E2: 年份 | F2: 类型 | K2: 总结
A3: BWIKI欢迎各位加入w点击此表格了解BWIKI | E3: 2024 | F3: IJL夏季赛常规赛 | K3: 总场次 | M3: 总局数 | N3: 2局 | O3: 3局 | P3: BO3加赛
A4: 主分、客分列，哪怕是2：0带走，第三局和加赛那一行也必须填上数字，没比的局局分填0就行 | E4: 可上场监管者角色数 | F4: 29 | G4: 监管者indirect区域 | H4: ="'各类选项'!C3:C"&(F4+3) -> '各类选项'!C3:C32 | K4: =90-COUNTIF(赛果!K$2:K$91,"") -> 42 | M4: =720-COUNTIF(原始数据!L2:L721,"") -> 230 | N4: =COUNTIF(赛果!O2:O91,"2") -> 0 | O4: =COUNTIF(赛果!O2:O91,"3") -> 0 | P4: =COUNTIF(赛果!O2:O91,"4") -> 0
E5: 可上场求生者角色数 | F5: 43 | G5: 求生者indirect区域 | H5: ="'各类选项'!E3:E"&(F5+3) -> '各类选项'!E3:E46 | K5: 监管者BAN | M5: 求生者BAN | O5: 监管者 胜利 | P5: 胜率 | Q5: 求生者 胜利 | R5: 胜率 | S5: 平局 | T5: 平率
A6: 只有与本格子颜色相同的部分才开放编辑权限噢~记录赛事时，原始数据、牵制时长这两个表是都需要填的。若两队通过加时赛的时长比对才分出胜负，那么需要在大分&小分表格寻找和本格子颜色一样的区域，手动填写最终获胜者。除此以外，本表格其他区域所有内容均使用excel函数自动生成，无需进行任何操作~ | E6: 队伍数量 | F6: 7 | G6: indirect区域 | H6: ="'各类选项'!F2:F"&(F6+1) -> '各类选项'!F2:F8
E7: 监管者阵营人数 | F7: 13 | G7: ="'各类选项'!K2:K"&(F7+1) -> '各类选项'!K2:K14 | H7: ="'各类选项'!L2:L"&(F7+1) -> '各类选项'!L2:L14 | O7: =COUNTIFS(原始数据!U2:U721,"屠") -> 98 | P7: =O7/M4 -> 0.42608696 | Q7: =COUNTIFS(原始数据!U2:U721,"人") -> 57 | R7: =Q7/M4 -> 0.24782609 | S7: =COUNTIFS(原始数据!U2:U721,"平") -> 75 | T7: =S7/M4 -> 0.32608696
E8: 求生者阵营人数 | F8: 34 | G8: 求生者indirect区域 | H8: ="'各类选项'!J2:J"&(F8+1) -> '各类选项'!J2:J35 | K8: 第五人格BWIKI赛事组制作 | R8: 45347
A9: 填写原始数据时，如第一轮第一场上半场由DOU5队东玄先上屠夫，则在屠队列填写D5（全大写），在屠名列填写东玄id（全小写）dx。第一轮是ZQ打DOU5，因此如果东玄被三跑，则ZQ:DOU5比分为3:1，主分填3，客分填1即可。地图名字请填写全名，请勿做任何省略。地图方主客即选择地图的一方本轮处于主场或者客场。如第一轮第一场若由DOU5选图，则此处填客字即可，主/客一个字就行！！倒数第二列的剩余台数就是填写剩余密码机数量。最后一列名字是错误，这是一个简单的纠错，一旦有常见的名字输入错误的问题，这里便会计数，但只是能查到，并不是100%查得到！牵制时长表格和原始数据用类似方法填写，但求生者ID不需要带队名。 | E9: 地图数量 | F9: 8 | G9: 地图区域 | H9: ="'各类选项'!G2:G"&(F9+2) -> '各类选项'!G2:G10
E10: 辅助特质 | F10: 8 | G10: 辅助特质校验 | H10: ="'各类选项'!H2:H"&(F10+2) -> '各类选项'!H2:H10
E11: BO数 | F11: 3
A21: 当参赛的选手、角色有更新时，请更改右上黄色区域 并修改【各类选项】sheet

Sheet 重复内容检查
A1: =COUNTIF(A2:A721,"×") -> 0 | B1: =COUNTIF(B2:B721,"×") -> 0 | C1: =COUNTIF(C2:C721,"×") -> 0 | D1: =COUNTIF(D2:D721,"×") -> 0 | E1: =COUNTIF(E2:E721,"×") -> 0 | F1: =COUNTIF(F2:F721,"×") -> 0 | G1: =COUNTIF(G2:G721,"×") -> 0 | H1: =COUNTIF(H2:H721,"×") -> 0 | ... AN1: =COUNTIF(AN2:AN721,"×") -> 0
A2: =IF(IFERROR(原始数据!B2,"×")="×","×","") | B2: =IF(IFERROR(原始数据!C2,"×")="×","×","") | C2: =IF(IFERROR(原始数据!D2,"×")="×","×","") | D2: =IF(IFERROR(原始数据!E2,"×")="×","×","") | E2: =IF(IFERROR(原始数据!F2,"×")="×","×","") | F2: =IF(IFERROR(原始数据!G2,"×")="×","×","") | G2: =IF(IFERROR(原始数据!H2,"×")="×","×","") | H2: =IF(IFERROR(原始数据!I2,"×")="×","×","") | ... T2: =IF(IFERROR(原始数据!U2,"×")="×","×","") | U2: {=IF(原始数据!V2="-","",IF(原始数据!V2="","",IF(COUNT(FIND(原始数据!V2,原始数据!2:2))=2,"×","")))} | V2: {=IF(原始数据!W2="-","",IF(原始数据!W2="","",IF(COUNT(FIND(原始数据!W2,原始数据!2:2))=2,"×","")))} | W2: =IF(原始数据!X2="","",IF(COUNTIF(原始数据!2:2,原始数据!X2)>1,"×","")) | X2: =IF(原始数据!Y2="","",IF(COUNTIF(原始数据!2:2,原始数据!Y2)>1,"×","")) | Y2: =IF(原始数据!Z2="","",IF(COUNTIF(原始数据!2:2,原始数据!Z2)>1,"×","")) | Z2: =IF(原始数据!AA2="","",IF(COUNTIF(原始数据!2:2,原始数据!AA2)>1,"×","")) | AA2: =IF(原始数据!AB2="","",IF(COUNTIF(原始数据!2:2,原始数据!AB2)>1,"×","")) | AB2: =IF(原始数据!AC2="","",IF(COUNTIF(原始数据!2:2,原始数据!AC2)>1,"×","")) | AC2: =IF(原始数据!AD2="","",IF(COUNTIF(原始数据!2:2,原始数据!AD2)>1,"×","")) | AD2: =IF(原始数据!AE2="","",IF(COUNTIF(原始数据!2:2,原始数据!AE2)>1,"×","")) | ... AN2: =IF(原始数据!AO2="","",IF(COUNTIF(原始数据!2:2,原始数据!AO2)>1,"×",""))
A3: =IF(IFERROR(原始数据!B3,"×")="×","×","") | B3: =IF(IFERROR(原始数据!C3,"×")="×","×","") | C3: =IF(IFERROR(原始数据!D3,"×")="×","×","") | D3: =IF(IFERROR(原始数据!E3,"×")="×","×","") | E3: =IF(IFERROR(原始数据!F3,"×")="×","×","") | F3: =IF(IFERROR(原始数据!G3,"×")="×","×","") | G3: =IF(IFERROR(原始数据!H3,"×")="×","×","") | H3: =IF(IFERROR(原始数据!I3,"×")="×","×","") | ... T3: =IF(IFERROR(原始数据!U3,"×")="×","×","") | U3: {=IF(原始数据!V3="-","",IF(原始数据!V3="","",IF(COUNT(FIND(原始数据!V3,原始数据!3:3))=2,"×","")))} | V3: {=IF(原始数据!W3="-","",IF(原始数据!W3="","",IF(COUNT(FIND(原始数据!W3,原始数据!3:3))=2,"×","")))} | W3: =IF(原始数据!X3="","",IF(COUNTIF(原始数据!3:3,原始数据!X3)>1,"×","")) | X3: =IF(原始数据!Y3="","",IF(COUNTIF(原始数据!3:3,原始数据!Y3)>1,"×","")) | Y3: =IF(原始数据!Z3="","",IF(COUNTIF(原始数据!3:3,原始数据!Z3)>1,"×","")) | Z3: =IF(原始数据!AA3="","",IF(COUNTIF(原始数据!3:3,原始数据!AA3)>1,"×","")) | AA3: =IF(原始数据!AB3="","",IF(COUNTIF(原始数据!3:3,原始数据!AB3)>1,"×","")) | AB3: =IF(原始数据!AC3="","",IF(COUNTIF(原始数据!3:3,原始数据!AC3)>1,"×","")) | AC3: =IF(原始数据!AD3="","",IF(COUNTIF(原始数据!3:3,原始数据!AD3)>1,"×","")) | AD3: =IF(原始数据!AE3="","",IF(COUNTIF(原始数据!3:3,原始数据!AE3)>1,"×","")) | ... AN3: =IF(原始数据!AO3="","",IF(COUNTIF(原始数据!3:3,原始数据!AO3)>1,"×",""))
A4: =IF(IFERROR(原始数据!B4,"×")="×","×","") | B4: =IF(IFERROR(原始数据!C4,"×")="×","×","") | C4: =IF(IFERROR(原始数据!D4,"×")="×","×","") | D4: =IF(IFERROR(原始数据!E4,"×")="×","×","") | E4: =IF(IFERROR(原始数据!F4,"×")="×","×","") | F4: =IF(IFERROR(原始数据!G4,"×")="×","×","") | G4: =IF(IFERROR(原始数据!H4,"×")="×","×","") | H4: =IF(IFERROR(原始数据!I4,"×")="×","×","") | ... T4: =IF(IFERROR(原始数据!U4,"×")="×","×","") | U4: {=IF(原始数据!V4="-","",IF(原始数据!V4="","",IF(COUNT(FIND(原始数据!V4,原始数据!4:4))=2,"×","")))} | V4: {=IF(原始数据!W4="-","",IF(原始数据!W4="","",IF(COUNT(FIND(原始数据!W4,原始数据!4:4))=2,"×","")))} | W4: =IF(原始数据!X4="","",IF(COUNTIF(原始数据!4:4,原始数据!X4)>1,"×","")) | X4: =IF(原始数据!Y4="","",IF(COUNTIF(原始数据!4:4,原始数据!Y4)>1,"×","")) | Y4: =IF(原始数据!Z4="","",IF(COUNTIF(原始数据!4:4,原始数据!Z4)>1,"×","")) | Z4: =IF(原始数据!AA4="","",IF(COUNTIF(原始数据!4:4,原始数据!AA4)>1,"×","")) | AA4: =IF(原始数据!AB4="","",IF(COUNTIF(原始数据!4:4,原始数据!AB4)>1,"×","")) | AB4: =IF(原始数据!AC4="","",IF(COUNTIF(原始数据!4:4,原始数据!AC4)>1,"×","")) | AC4: =IF(原始数据!AD4="","",IF(COUNTIF(原始数据!4:4,原始数据!AD4)>1,"×","")) | AD4: =IF(原始数据!AE4="","",IF(COUNTIF(原始数据!4:4,原始数据!AE4)>1,"×","")) | ... AN4: =IF(原始数据!AO4="","",IF(COUNTIF(原始数据!4:4,原始数据!AO4)>1,"×",""))
A5: =IF(IFERROR(原始数据!B5,"×")="×","×","") | B5: =IF(IFERROR(原始数据!C5,"×")="×","×","") | C5: =IF(IFERROR(原始数据!D5,"×")="×","×","") | D5: =IF(IFERROR(原始数据!E5,"×")="×","×","") | E5: =IF(IFERROR(原始数据!F5,"×")="×","×","") | F5: =IF(IFERROR(原始数据!G5,"×")="×","×","") | G5: =IF(IFERROR(原始数据!H5,"×")="×","×","") | H5: =IF(IFERROR(原始数据!I5,"×")="×","×","") | ... T5: =IF(IFERROR(原始数据!U5,"×")="×","×","") | U5: {=IF(原始数据!V5="-","",IF(原始数据!V5="","",IF(COUNT(FIND(原始数据!V5,原始数据!5:5))=2,"×","")))} | V5: {=IF(原始数据!W5="-","",IF(原始数据!W5="","",IF(COUNT(FIND(原始数据!W5,原始数据!5:5))=2,"×","")))} | W5: =IF(原始数据!X5="","",IF(COUNTIF(原始数据!5:5,原始数据!X5)>1,"×","")) | X5: =IF(原始数据!Y5="","",IF(COUNTIF(原始数据!5:5,原始数据!Y5)>1,"×","")) | Y5: =IF(原始数据!Z5="","",IF(COUNTIF(原始数据!5:5,原始数据!Z5)>1,"×","")) | Z5: =IF(原始数据!AA5="","",IF(COUNTIF(原始数据!5:5,原始数据!AA5)>1,"×","")) | AA5: =IF(原始数据!AB5="","",IF(COUNTIF(原始数据!5:5,原始数据!AB5)>1,"×","")) | AB5: =IF(原始数据!AC5="","",IF(COUNTIF(原始数据!5:5,原始数据!AC5)>1,"×","")) | AC5: =IF(原始数据!AD5="","",IF(COUNTIF(原始数据!5:5,原始数据!AD5)>1,"×","")) | AD5: =IF(原始数据!AE5="","",IF(COUNTIF(原始数据!5:5,原始数据!AE5)>1,"×","")) | ... AN5: =IF(原始数据!AO5="","",IF(COUNTIF(原始数据!5:5,原始数据!AO5)>1,"×",""))
A6: =IF(IFERROR(原始数据!B6,"×")="×","×","") | B6: =IF(IFERROR(原始数据!C6,"×")="×","×","") | C6: =IF(IFERROR(原始数据!D6,"×")="×","×","") | D6: =IF(IFERROR(原始数据!E6,"×")="×","×","") | E6: =IF(IFERROR(原始数据!F6,"×")="×","×","") | F6: =IF(IFERROR(原始数据!G6,"×")="×","×","") | G6: =IF(IFERROR(原始数据!H6,"×")="×","×","") | H6: =IF(IFERROR(原始数据!I6,"×")="×","×","") | ... T6: =IF(IFERROR(原始数据!U6,"×")="×","×","") | U6: {=IF(原始数据!V6="-","",IF(原始数据!V6="","",IF(COUNT(FIND(原始数据!V6,原始数据!6:6))=2,"×","")))} | V6: {=IF(原始数据!W6="-","",IF(原始数据!W6="","",IF(COUNT(FIND(原始数据!W6,原始数据!6:6))=2,"×","")))} | W6: =IF(原始数据!X6="","",IF(COUNTIF(原始数据!6:6,原始数据!X6)>1,"×","")) | X6: =IF(原始数据!Y6="","",IF(COUNTIF(原始数据!6:6,原始数据!Y6)>1,"×","")) | Y6: =IF(原始数据!Z6="","",IF(COUNTIF(原始数据!6:6,原始数据!Z6)>1,"×","")) | Z6: =IF(原始数据!AA6="","",IF(COUNTIF(原始数据!6:6,原始数据!AA6)>1,"×","")) | AA6: =IF(原始数据!AB6="","",IF(COUNTIF(原始数据!6:6,原始数据!AB6)>1,"×","")) | AB6: =IF(原始数据!AC6="","",IF(COUNTIF(原始数据!6:6,原始数据!AC6)>1,"×","")) | AC6: =IF(原始数据!AD6="","",IF(COUNTIF(原始数据!6:6,原始数据!AD6)>1,"×","")) | AD6: =IF(原始数据!AE6="","",IF(COUNTIF(原始数据!6:6,原始数据!AE6)>1,"×","")) | ... AN6: =IF(原始数据!AO6="","",IF(COUNTIF(原始数据!6:6,原始数据!AO6)>1,"×",""))
A7: =IF(IFERROR(原始数据!B7,"×")="×","×","") | B7: =IF(IFERROR(原始数据!C7,"×")="×","×","") | C7: =IF(IFERROR(原始数据!D7,"×")="×","×","") | D7: =IF(IFERROR(原始数据!E7,"×")="×","×","") | E7: =IF(IFERROR(原始数据!F7,"×")="×","×","") | F7: =IF(IFERROR(原始数据!G7,"×")="×","×","") | G7: =IF(IFERROR(原始数据!H7,"×")="×","×","") | H7: =IF(IFERROR(原始数据!I7,"×")="×","×","") | ... T7: =IF(IFERROR(原始数据!U7,"×")="×","×","") | U7: {=IF(原始数据!V7="-","",IF(原始数据!V7="","",IF(COUNT(FIND(原始数据!V7,原始数据!7:7))=2,"×","")))} | V7: {=IF(原始数据!W7="-","",IF(原始数据!W7="","",IF(COUNT(FIND(原始数据!W7,原始数据!7:7))=2,"×","")))} | W7: =IF(原始数据!X7="","",IF(COUNTIF(原始数据!7:7,原始数据!X7)>1,"×","")) | X7: =IF(原始数据!Y7="","",IF(COUNTIF(原始数据!7:7,原始数据!Y7)>1,"×","")) | Y7: =IF(原始数据!Z7="","",IF(COUNTIF(原始数据!7:7,原始数据!Z7)>1,"×","")) | Z7: =IF(原始数据!AA7="","",IF(COUNTIF(原始数据!7:7,原始数据!AA7)>1,"×","")) | AA7: =IF(原始数据!AB7="","",IF(COUNTIF(原始数据!7:7,原始数据!AB7)>1,"×","")) | AB7: =IF(原始数据!AC7="","",IF(COUNTIF(原始数据!7:7,原始数据!AC7)>1,"×","")) | AC7: =IF(原始数据!AD7="","",IF(COUNTIF(原始数据!7:7,原始数据!AD7)>1,"×","")) | AD7: =IF(原始数据!AE7="","",IF(COUNTIF(原始数据!7:7,原始数据!AE7)>1,"×","")) | ... AN7: =IF(原始数据!AO7="","",IF(COUNTIF(原始数据!7:7,原始数据!AO7)>1,"×",""))
A8: =IF(IFERROR(原始数据!B8,"×")="×","×","") | B8: =IF(IFERROR(原始数据!C8,"×")="×","×","") | C8: =IF(IFERROR(原始数据!D8,"×")="×","×","") | D8: =IF(IFERROR(原始数据!E8,"×")="×","×","") | E8: =IF(IFERROR(原始数据!F8,"×")="×","×","") | F8: =IF(IFERROR(原始数据!G8,"×")="×","×","") | G8: =IF(IFERROR(原始数据!H8,"×")="×","×","") | H8: =IF(IFERROR(原始数据!I8,"×")="×","×","") | ... T8: =IF(IFERROR(原始数据!U8,"×")="×","×","") | U8: {=IF(原始数据!V8="-","",IF(原始数据!V8="","",IF(COUNT(FIND(原始数据!V8,原始数据!8:8))=2,"×","")))} | V8: {=IF(原始数据!W8="-","",IF(原始数据!W8="","",IF(COUNT(FIND(原始数据!W8,原始数据!8:8))=2,"×","")))} | W8: =IF(原始数据!X8="","",IF(COUNTIF(原始数据!8:8,原始数据!X8)>1,"×","")) | X8: =IF(原始数据!Y8="","",IF(COUNTIF(原始数据!8:8,原始数据!Y8)>1,"×","")) | Y8: =IF(原始数据!Z8="","",IF(COUNTIF(原始数据!8:8,原始数据!Z8)>1,"×","")) | Z8: =IF(原始数据!AA8="","",IF(COUNTIF(原始数据!8:8,原始数据!AA8)>1,"×","")) | AA8: =IF(原始数据!AB8="","",IF(COUNTIF(原始数据!8:8,原始数据!AB8)>1,"×","")) | AB8: =IF(原始数据!AC8="","",IF(COUNTIF(原始数据!8:8,原始数据!AC8)>1,"×","")) | AC8: =IF(原始数据!AD8="","",IF(COUNTIF(原始数据!8:8,原始数据!AD8)>1,"×","")) | AD8: =IF(原始数据!AE8="","",IF(COUNTIF(原始数据!8:8,原始数据!AE8)>1,"×","")) | ... AN8: =IF(原始数据!AO8="","",IF(COUNTIF(原始数据!8:8,原始数据!AO8)>1,"×",""))
A9: =IF(IFERROR(原始数据!B9,"×")="×","×","") | B9: =IF(IFERROR(原始数据!C9,"×")="×","×","") | C9: =IF(IFERROR(原始数据!D9,"×")="×","×","") | D9: =IF(IFERROR(原始数据!E9,"×")="×","×","") | E9: =IF(IFERROR(原始数据!F9,"×")="×","×","") | F9: =IF(IFERROR(原始数据!G9,"×")="×","×","") | G9: =IF(IFERROR(原始数据!H9,"×")="×","×","") | H9: =IF(IFERROR(原始数据!I9,"×")="×","×","") | ... T9: =IF(IFERROR(原始数据!U9,"×")="×","×","") | U9: {=IF(原始数据!V9="-","",IF(原始数据!V9="","",IF(COUNT(FIND(原始数据!V9,原始数据!9:9))=2,"×","")))} | V9: {=IF(原始数据!W9="-","",IF(原始数据!W9="","",IF(COUNT(FIND(原始数据!W9,原始数据!9:9))=2,"×","")))} | W9: =IF(原始数据!X9="","",IF(COUNTIF(原始数据!9:9,原始数据!X9)>1,"×","")) | X9: =IF(原始数据!Y9="","",IF(COUNTIF(原始数据!9:9,原始数据!Y9)>1,"×","")) | Y9: =IF(原始数据!Z9="","",IF(COUNTIF(原始数据!9:9,原始数据!Z9)>1,"×","")) | Z9: =IF(原始数据!AA9="","",IF(COUNTIF(原始数据!9:9,原始数据!AA9)>1,"×","")) | AA9: =IF(原始数据!AB9="","",IF(COUNTIF(原始数据!9:9,原始数据!AB9)>1,"×","")) | AB9: =IF(原始数据!AC9="","",IF(COUNTIF(原始数据!9:9,原始数据!AC9)>1,"×","")) | AC9: =IF(原始数据!AD9="","",IF(COUNTIF(原始数据!9:9,原始数据!AD9)>1,"×","")) | AD9: =IF(原始数据!AE9="","",IF(COUNTIF(原始数据!9:9,原始数据!AE9)>1,"×","")) | ... AN9: =IF(原始数据!AO9="","",IF(COUNTIF(原始数据!9:9,原始数据!AO9)>1,"×",""))
A10: =IF(IFERROR(原始数据!B10,"×")="×","×","") | B10: =IF(IFERROR(原始数据!C10,"×")="×","×","") | C10: =IF(IFERROR(原始数据!D10,"×")="×","×","") | D10: =IF(IFERROR(原始数据!E10,"×")="×","×","") | E10: =IF(IFERROR(原始数据!F10,"×")="×","×","") | F10: =IF(IFERROR(原始数据!G10,"×")="×","×","") | G10: =IF(IFERROR(原始数据!H10,"×")="×","×","") | H10: =IF(IFERROR(原始数据!I10,"×")="×","×","") | ... T10: =IF(IFERROR(原始数据!U10,"×")="×","×","") | U10: {=IF(原始数据!V10="-","",IF(原始数据!V10="","",IF(COUNT(FIND(原始数据!V10,原始数据!10:10))=2,"×","")))} | V10: {=IF(原始数据!W10="-","",IF(原始数据!W10="","",IF(COUNT(FIND(原始数据!W10,原始数据!10:10))=2,"×","")))} | W10: =IF(原始数据!X10="","",IF(COUNTIF(原始数据!10:10,原始数据!X10)>1,"×","")) | X10: =IF(原始数据!Y10="","",IF(COUNTIF(原始数据!10:10,原始数据!Y10)>1,"×","")) | Y10: =IF(原始数据!Z10="","",IF(COUNTIF(原始数据!10:10,原始数据!Z10)>1,"×","")) | Z10: =IF(原始数据!AA10="","",IF(COUNTIF(原始数据!10:10,原始数据!AA10)>1,"×","")) | AA10: =IF(原始数据!AB10="","",IF(COUNTIF(原始数据!10:10,原始数据!AB10)>1,"×","")) | AB10: =IF(原始数据!AC10="","",IF(COUNTIF(原始数据!10:10,原始数据!AC10)>1,"×","")) | AC10: =IF(原始数据!AD10="","",IF(COUNTIF(原始数据!10:10,原始数据!AD10)>1,"×","")) | AD10: =IF(原始数据!AE10="","",IF(COUNTIF(原始数据!10:10,原始数据!AE10)>1,"×","")) | ... AN10: =IF(原始数据!AO10="","",IF(COUNTIF(原始数据!10:10,原始数据!AO10)>1,"×",""))
A11: =IF(IFERROR(原始数据!B11,"×")="×","×","") | B11: =IF(IFERROR(原始数据!C11,"×")="×","×","") | C11: =IF(IFERROR(原始数据!D11,"×")="×","×","") | D11: =IF(IFERROR(原始数据!E11,"×")="×","×","") | E11: =IF(IFERROR(原始数据!F11,"×")="×","×","") | F11: =IF(IFERROR(原始数据!G11,"×")="×","×","") | G11: =IF(IFERROR(原始数据!H11,"×")="×","×","") | H11: =IF(IFERROR(原始数据!I11,"×")="×","×","") | ... T11: =IF(IFERROR(原始数据!U11,"×")="×","×","") | U11: {=IF(原始数据!V11="-","",IF(原始数据!V11="","",IF(COUNT(FIND(原始数据!V11,原始数据!11:11))=2,"×","")))} | V11: {=IF(原始数据!W11="-","",IF(原始数据!W11="","",IF(COUNT(FIND(原始数据!W11,原始数据!11:11))=2,"×","")))} | W11: =IF(原始数据!X11="","",IF(COUNTIF(原始数据!11:11,原始数据!X11)>1,"×","")) | X11: =IF(原始数据!Y11="","",IF(COUNTIF(原始数据!11:11,原始数据!Y11)>1,"×","")) | Y11: =IF(原始数据!Z11="","",IF(COUNTIF(原始数据!11:11,原始数据!Z11)>1,"×","")) | Z11: =IF(原始数据!AA11="","",IF(COUNTIF(原始数据!11:11,原始数据!AA11)>1,"×","")) | AA11: =IF(原始数据!AB11="","",IF(COUNTIF(原始数据!11:11,原始数据!AB11)>1,"×","")) | AB11: =IF(原始数据!AC11="","",IF(COUNTIF(原始数据!11:11,原始数据!AC11)>1,"×","")) | AC11: =IF(原始数据!AD11="","",IF(COUNTIF(原始数据!11:11,原始数据!AD11)>1,"×","")) | AD11: =IF(原始数据!AE11="","",IF(COUNTIF(原始数据!11:11,原始数据!AE11)>1,"×","")) | ... AN11: =IF(原始数据!AO11="","",IF(COUNTIF(原始数据!11:11,原始数据!AO11)>1,"×",""))
A12: =IF(IFERROR(原始数据!B12,"×")="×","×","") | B12: =IF(IFERROR(原始数据!C12,"×")="×","×","") | C12: =IF(IFERROR(原始数据!D12,"×")="×","×","") | D12: =IF(IFERROR(原始数据!E12,"×")="×","×","") | E12: =IF(IFERROR(原始数据!F12,"×")="×","×","") | F12: =IF(IFERROR(原始数据!G12,"×")="×","×","") | G12: =IF(IFERROR(原始数据!H12,"×")="×","×","") | H12: =IF(IFERROR(原始数据!I12,"×")="×","×","") | ... T12: =IF(IFERROR(原始数据!U12,"×")="×","×","") | U12: {=IF(原始数据!V12="-","",IF(原始数据!V12="","",IF(COUNT(FIND(原始数据!V12,原始数据!12:12))=2,"×","")))} | V12: {=IF(原始数据!W12="-","",IF(原始数据!W12="","",IF(COUNT(FIND(原始数据!W12,原始数据!12:12))=2,"×","")))} | W12: =IF(原始数据!X12="","",IF(COUNTIF(原始数据!12:12,原始数据!X12)>1,"×","")) | X12: =IF(原始数据!Y12="","",IF(COUNTIF(原始数据!12:12,原始数据!Y12)>1,"×","")) | Y12: =IF(原始数据!Z12="","",IF(COUNTIF(原始数据!12:12,原始数据!Z12)>1,"×","")) | Z12: =IF(原始数据!AA12="","",IF(COUNTIF(原始数据!12:12,原始数据!AA12)>1,"×","")) | AA12: =IF(原始数据!AB12="","",IF(COUNTIF(原始数据!12:12,原始数据!AB12)>1,"×","")) | AB12: =IF(原始数据!AC12="","",IF(COUNTIF(原始数据!12:12,原始数据!AC12)>1,"×","")) | AC12: =IF(原始数据!AD12="","",IF(COUNTIF(原始数据!12:12,原始数据!AD12)>1,"×","")) | AD12: =IF(原始数据!AE12="","",IF(COUNTIF(原始数据!12:12,原始数据!AE12)>1,"×","")) | ... AN12: =IF(原始数据!AO12="","",IF(COUNTIF(原始数据!12:12,原始数据!AO12)>1,"×",""))
A13: =IF(IFERROR(原始数据!B13,"×")="×","×","") | B13: =IF(IFERROR(原始数据!C13,"×")="×","×","") | C13: =IF(IFERROR(原始数据!D13,"×")="×","×","") | D13: =IF(IFERROR(原始数据!E13,"×")="×","×","") | E13: =IF(IFERROR(原始数据!F13,"×")="×","×","") | F13: =IF(IFERROR(原始数据!G13,"×")="×","×","") | G13: =IF(IFERROR(原始数据!H13,"×")="×","×","") | H13: =IF(IFERROR(原始数据!I13,"×")="×","×","") | ... T13: =IF(IFERROR(原始数据!U13,"×")="×","×","") | U13: {=IF(原始数据!V13="-","",IF(原始数据!V13="","",IF(COUNT(FIND(原始数据!V13,原始数据!13:13))=2,"×","")))} | V13: {=IF(原始数据!W13="-","",IF(原始数据!W13="","",IF(COUNT(FIND(原始数据!W13,原始数据!13:13))=2,"×","")))} | W13: =IF(原始数据!X13="","",IF(COUNTIF(原始数据!13:13,原始数据!X13)>1,"×","")) | X13: =IF(原始数据!Y13="","",IF(COUNTIF(原始数据!13:13,原始数据!Y13)>1,"×","")) | Y13: =IF(原始数据!Z13="","",IF(COUNTIF(原始数据!13:13,原始数据!Z13)>1,"×","")) | Z13: =IF(原始数据!AA13="","",IF(COUNTIF(原始数据!13:13,原始数据!AA13)>1,"×","")) | AA13: =IF(原始数据!AB13="","",IF(COUNTIF(原始数据!13:13,原始数据!AB13)>1,"×","")) | AB13: =IF(原始数据!AC13="","",IF(COUNTIF(原始数据!13:13,原始数据!AC13)>1,"×","")) | AC13: =IF(原始数据!AD13="","",IF(COUNTIF(原始数据!13:13,原始数据!AD13)>1,"×","")) | AD13: =IF(原始数据!AE13="","",IF(COUNTIF(原始数据!13:13,原始数据!AE13)>1,"×","")) | ... AN13: =IF(原始数据!AO13="","",IF(COUNTIF(原始数据!13:13,原始数据!AO13)>1,"×",""))
A14: =IF(IFERROR(原始数据!B14,"×")="×","×","") | B14: =IF(IFERROR(原始数据!C14,"×")="×","×","") | C14: =IF(IFERROR(原始数据!D14,"×")="×","×","") | D14: =IF(IFERROR(原始数据!E14,"×")="×","×","") | E14: =IF(IFERROR(原始数据!F14,"×")="×","×","") | F14: =IF(IFERROR(原始数据!G14,"×")="×","×","") | G14: =IF(IFERROR(原始数据!H14,"×")="×","×","") | H14: =IF(IFERROR(原始数据!I14,"×")="×","×","") | ... T14: =IF(IFERROR(原始数据!U14,"×")="×","×","") | U14: {=IF(原始数据!V14="-","",IF(原始数据!V14="","",IF(COUNT(FIND(原始数据!V14,原始数据!14:14))=2,"×","")))} | V14: {=IF(原始数据!W14="-","",IF(原始数据!W14="","",IF(COUNT(FIND(原始数据!W14,原始数据!14:14))=2,"×","")))} | W14: =IF(原始数据!X14="","",IF(COUNTIF(原始数据!14:14,原始数据!X14)>1,"×","")) | X14: =IF(原始数据!Y14="","",IF(COUNTIF(原始数据!14:14,原始数据!Y14)>1,"×","")) | Y14: =IF(原始数据!Z14="","",IF(COUNTIF(原始数据!14:14,原始数据!Z14)>1,"×","")) | Z14: =IF(原始数据!AA14="","",IF(COUNTIF(原始数据!14:14,原始数据!AA14)>1,"×","")) | AA14: =IF(原始数据!AB14="","",IF(COUNTIF(原始数据!14:14,原始数据!AB14)>1,"×","")) | AB14: =IF(原始数据!AC14="","",IF(COUNTIF(原始数据!14:14,原始数据!AC14)>1,"×","")) | AC14: =IF(原始数据!AD14="","",IF(COUNTIF(原始数据!14:14,原始数据!AD14)>1,"×","")) | AD14: =IF(原始数据!AE14="","",IF(COUNTIF(原始数据!14:14,原始数据!AE14)>1,"×","")) | ... AN14: =IF(原始数据!AO14="","",IF(COUNTIF(原始数据!14:14,原始数据!AO14)>1,"×",""))
A15: =IF(IFERROR(原始数据!B15,"×")="×","×","") | B15: =IF(IFERROR(原始数据!C15,"×")="×","×","") | C15: =IF(IFERROR(原始数据!D15,"×")="×","×","") | D15: =IF(IFERROR(原始数据!E15,"×")="×","×","") | E15: =IF(IFERROR(原始数据!F15,"×")="×","×","") | F15: =IF(IFERROR(原始数据!G15,"×")="×","×","") | G15: =IF(IFERROR(原始数据!H15,"×")="×","×","") | H15: =IF(IFERROR(原始数据!I15,"×")="×","×","") | ... T15: =IF(IFERROR(原始数据!U15,"×")="×","×","") | U15: {=IF(原始数据!V15="-","",IF(原始数据!V15="","",IF(COUNT(FIND(原始数据!V15,原始数据!15:15))=2,"×","")))} | V15: {=IF(原始数据!W15="-","",IF(原始数据!W15="","",IF(COUNT(FIND(原始数据!W15,原始数据!15:15))=2,"×","")))} | W15: =IF(原始数据!X15="","",IF(COUNTIF(原始数据!15:15,原始数据!X15)>1,"×","")) | X15: =IF(原始数据!Y15="","",IF(COUNTIF(原始数据!15:15,原始数据!Y15)>1,"×","")) | Y15: =IF(原始数据!Z15="","",IF(COUNTIF(原始数据!15:15,原始数据!Z15)>1,"×","")) | Z15: =IF(原始数据!AA15="","",IF(COUNTIF(原始数据!15:15,原始数据!AA15)>1,"×","")) | AA15: =IF(原始数据!AB15="","",IF(COUNTIF(原始数据!15:15,原始数据!AB15)>1,"×","")) | AB15: =IF(原始数据!AC15="","",IF(COUNTIF(原始数据!15:15,原始数据!AC15)>1,"×","")) | AC15: =IF(原始数据!AD15="","",IF(COUNTIF(原始数据!15:15,原始数据!AD15)>1,"×","")) | AD15: =IF(原始数据!AE15="","",IF(COUNTIF(原始数据!15:15,原始数据!AE15)>1,"×","")) | ... AN15: =IF(原始数据!AO15="","",IF(COUNTIF(原始数据!15:15,原始数据!AO15)>1,"×",""))
A16: =IF(IFERROR(原始数据!B16,"×")="×","×","") | B16: =IF(IFERROR(原始数据!C16,"×")="×","×","") | C16: =IF(IFERROR(原始数据!D16,"×")="×","×","") | D16: =IF(IFERROR(原始数据!E16,"×")="×","×","") | E16: =IF(IFERROR(原始数据!F16,"×")="×","×","") | F16: =IF(IFERROR(原始数据!G16,"×")="×","×","") | G16: =IF(IFERROR(原始数据!H16,"×")="×","×","") | H16: =IF(IFERROR(原始数据!I16,"×")="×","×","") | ... T16: =IF(IFERROR(原始数据!U16,"×")="×","×","") | U16: {=IF(原始数据!V16="-","",IF(原始数据!V16="","",IF(COUNT(FIND(原始数据!V16,原始数据!16:16))=2,"×","")))} | V16: {=IF(原始数据!W16="-","",IF(原始数据!W16="","",IF(COUNT(FIND(原始数据!W16,原始数据!16:16))=2,"×","")))} | W16: =IF(原始数据!X16="","",IF(COUNTIF(原始数据!16:16,原始数据!X16)>1,"×","")) | X16: =IF(原始数据!Y16="","",IF(COUNTIF(原始数据!16:16,原始数据!Y16)>1,"×","")) | Y16: =IF(原始数据!Z16="","",IF(COUNTIF(原始数据!16:16,原始数据!Z16)>1,"×","")) | Z16: =IF(原始数据!AA16="","",IF(COUNTIF(原始数据!16:16,原始数据!AA16)>1,"×","")) | AA16: =IF(原始数据!AB16="","",IF(COUNTIF(原始数据!16:16,原始数据!AB16)>1,"×","")) | AB16: =IF(原始数据!AC16="","",IF(COUNTIF(原始数据!16:16,原始数据!AC16)>1,"×","")) | AC16: =IF(原始数据!AD16="","",IF(COUNTIF(原始数据!16:16,原始数据!AD16)>1,"×","")) | AD16: =IF(原始数据!AE16="","",IF(COUNTIF(原始数据!16:16,原始数据!AE16)>1,"×","")) | ... AN16: =IF(原始数据!AO16="","",IF(COUNTIF(原始数据!16:16,原始数据!AO16)>1,"×",""))
A17: =IF(IFERROR(原始数据!B17,"×")="×","×","") | B17: =IF(IFERROR(原始数据!C17,"×")="×","×","") | C17: =IF(IFERROR(原始数据!D17,"×")="×","×","") | D17: =IF(IFERROR(原始数据!E17,"×")="×","×","") | E17: =IF(IFERROR(原始数据!F17,"×")="×","×","") | F17: =IF(IFERROR(原始数据!G17,"×")="×","×","") | G17: =IF(IFERROR(原始数据!H17,"×")="×","×","") | H17: =IF(IFERROR(原始数据!I17,"×")="×","×","") | ... T17: =IF(IFERROR(原始数据!U17,"×")="×","×","") | U17: {=IF(原始数据!V17="-","",IF(原始数据!V17="","",IF(COUNT(FIND(原始数据!V17,原始数据!17:17))=2,"×","")))} | V17: {=IF(原始数据!W17="-","",IF(原始数据!W17="","",IF(COUNT(FIND(原始数据!W17,原始数据!17:17))=2,"×","")))} | W17: =IF(原始数据!X17="","",IF(COUNTIF(原始数据!17:17,原始数据!X17)>1,"×","")) | X17: =IF(原始数据!Y17="","",IF(COUNTIF(原始数据!17:17,原始数据!Y17)>1,"×","")) | Y17: =IF(原始数据!Z17="","",IF(COUNTIF(原始数据!17:17,原始数据!Z17)>1,"×","")) | Z17: =IF(原始数据!AA17="","",IF(COUNTIF(原始数据!17:17,原始数据!AA17)>1,"×","")) | AA17: =IF(原始数据!AB17="","",IF(COUNTIF(原始数据!17:17,原始数据!AB17)>1,"×","")) | AB17: =IF(原始数据!AC17="","",IF(COUNTIF(原始数据!17:17,原始数据!AC17)>1,"×","")) | AC17: =IF(原始数据!AD17="","",IF(COUNTIF(原始数据!17:17,原始数据!AD17)>1,"×","")) | AD17: =IF(原始数据!AE17="","",IF(COUNTIF(原始数据!17:17,原始数据!AE17)>1,"×","")) | ... AN17: =IF(原始数据!AO17="","",IF(COUNTIF(原始数据!17:17,原始数据!AO17)>1,"×",""))
A18: =IF(IFERROR(原始数据!B18,"×")="×","×","") | B18: =IF(IFERROR(原始数据!C18,"×")="×","×","") | C18: =IF(IFERROR(原始数据!D18,"×")="×","×","") | D18: =IF(IFERROR(原始数据!E18,"×")="×","×","") | E18: =IF(IFERROR(原始数据!F18,"×")="×","×","") | F18: =IF(IFERROR(原始数据!G18,"×")="×","×","") | G18: =IF(IFERROR(原始数据!H18,"×")="×","×","") | H18: =IF(IFERROR(原始数据!I18,"×")="×","×","") | ... T18: =IF(IFERROR(原始数据!U18,"×")="×","×","") | U18: {=IF(原始数据!V18="-","",IF(原始数据!V18="","",IF(COUNT(FIND(原始数据!V18,原始数据!18:18))=2,"×","")))} | V18: {=IF(原始数据!W18="-","",IF(原始数据!W18="","",IF(COUNT(FIND(原始数据!W18,原始数据!18:18))=2,"×","")))} | W18: =IF(原始数据!X18="","",IF(COUNTIF(原始数据!18:18,原始数据!X18)>1,"×","")) | X18: =IF(原始数据!Y18="","",IF(COUNTIF(原始数据!18:18,原始数据!Y18)>1,"×","")) | Y18: =IF(原始数据!Z18="","",IF(COUNTIF(原始数据!18:18,原始数据!Z18)>1,"×","")) | Z18: =IF(原始数据!AA18="","",IF(COUNTIF(原始数据!18:18,原始数据!AA18)>1,"×","")) | AA18: =IF(原始数据!AB18="","",IF(COUNTIF(原始数据!18:18,原始数据!AB18)>1,"×","")) | AB18: =IF(原始数据!AC18="","",IF(COUNTIF(原始数据!18:18,原始数据!AC18)>1,"×","")) | AC18: =IF(原始数据!AD18="","",IF(COUNTIF(原始数据!18:18,原始数据!AD18)>1,"×","")) | AD18: =IF(原始数据!AE18="","",IF(COUNTIF(原始数据!18:18,原始数据!AE18)>1,"×","")) | ... AN18: =IF(原始数据!AO18="","",IF(COUNTIF(原始数据!18:18,原始数据!AO18)>1,"×",""))
A19: =IF(IFERROR(原始数据!B19,"×")="×","×","") | B19: =IF(IFERROR(原始数据!C19,"×")="×","×","") | C19: =IF(IFERROR(原始数据!D19,"×")="×","×","") | D19: =IF(IFERROR(原始数据!E19,"×")="×","×","") | E19: =IF(IFERROR(原始数据!F19,"×")="×","×","") | F19: =IF(IFERROR(原始数据!G19,"×")="×","×","") | G19: =IF(IFERROR(原始数据!H19,"×")="×","×","") | H19: =IF(IFERROR(原始数据!I19,"×")="×","×","") | ... T19: =IF(IFERROR(原始数据!U19,"×")="×","×","") | U19: {=IF(原始数据!V19="-","",IF(原始数据!V19="","",IF(COUNT(FIND(原始数据!V19,原始数据!19:19))=2,"×","")))} | V19: {=IF(原始数据!W19="-","",IF(原始数据!W19="","",IF(COUNT(FIND(原始数据!W19,原始数据!19:19))=2,"×","")))} | W19: =IF(原始数据!X19="","",IF(COUNTIF(原始数据!19:19,原始数据!X19)>1,"×","")) | X19: =IF(原始数据!Y19="","",IF(COUNTIF(原始数据!19:19,原始数据!Y19)>1,"×","")) | Y19: =IF(原始数据!Z19="","",IF(COUNTIF(原始数据!19:19,原始数据!Z19)>1,"×","")) | Z19: =IF(原始数据!AA19="","",IF(COUNTIF(原始数据!19:19,原始数据!AA19)>1,"×","")) | AA19: =IF(原始数据!AB19="","",IF(COUNTIF(原始数据!19:19,原始数据!AB19)>1,"×","")) | AB19: =IF(原始数据!AC19="","",IF(COUNTIF(原始数据!19:19,原始数据!AC19)>1,"×","")) | AC19: =IF(原始数据!AD19="","",IF(COUNTIF(原始数据!19:19,原始数据!AD19)>1,"×","")) | AD19: =IF(原始数据!AE19="","",IF(COUNTIF(原始数据!19:19,原始数据!AE19)>1,"×","")) | ... AN19: =IF(原始数据!AO19="","",IF(COUNTIF(原始数据!19:19,原始数据!AO19)>1,"×",""))
A20: =IF(IFERROR(原始数据!B20,"×")="×","×","") | B20: =IF(IFERROR(原始数据!C20,"×")="×","×","") | C20: =IF(IFERROR(原始数据!D20,"×")="×","×","") | D20: =IF(IFERROR(原始数据!E20,"×")="×","×","") | E20: =IF(IFERROR(原始数据!F20,"×")="×","×","") | F20: =IF(IFERROR(原始数据!G20,"×")="×","×","") | G20: =IF(IFERROR(原始数据!H20,"×")="×","×","") | H20: =IF(IFERROR(原始数据!I20,"×")="×","×","") | ... T20: =IF(IFERROR(原始数据!U20,"×")="×","×","") | U20: {=IF(原始数据!V20="-","",IF(原始数据!V20="","",IF(COUNT(FIND(原始数据!V20,原始数据!20:20))=2,"×","")))} | V20: {=IF(原始数据!W20="-","",IF(原始数据!W20="","",IF(COUNT(FIND(原始数据!W20,原始数据!20:20))=2,"×","")))} | W20: =IF(原始数据!X20="","",IF(COUNTIF(原始数据!20:20,原始数据!X20)>1,"×","")) | X20: =IF(原始数据!Y20="","",IF(COUNTIF(原始数据!20:20,原始数据!Y20)>1,"×","")) | Y20: =IF(原始数据!Z20="","",IF(COUNTIF(原始数据!20:20,原始数据!Z20)>1,"×","")) | Z20: =IF(原始数据!AA20="","",IF(COUNTIF(原始数据!20:20,原始数据!AA20)>1,"×","")) | AA20: =IF(原始数据!AB20="","",IF(COUNTIF(原始数据!20:20,原始数据!AB20)>1,"×","")) | AB20: =IF(原始数据!AC20="","",IF(COUNTIF(原始数据!20:20,原始数据!AC20)>1,"×","")) | AC20: =IF(原始数据!AD20="","",IF(COUNTIF(原始数据!20:20,原始数据!AD20)>1,"×","")) | AD20: =IF(原始数据!AE20="","",IF(COUNTIF(原始数据!20:20,原始数据!AE20)>1,"×","")) | ... AN20: =IF(原始数据!AO20="","",IF(COUNTIF(原始数据!20:20,原始数据!AO20)>1,"×",""))
A21: =IF(IFERROR(原始数据!B21,"×")="×","×","") | B21: =IF(IFERROR(原始数据!C21,"×")="×","×","") | C21: =IF(IFERROR(原始数据!D21,"×")="×","×","") | D21: =IF(IFERROR(原始数据!E21,"×")="×","×","") | E21: =IF(IFERROR(原始数据!F21,"×")="×","×","") | F21: =IF(IFERROR(原始数据!G21,"×")="×","×","") | G21: =IF(IFERROR(原始数据!H21,"×")="×","×","") | H21: =IF(IFERROR(原始数据!I21,"×")="×","×","") | ... T21: =IF(IFERROR(原始数据!U21,"×")="×","×","") | U21: {=IF(原始数据!V21="-","",IF(原始数据!V21="","",IF(COUNT(FIND(原始数据!V21,原始数据!21:21))=2,"×","")))} | V21: {=IF(原始数据!W21="-","",IF(原始数据!W21="","",IF(COUNT(FIND(原始数据!W21,原始数据!21:21))=2,"×","")))} | W21: =IF(原始数据!X21="","",IF(COUNTIF(原始数据!21:21,原始数据!X21)>1,"×","")) | X21: =IF(原始数据!Y21="","",IF(COUNTIF(原始数据!21:21,原始数据!Y21)>1,"×","")) | Y21: =IF(原始数据!Z21="","",IF(COUNTIF(原始数据!21:21,原始数据!Z21)>1,"×","")) | Z21: =IF(原始数据!AA21="","",IF(COUNTIF(原始数据!21:21,原始数据!AA21)>1,"×","")) | AA21: =IF(原始数据!AB21="","",IF(COUNTIF(原始数据!21:21,原始数据!AB21)>1,"×","")) | AB21: =IF(原始数据!AC21="","",IF(COUNTIF(原始数据!21:21,原始数据!AC21)>1,"×","")) | AC21: =IF(原始数据!AD21="","",IF(COUNTIF(原始数据!21:21,原始数据!AD21)>1,"×","")) | AD21: =IF(原始数据!AE21="","",IF(COUNTIF(原始数据!21:21,原始数据!AE21)>1,"×","")) | ... AN21: =IF(原始数据!AO21="","",IF(COUNTIF(原始数据!21:21,原始数据!AO21)>1,"×",""))
A22: =IF(IFERROR(原始数据!B22,"×")="×","×","") | B22: =IF(IFERROR(原始数据!C22,"×")="×","×","") | C22: =IF(IFERROR(原始数据!D22,"×")="×","×","") | D22: =IF(IFERROR(原始数据!E22,"×")="×","×","") | E22: =IF(IFERROR(原始数据!F22,"×")="×","×","") | F22: =IF(IFERROR(原始数据!G22,"×")="×","×","") | G22: =IF(IFERROR(原始数据!H22,"×")="×","×","") | H22: =IF(IFERROR(原始数据!I22,"×")="×","×","") | ... T22: =IF(IFERROR(原始数据!U22,"×")="×","×","") | U22: {=IF(原始数据!V22="-","",IF(原始数据!V22="","",IF(COUNT(FIND(原始数据!V22,原始数据!22:22))=2,"×","")))} | V22: {=IF(原始数据!W22="-","",IF(原始数据!W22="","",IF(COUNT(FIND(原始数据!W22,原始数据!22:22))=2,"×","")))} | W22: =IF(原始数据!X22="","",IF(COUNTIF(原始数据!22:22,原始数据!X22)>1,"×","")) | X22: =IF(原始数据!Y22="","",IF(COUNTIF(原始数据!22:22,原始数据!Y22)>1,"×","")) | Y22: =IF(原始数据!Z22="","",IF(COUNTIF(原始数据!22:22,原始数据!Z22)>1,"×","")) | Z22: =IF(原始数据!AA22="","",IF(COUNTIF(原始数据!22:22,原始数据!AA22)>1,"×","")) | AA22: =IF(原始数据!AB22="","",IF(COUNTIF(原始数据!22:22,原始数据!AB22)>1,"×","")) | AB22: =IF(原始数据!AC22="","",IF(COUNTIF(原始数据!22:22,原始数据!AC22)>1,"×","")) | AC22: =IF(原始数据!AD22="","",IF(COUNTIF(原始数据!22:22,原始数据!AD22)>1,"×","")) | AD22: =IF(原始数据!AE22="","",IF(COUNTIF(原始数据!22:22,原始数据!AE22)>1,"×","")) | ... AN22: =IF(原始数据!AO22="","",IF(COUNTIF(原始数据!22:22,原始数据!AO22)>1,"×",""))
A23: =IF(IFERROR(原始数据!B23,"×")="×","×","") | B23: =IF(IFERROR(原始数据!C23,"×")="×","×","") | C23: =IF(IFERROR(原始数据!D23,"×")="×","×","") | D23: =IF(IFERROR(原始数据!E23,"×")="×","×","") | E23: =IF(IFERROR(原始数据!F23,"×")="×","×","") | F23: =IF(IFERROR(原始数据!G23,"×")="×","×","") | G23: =IF(IFERROR(原始数据!H23,"×")="×","×","") | H23: =IF(IFERROR(原始数据!I23,"×")="×","×","") | ... T23: =IF(IFERROR(原始数据!U23,"×")="×","×","") | U23: {=IF(原始数据!V23="-","",IF(原始数据!V23="","",IF(COUNT(FIND(原始数据!V23,原始数据!23:23))=2,"×","")))} | V23: {=IF(原始数据!W23="-","",IF(原始数据!W23="","",IF(COUNT(FIND(原始数据!W23,原始数据!23:23))=2,"×","")))} | W23: =IF(原始数据!X23="","",IF(COUNTIF(原始数据!23:23,原始数据!X23)>1,"×","")) | X23: =IF(原始数据!Y23="","",IF(COUNTIF(原始数据!23:23,原始数据!Y23)>1,"×","")) | Y23: =IF(原始数据!Z23="","",IF(COUNTIF(原始数据!23:23,原始数据!Z23)>1,"×","")) | Z23: =IF(原始数据!AA23="","",IF(COUNTIF(原始数据!23:23,原始数据!AA23)>1,"×","")) | AA23: =IF(原始数据!AB23="","",IF(COUNTIF(原始数据!23:23,原始数据!AB23)>1,"×","")) | AB23: =IF(原始数据!AC23="","",IF(COUNTIF(原始数据!23:23,原始数据!AC23)>1,"×","")) | AC23: =IF(原始数据!AD23="","",IF(COUNTIF(原始数据!23:23,原始数据!AD23)>1,"×","")) | AD23: =IF(原始数据!AE23="","",IF(COUNTIF(原始数据!23:23,原始数据!AE23)>1,"×","")) | ... AN23: =IF(原始数据!AO23="","",IF(COUNTIF(原始数据!23:23,原始数据!AO23)>1,"×",""))
A24: =IF(IFERROR(原始数据!B24,"×")="×","×","") | B24: =IF(IFERROR(原始数据!C24,"×")="×","×","") | C24: =IF(IFERROR(原始数据!D24,"×")="×","×","") | D24: =IF(IFERROR(原始数据!E24,"×")="×","×","") | E24: =IF(IFERROR(原始数据!F24,"×")="×","×","") | F24: =IF(IFERROR(原始数据!G24,"×")="×","×","") | G24: =IF(IFERROR(原始数据!H24,"×")="×","×","") | H24: =IF(IFERROR(原始数据!I24,"×")="×","×","") | ... T24: =IF(IFERROR(原始数据!U24,"×")="×","×","") | U24: {=IF(原始数据!V24="-","",IF(原始数据!V24="","",IF(COUNT(FIND(原始数据!V24,原始数据!24:24))=2,"×","")))} | V24: {=IF(原始数据!W24="-","",IF(原始数据!W24="","",IF(COUNT(FIND(原始数据!W24,原始数据!24:24))=2,"×","")))} | W24: =IF(原始数据!X24="","",IF(COUNTIF(原始数据!24:24,原始数据!X24)>1,"×","")) | X24: =IF(原始数据!Y24="","",IF(COUNTIF(原始数据!24:24,原始数据!Y24)>1,"×","")) | Y24: =IF(原始数据!Z24="","",IF(COUNTIF(原始数据!24:24,原始数据!Z24)>1,"×","")) | Z24: =IF(原始数据!AA24="","",IF(COUNTIF(原始数据!24:24,原始数据!AA24)>1,"×","")) | AA24: =IF(原始数据!AB24="","",IF(COUNTIF(原始数据!24:24,原始数据!AB24)>1,"×","")) | AB24: =IF(原始数据!AC24="","",IF(COUNTIF(原始数据!24:24,原始数据!AC24)>1,"×","")) | AC24: =IF(原始数据!AD24="","",IF(COUNTIF(原始数据!24:24,原始数据!AD24)>1,"×","")) | AD24: =IF(原始数据!AE24="","",IF(COUNTIF(原始数据!24:24,原始数据!AE24)>1,"×","")) | ... AN24: =IF(原始数据!AO24="","",IF(COUNTIF(原始数据!24:24,原始数据!AO24)>1,"×",""))
A25: =IF(IFERROR(原始数据!B25,"×")="×","×","") | B25: =IF(IFERROR(原始数据!C25,"×")="×","×","") | C25: =IF(IFERROR(原始数据!D25,"×")="×","×","") | D25: =IF(IFERROR(原始数据!E25,"×")="×","×","") | E25: =IF(IFERROR(原始数据!F25,"×")="×","×","") | F25: =IF(IFERROR(原始数据!G25,"×")="×","×","") | G25: =IF(IFERROR(原始数据!H25,"×")="×","×","") | H25: =IF(IFERROR(原始数据!I25,"×")="×","×","") | ... T25: =IF(IFERROR(原始数据!U25,"×")="×","×","") | U25: {=IF(原始数据!V25="-","",IF(原始数据!V25="","",IF(COUNT(FIND(原始数据!V25,原始数据!25:25))=2,"×","")))} | V25: {=IF(原始数据!W25="-","",IF(原始数据!W25="","",IF(COUNT(FIND(原始数据!W25,原始数据!25:25))=2,"×","")))} | W25: =IF(原始数据!X25="","",IF(COUNTIF(原始数据!25:25,原始数据!X25)>1,"×","")) | X25: =IF(原始数据!Y25="","",IF(COUNTIF(原始数据!25:25,原始数据!Y25)>1,"×","")) | Y25: =IF(原始数据!Z25="","",IF(COUNTIF(原始数据!25:25,原始数据!Z25)>1,"×","")) | Z25: =IF(原始数据!AA25="","",IF(COUNTIF(原始数据!25:25,原始数据!AA25)>1,"×","")) | AA25: =IF(原始数据!AB25="","",IF(COUNTIF(原始数据!25:25,原始数据!AB25)>1,"×","")) | AB25: =IF(原始数据!AC25="","",IF(COUNTIF(原始数据!25:25,原始数据!AC25)>1,"×","")) | AC25: =IF(原始数据!AD25="","",IF(COUNTIF(原始数据!25:25,原始数据!AD25)>1,"×","")) | AD25: =IF(原始数据!AE25="","",IF(COUNTIF(原始数据!25:25,原始数据!AE25)>1,"×","")) | ... AN25: =IF(原始数据!AO25="","",IF(COUNTIF(原始数据!25:25,原始数据!AO25)>1,"×",""))
A26: =IF(IFERROR(原始数据!B26,"×")="×","×","") | B26: =IF(IFERROR(原始数据!C26,"×")="×","×","") | C26: =IF(IFERROR(原始数据!D26,"×")="×","×","") | D26: =IF(IFERROR(原始数据!E26,"×")="×","×","") | E26: =IF(IFERROR(原始数据!F26,"×")="×","×","") | F26: =IF(IFERROR(原始数据!G26,"×")="×","×","") | G26: =IF(IFERROR(原始数据!H26,"×")="×","×","") | H26: =IF(IFERROR(原始数据!I26,"×")="×","×","") | ... T26: =IF(IFERROR(原始数据!U26,"×")="×","×","") | U26: {=IF(原始数据!V26="-","",IF(原始数据!V26="","",IF(COUNT(FIND(原始数据!V26,原始数据!26:26))=2,"×","")))} | V26: {=IF(原始数据!W26="-","",IF(原始数据!W26="","",IF(COUNT(FIND(原始数据!W26,原始数据!26:26))=2,"×","")))} | W26: =IF(原始数据!X26="","",IF(COUNTIF(原始数据!26:26,原始数据!X26)>1,"×","")) | X26: =IF(原始数据!Y26="","",IF(COUNTIF(原始数据!26:26,原始数据!Y26)>1,"×","")) | Y26: =IF(原始数据!Z26="","",IF(COUNTIF(原始数据!26:26,原始数据!Z26)>1,"×","")) | Z26: =IF(原始数据!AA26="","",IF(COUNTIF(原始数据!26:26,原始数据!AA26)>1,"×","")) | AA26: =IF(原始数据!AB26="","",IF(COUNTIF(原始数据!26:26,原始数据!AB26)>1,"×","")) | AB26: =IF(原始数据!AC26="","",IF(COUNTIF(原始数据!26:26,原始数据!AC26)>1,"×","")) | AC26: =IF(原始数据!AD26="","",IF(COUNTIF(原始数据!26:26,原始数据!AD26)>1,"×","")) | AD26: =IF(原始数据!AE26="","",IF(COUNTIF(原始数据!26:26,原始数据!AE26)>1,"×","")) | ... AN26: =IF(原始数据!AO26="","",IF(COUNTIF(原始数据!26:26,原始数据!AO26)>1,"×",""))
A27: =IF(IFERROR(原始数据!B27,"×")="×","×","") | B27: =IF(IFERROR(原始数据!C27,"×")="×","×","") | C27: =IF(IFERROR(原始数据!D27,"×")="×","×","") | D27: =IF(IFERROR(原始数据!E27,"×")="×","×","") | E27: =IF(IFERROR(原始数据!F27,"×")="×","×","") | F27: =IF(IFERROR(原始数据!G27,"×")="×","×","") | G27: =IF(IFERROR(原始数据!H27,"×")="×","×","") | H27: =IF(IFERROR(原始数据!I27,"×")="×","×","") | ... T27: =IF(IFERROR(原始数据!U27,"×")="×","×","") | U27: {=IF(原始数据!V27="-","",IF(原始数据!V27="","",IF(COUNT(FIND(原始数据!V27,原始数据!27:27))=2,"×","")))} | V27: {=IF(原始数据!W27="-","",IF(原始数据!W27="","",IF(COUNT(FIND(原始数据!W27,原始数据!27:27))=2,"×","")))} | W27: =IF(原始数据!X27="","",IF(COUNTIF(原始数据!27:27,原始数据!X27)>1,"×","")) | X27: =IF(原始数据!Y27="","",IF(COUNTIF(原始数据!27:27,原始数据!Y27)>1,"×","")) | Y27: =IF(原始数据!Z27="","",IF(COUNTIF(原始数据!27:27,原始数据!Z27)>1,"×","")) | Z27: =IF(原始数据!AA27="","",IF(COUNTIF(原始数据!27:27,原始数据!AA27)>1,"×","")) | AA27: =IF(原始数据!AB27="","",IF(COUNTIF(原始数据!27:27,原始数据!AB27)>1,"×","")) | AB27: =IF(原始数据!AC27="","",IF(COUNTIF(原始数据!27:27,原始数据!AC27)>1,"×","")) | AC27: =IF(原始数据!AD27="","",IF(COUNTIF(原始数据!27:27,原始数据!AD27)>1,"×","")) | AD27: =IF(原始数据!AE27="","",IF(COUNTIF(原始数据!27:27,原始数据!AE27)>1,"×","")) | ... AN27: =IF(原始数据!AO27="","",IF(COUNTIF(原始数据!27:27,原始数据!AO27)>1,"×",""))
A28: =IF(IFERROR(原始数据!B28,"×")="×","×","") | B28: =IF(IFERROR(原始数据!C28,"×")="×","×","") | C28: =IF(IFERROR(原始数据!D28,"×")="×","×","") | D28: =IF(IFERROR(原始数据!E28,"×")="×","×","") | E28: =IF(IFERROR(原始数据!F28,"×")="×","×","") | F28: =IF(IFERROR(原始数据!G28,"×")="×","×","") | G28: =IF(IFERROR(原始数据!H28,"×")="×","×","") | H28: =IF(IFERROR(原始数据!I28,"×")="×","×","") | ... T28: =IF(IFERROR(原始数据!U28,"×")="×","×","") | U28: {=IF(原始数据!V28="-","",IF(原始数据!V28="","",IF(COUNT(FIND(原始数据!V28,原始数据!28:28))=2,"×","")))} | V28: {=IF(原始数据!W28="-","",IF(原始数据!W28="","",IF(COUNT(FIND(原始数据!W28,原始数据!28:28))=2,"×","")))} | W28: =IF(原始数据!X28="","",IF(COUNTIF(原始数据!28:28,原始数据!X28)>1,"×","")) | X28: =IF(原始数据!Y28="","",IF(COUNTIF(原始数据!28:28,原始数据!Y28)>1,"×","")) | Y28: =IF(原始数据!Z28="","",IF(COUNTIF(原始数据!28:28,原始数据!Z28)>1,"×","")) | Z28: =IF(原始数据!AA28="","",IF(COUNTIF(原始数据!28:28,原始数据!AA28)>1,"×","")) | AA28: =IF(原始数据!AB28="","",IF(COUNTIF(原始数据!28:28,原始数据!AB28)>1,"×","")) | AB28: =IF(原始数据!AC28="","",IF(COUNTIF(原始数据!28:28,原始数据!AC28)>1,"×","")) | AC28: =IF(原始数据!AD28="","",IF(COUNTIF(原始数据!28:28,原始数据!AD28)>1,"×","")) | AD28: =IF(原始数据!AE28="","",IF(COUNTIF(原始数据!28:28,原始数据!AE28)>1,"×","")) | ... AN28: =IF(原始数据!AO28="","",IF(COUNTIF(原始数据!28:28,原始数据!AO28)>1,"×",""))
A29: =IF(IFERROR(原始数据!B29,"×")="×","×","") | B29: =IF(IFERROR(原始数据!C29,"×")="×","×","") | C29: =IF(IFERROR(原始数据!D29,"×")="×","×","") | D29: =IF(IFERROR(原始数据!E29,"×")="×","×","") | E29: =IF(IFERROR(原始数据!F29,"×")="×","×","") | F29: =IF(IFERROR(原始数据!G29,"×")="×","×","") | G29: =IF(IFERROR(原始数据!H29,"×")="×","×","") | H29: =IF(IFERROR(原始数据!I29,"×")="×","×","") | ... T29: =IF(IFERROR(原始数据!U29,"×")="×","×","") | U29: {=IF(原始数据!V29="-","",IF(原始数据!V29="","",IF(COUNT(FIND(原始数据!V29,原始数据!29:29))=2,"×","")))} | V29: {=IF(原始数据!W29="-","",IF(原始数据!W29="","",IF(COUNT(FIND(原始数据!W29,原始数据!29:29))=2,"×","")))} | W29: =IF(原始数据!X29="","",IF(COUNTIF(原始数据!29:29,原始数据!X29)>1,"×","")) | X29: =IF(原始数据!Y29="","",IF(COUNTIF(原始数据!29:29,原始数据!Y29)>1,"×","")) | Y29: =IF(原始数据!Z29="","",IF(COUNTIF(原始数据!29:29,原始数据!Z29)>1,"×","")) | Z29: =IF(原始数据!AA29="","",IF(COUNTIF(原始数据!29:29,原始数据!AA29)>1,"×","")) | AA29: =IF(原始数据!AB29="","",IF(COUNTIF(原始数据!29:29,原始数据!AB29)>1,"×","")) | AB29: =IF(原始数据!AC29="","",IF(COUNTIF(原始数据!29:29,原始数据!AC29)>1,"×","")) | AC29: =IF(原始数据!AD29="","",IF(COUNTIF(原始数据!29:29,原始数据!AD29)>1,"×","")) | AD29: =IF(原始数据!AE29="","",IF(COUNTIF(原始数据!29:29,原始数据!AE29)>1,"×","")) | ... AN29: =IF(原始数据!AO29="","",IF(COUNTIF(原始数据!29:29,原始数据!AO29)>1,"×",""))
A30: =IF(IFERROR(原始数据!B30,"×")="×","×","") | B30: =IF(IFERROR(原始数据!C30,"×")="×","×","") | C30: =IF(IFERROR(原始数据!D30,"×")="×","×","") | D30: =IF(IFERROR(原始数据!E30,"×")="×","×","") | E30: =IF(IFERROR(原始数据!F30,"×")="×","×","") | F30: =IF(IFERROR(原始数据!G30,"×")="×","×","") | G30: =IF(IFERROR(原始数据!H30,"×")="×","×","") | H30: =IF(IFERROR(原始数据!I30,"×")="×","×","") | ... T30: =IF(IFERROR(原始数据!U30,"×")="×","×","") | U30: {=IF(原始数据!V30="-","",IF(原始数据!V30="","",IF(COUNT(FIND(原始数据!V30,原始数据!30:30))=2,"×","")))} | V30: {=IF(原始数据!W30="-","",IF(原始数据!W30="","",IF(COUNT(FIND(原始数据!W30,原始数据!30:30))=2,"×","")))} | W30: =IF(原始数据!X30="","",IF(COUNTIF(原始数据!30:30,原始数据!X30)>1,"×","")) | X30: =IF(原始数据!Y30="","",IF(COUNTIF(原始数据!30:30,原始数据!Y30)>1,"×","")) | Y30: =IF(原始数据!Z30="","",IF(COUNTIF(原始数据!30:30,原始数据!Z30)>1,"×","")) | Z30: =IF(原始数据!AA30="","",IF(COUNTIF(原始数据!30:30,原始数据!AA30)>1,"×","")) | AA30: =IF(原始数据!AB30="","",IF(COUNTIF(原始数据!30:30,原始数据!AB30)>1,"×","")) | AB30: =IF(原始数据!AC30="","",IF(COUNTIF(原始数据!30:30,原始数据!AC30)>1,"×","")) | AC30: =IF(原始数据!AD30="","",IF(COUNTIF(原始数据!30:30,原始数据!AD30)>1,"×","")) | AD30: =IF(原始数据!AE30="","",IF(COUNTIF(原始数据!30:30,原始数据!AE30)>1,"×","")) | ... AN30: =IF(原始数据!AO30="","",IF(COUNTIF(原始数据!30:30,原始数据!AO30)>1,"×",""))
A31: =IF(IFERROR(原始数据!B31,"×")="×","×","") | B31: =IF(IFERROR(原始数据!C31,"×")="×","×","") | C31: =IF(IFERROR(原始数据!D31,"×")="×","×","") | D31: =IF(IFERROR(原始数据!E31,"×")="×","×","") | E31: =IF(IFERROR(原始数据!F31,"×")="×","×","") | F31: =IF(IFERROR(原始数据!G31,"×")="×","×","") | G31: =IF(IFERROR(原始数据!H31,"×")="×","×","") | H31: =IF(IFERROR(原始数据!I31,"×")="×","×","") | ... T31: =IF(IFERROR(原始数据!U31,"×")="×","×","") | U31: {=IF(原始数据!V31="-","",IF(原始数据!V31="","",IF(COUNT(FIND(原始数据!V31,原始数据!31:31))=2,"×","")))} | V31: {=IF(原始数据!W31="-","",IF(原始数据!W31="","",IF(COUNT(FIND(原始数据!W31,原始数据!31:31))=2,"×","")))} | W31: =IF(原始数据!X31="","",IF(COUNTIF(原始数据!31:31,原始数据!X31)>1,"×","")) | X31: =IF(原始数据!Y31="","",IF(COUNTIF(原始数据!31:31,原始数据!Y31)>1,"×","")) | Y31: =IF(原始数据!Z31="","",IF(COUNTIF(原始数据!31:31,原始数据!Z31)>1,"×","")) | Z31: =IF(原始数据!AA31="","",IF(COUNTIF(原始数据!31:31,原始数据!AA31)>1,"×","")) | AA31: =IF(原始数据!AB31="","",IF(COUNTIF(原始数据!31:31,原始数据!AB31)>1,"×","")) | AB31: =IF(原始数据!AC31="","",IF(COUNTIF(原始数据!31:31,原始数据!AC31)>1,"×","")) | AC31: =IF(原始数据!AD31="","",IF(COUNTIF(原始数据!31:31,原始数据!AD31)>1,"×","")) | AD31: =IF(原始数据!AE31="","",IF(COUNTIF(原始数据!31:31,原始数据!AE31)>1,"×","")) | ... AN31: =IF(原始数据!AO31="","",IF(COUNTIF(原始数据!31:31,原始数据!AO31)>1,"×",""))
A32: =IF(IFERROR(原始数据!B32,"×")="×","×","") | B32: =IF(IFERROR(原始数据!C32,"×")="×","×","") | C32: =IF(IFERROR(原始数据!D32,"×")="×","×","") | D32: =IF(IFERROR(原始数据!E32,"×")="×","×","") | E32: =IF(IFERROR(原始数据!F32,"×")="×","×","") | F32: =IF(IFERROR(原始数据!G32,"×")="×","×","") | G32: =IF(IFERROR(原始数据!H32,"×")="×","×","") | H32: =IF(IFERROR(原始数据!I32,"×")="×","×","") | ... T32: =IF(IFERROR(原始数据!U32,"×")="×","×","") | U32: {=IF(原始数据!V32="-","",IF(原始数据!V32="","",IF(COUNT(FIND(原始数据!V32,原始数据!32:32))=2,"×","")))} | V32: {=IF(原始数据!W32="-","",IF(原始数据!W32="","",IF(COUNT(FIND(原始数据!W32,原始数据!32:32))=2,"×","")))} | W32: =IF(原始数据!X32="","",IF(COUNTIF(原始数据!32:32,原始数据!X32)>1,"×","")) | X32: =IF(原始数据!Y32="","",IF(COUNTIF(原始数据!32:32,原始数据!Y32)>1,"×","")) | Y32: =IF(原始数据!Z32="","",IF(COUNTIF(原始数据!32:32,原始数据!Z32)>1,"×","")) | Z32: =IF(原始数据!AA32="","",IF(COUNTIF(原始数据!32:32,原始数据!AA32)>1,"×","")) | AA32: =IF(原始数据!AB32="","",IF(COUNTIF(原始数据!32:32,原始数据!AB32)>1,"×","")) | AB32: =IF(原始数据!AC32="","",IF(COUNTIF(原始数据!32:32,原始数据!AC32)>1,"×","")) | AC32: =IF(原始数据!AD32="","",IF(COUNTIF(原始数据!32:32,原始数据!AD32)>1,"×","")) | AD32: =IF(原始数据!AE32="","",IF(COUNTIF(原始数据!32:32,原始数据!AE32)>1,"×","")) | ... AN32: =IF(原始数据!AO32="","",IF(COUNTIF(原始数据!32:32,原始数据!AO32)>1,"×",""))
A33: =IF(IFERROR(原始数据!B33,"×")="×","×","") | B33: =IF(IFERROR(原始数据!C33,"×")="×","×","") | C33: =IF(IFERROR(原始数据!D33,"×")="×","×","") | D33: =IF(IFERROR(原始数据!E33,"×")="×","×","") | E33: =IF(IFERROR(原始数据!F33,"×")="×","×","") | F33: =IF(IFERROR(原始数据!G33,"×")="×","×","") | G33: =IF(IFERROR(原始数据!H33,"×")="×","×","") | H33: =IF(IFERROR(原始数据!I33,"×")="×","×","") | ... T33: =IF(IFERROR(原始数据!U33,"×")="×","×","") | U33: {=IF(原始数据!V33="-","",IF(原始数据!V33="","",IF(COUNT(FIND(原始数据!V33,原始数据!33:33))=2,"×","")))} | V33: {=IF(原始数据!W33="-","",IF(原始数据!W33="","",IF(COUNT(FIND(原始数据!W33,原始数据!33:33))=2,"×","")))} | W33: =IF(原始数据!X33="","",IF(COUNTIF(原始数据!33:33,原始数据!X33)>1,"×","")) | X33: =IF(原始数据!Y33="","",IF(COUNTIF(原始数据!33:33,原始数据!Y33)>1,"×","")) | Y33: =IF(原始数据!Z33="","",IF(COUNTIF(原始数据!33:33,原始数据!Z33)>1,"×","")) | Z33: =IF(原始数据!AA33="","",IF(COUNTIF(原始数据!33:33,原始数据!AA33)>1,"×","")) | AA33: =IF(原始数据!AB33="","",IF(COUNTIF(原始数据!33:33,原始数据!AB33)>1,"×","")) | AB33: =IF(原始数据!AC33="","",IF(COUNTIF(原始数据!33:33,原始数据!AC33)>1,"×","")) | AC33: =IF(原始数据!AD33="","",IF(COUNTIF(原始数据!33:33,原始数据!AD33)>1,"×","")) | AD33: =IF(原始数据!AE33="","",IF(COUNTIF(原始数据!33:33,原始数据!AE33)>1,"×","")) | ... AN33: =IF(原始数据!AO33="","",IF(COUNTIF(原始数据!33:33,原始数据!AO33)>1,"×",""))
A34: =IF(IFERROR(原始数据!B34,"×")="×","×","") | B34: =IF(IFERROR(原始数据!C34,"×")="×","×","") | C34: =IF(IFERROR(原始数据!D34,"×")="×","×","") | D34: =IF(IFERROR(原始数据!E34,"×")="×","×","") | E34: =IF(IFERROR(原始数据!F34,"×")="×","×","") | F34: =IF(IFERROR(原始数据!G34,"×")="×","×","") | G34: =IF(IFERROR(原始数据!H34,"×")="×","×","") | H34: =IF(IFERROR(原始数据!I34,"×")="×","×","") | ... T34: =IF(IFERROR(原始数据!U34,"×")="×","×","") | U34: {=IF(原始数据!V34="-","",IF(原始数据!V34="","",IF(COUNT(FIND(原始数据!V34,原始数据!34:34))=2,"×","")))} | V34: {=IF(原始数据!W34="-","",IF(原始数据!W34="","",IF(COUNT(FIND(原始数据!W34,原始数据!34:34))=2,"×","")))} | W34: =IF(原始数据!X34="","",IF(COUNTIF(原始数据!34:34,原始数据!X34)>1,"×","")) | X34: =IF(原始数据!Y34="","",IF(COUNTIF(原始数据!34:34,原始数据!Y34)>1,"×","")) | Y34: =IF(原始数据!Z34="","",IF(COUNTIF(原始数据!34:34,原始数据!Z34)>1,"×","")) | Z34: =IF(原始数据!AA34="","",IF(COUNTIF(原始数据!34:34,原始数据!AA34)>1,"×","")) | AA34: =IF(原始数据!AB34="","",IF(COUNTIF(原始数据!34:34,原始数据!AB34)>1,"×","")) | AB34: =IF(原始数据!AC34="","",IF(COUNTIF(原始数据!34:34,原始数据!AC34)>1,"×","")) | AC34: =IF(原始数据!AD34="","",IF(COUNTIF(原始数据!34:34,原始数据!AD34)>1,"×","")) | AD34: =IF(原始数据!AE34="","",IF(COUNTIF(原始数据!34:34,原始数据!AE34)>1,"×","")) | ... AN34: =IF(原始数据!AO34="","",IF(COUNTIF(原始数据!34:34,原始数据!AO34)>1,"×",""))
A35: =IF(IFERROR(原始数据!B35,"×")="×","×","") | B35: =IF(IFERROR(原始数据!C35,"×")="×","×","") | C35: =IF(IFERROR(原始数据!D35,"×")="×","×","") | D35: =IF(IFERROR(原始数据!E35,"×")="×","×","") | E35: =IF(IFERROR(原始数据!F35,"×")="×","×","") | F35: =IF(IFERROR(原始数据!G35,"×")="×","×","") | G35: =IF(IFERROR(原始数据!H35,"×")="×","×","") | H35: =IF(IFERROR(原始数据!I35,"×")="×","×","") | ... T35: =IF(IFERROR(原始数据!U35,"×")="×","×","") | U35: {=IF(原始数据!V35="-","",IF(原始数据!V35="","",IF(COUNT(FIND(原始数据!V35,原始数据!35:35))=2,"×","")))} | V35: {=IF(原始数据!W35="-","",IF(原始数据!W35="","",IF(COUNT(FIND(原始数据!W35,原始数据!35:35))=2,"×","")))} | W35: =IF(原始数据!X35="","",IF(COUNTIF(原始数据!35:35,原始数据!X35)>1,"×","")) | X35: =IF(原始数据!Y35="","",IF(COUNTIF(原始数据!35:35,原始数据!Y35)>1,"×","")) | Y35: =IF(原始数据!Z35="","",IF(COUNTIF(原始数据!35:35,原始数据!Z35)>1,"×","")) | Z35: =IF(原始数据!AA35="","",IF(COUNTIF(原始数据!35:35,原始数据!AA35)>1,"×","")) | AA35: =IF(原始数据!AB35="","",IF(COUNTIF(原始数据!35:35,原始数据!AB35)>1,"×","")) | AB35: =IF(原始数据!AC35="","",IF(COUNTIF(原始数据!35:35,原始数据!AC35)>1,"×","")) | AC35: =IF(原始数据!AD35="","",IF(COUNTIF(原始数据!35:35,原始数据!AD35)>1,"×","")) | AD35: =IF(原始数据!AE35="","",IF(COUNTIF(原始数据!35:35,原始数据!AE35)>1,"×","")) | ... AN35: =IF(原始数据!AO35="","",IF(COUNTIF(原始数据!35:35,原始数据!AO35)>1,"×",""))
A36: =IF(IFERROR(原始数据!B36,"×")="×","×","") | B36: =IF(IFERROR(原始数据!C36,"×")="×","×","") | C36: =IF(IFERROR(原始数据!D36,"×")="×","×","") | D36: =IF(IFERROR(原始数据!E36,"×")="×","×","") | E36: =IF(IFERROR(原始数据!F36,"×")="×","×","") | F36: =IF(IFERROR(原始数据!G36,"×")="×","×","") | G36: =IF(IFERROR(原始数据!H36,"×")="×","×","") | H36: =IF(IFERROR(原始数据!I36,"×")="×","×","") | ... T36: =IF(IFERROR(原始数据!U36,"×")="×","×","") | U36: {=IF(原始数据!V36="-","",IF(原始数据!V36="","",IF(COUNT(FIND(原始数据!V36,原始数据!36:36))=2,"×","")))} | V36: {=IF(原始数据!W36="-","",IF(原始数据!W36="","",IF(COUNT(FIND(原始数据!W36,原始数据!36:36))=2,"×","")))} | W36: =IF(原始数据!X36="","",IF(COUNTIF(原始数据!36:36,原始数据!X36)>1,"×","")) | X36: =IF(原始数据!Y36="","",IF(COUNTIF(原始数据!36:36,原始数据!Y36)>1,"×","")) | Y36: =IF(原始数据!Z36="","",IF(COUNTIF(原始数据!36:36,原始数据!Z36)>1,"×","")) | Z36: =IF(原始数据!AA36="","",IF(COUNTIF(原始数据!36:36,原始数据!AA36)>1,"×","")) | AA36: =IF(原始数据!AB36="","",IF(COUNTIF(原始数据!36:36,原始数据!AB36)>1,"×","")) | AB36: =IF(原始数据!AC36="","",IF(COUNTIF(原始数据!36:36,原始数据!AC36)>1,"×","")) | AC36: =IF(原始数据!AD36="","",IF(COUNTIF(原始数据!36:36,原始数据!AD36)>1,"×","")) | AD36: =IF(原始数据!AE36="","",IF(COUNTIF(原始数据!36:36,原始数据!AE36)>1,"×","")) | ... AN36: =IF(原始数据!AO36="","",IF(COUNTIF(原始数据!36:36,原始数据!AO36)>1,"×",""))
A37: =IF(IFERROR(原始数据!B37,"×")="×","×","") | B37: =IF(IFERROR(原始数据!C37,"×")="×","×","") | C37: =IF(IFERROR(原始数据!D37,"×")="×","×","") | D37: =IF(IFERROR(原始数据!E37,"×")="×","×","") | E37: =IF(IFERROR(原始数据!F37,"×")="×","×","") | F37: =IF(IFERROR(原始数据!G37,"×")="×","×","") | G37: =IF(IFERROR(原始数据!H37,"×")="×","×","") | H37: =IF(IFERROR(原始数据!I37,"×")="×","×","") | ... T37: =IF(IFERROR(原始数据!U37,"×")="×","×","") | U37: {=IF(原始数据!V37="-","",IF(原始数据!V37="","",IF(COUNT(FIND(原始数据!V37,原始数据!37:37))=2,"×","")))} | V37: {=IF(原始数据!W37="-","",IF(原始数据!W37="","",IF(COUNT(FIND(原始数据!W37,原始数据!37:37))=2,"×","")))} | W37: =IF(原始数据!X37="","",IF(COUNTIF(原始数据!37:37,原始数据!X37)>1,"×","")) | X37: =IF(原始数据!Y37="","",IF(COUNTIF(原始数据!37:37,原始数据!Y37)>1,"×","")) | Y37: =IF(原始数据!Z37="","",IF(COUNTIF(原始数据!37:37,原始数据!Z37)>1,"×","")) | Z37: =IF(原始数据!AA37="","",IF(COUNTIF(原始数据!37:37,原始数据!AA37)>1,"×","")) | AA37: =IF(原始数据!AB37="","",IF(COUNTIF(原始数据!37:37,原始数据!AB37)>1,"×","")) | AB37: =IF(原始数据!AC37="","",IF(COUNTIF(原始数据!37:37,原始数据!AC37)>1,"×","")) | AC37: =IF(原始数据!AD37="","",IF(COUNTIF(原始数据!37:37,原始数据!AD37)>1,"×","")) | AD37: =IF(原始数据!AE37="","",IF(COUNTIF(原始数据!37:37,原始数据!AE37)>1,"×","")) | ... AN37: =IF(原始数据!AO37="","",IF(COUNTIF(原始数据!37:37,原始数据!AO37)>1,"×",""))
A38: =IF(IFERROR(原始数据!B38,"×")="×","×","") | B38: =IF(IFERROR(原始数据!C38,"×")="×","×","") | C38: =IF(IFERROR(原始数据!D38,"×")="×","×","") | D38: =IF(IFERROR(原始数据!E38,"×")="×","×","") | E38: =IF(IFERROR(原始数据!F38,"×")="×","×","") | F38: =IF(IFERROR(原始数据!G38,"×")="×","×","") | G38: =IF(IFERROR(原始数据!H38,"×")="×","×","") | H38: =IF(IFERROR(原始数据!I38,"×")="×","×","") | ... T38: =IF(IFERROR(原始数据!U38,"×")="×","×","") | U38: {=IF(原始数据!V38="-","",IF(原始数据!V38="","",IF(COUNT(FIND(原始数据!V38,原始数据!38:38))=2,"×","")))} | V38: {=IF(原始数据!W38="-","",IF(原始数据!W38="","",IF(COUNT(FIND(原始数据!W38,原始数据!38:38))=2,"×","")))} | W38: =IF(原始数据!X38="","",IF(COUNTIF(原始数据!38:38,原始数据!X38)>1,"×","")) | X38: =IF(原始数据!Y38="","",IF(COUNTIF(原始数据!38:38,原始数据!Y38)>1,"×","")) | Y38: =IF(原始数据!Z38="","",IF(COUNTIF(原始数据!38:38,原始数据!Z38)>1,"×","")) | Z38: =IF(原始数据!AA38="","",IF(COUNTIF(原始数据!38:38,原始数据!AA38)>1,"×","")) | AA38: =IF(原始数据!AB38="","",IF(COUNTIF(原始数据!38:38,原始数据!AB38)>1,"×","")) | AB38: =IF(原始数据!AC38="","",IF(COUNTIF(原始数据!38:38,原始数据!AC38)>1,"×","")) | AC38: =IF(原始数据!AD38="","",IF(COUNTIF(原始数据!38:38,原始数据!AD38)>1,"×","")) | AD38: =IF(原始数据!AE38="","",IF(COUNTIF(原始数据!38:38,原始数据!AE38)>1,"×","")) | ... AN38: =IF(原始数据!AO38="","",IF(COUNTIF(原始数据!38:38,原始数据!AO38)>1,"×",""))
A39: =IF(IFERROR(原始数据!B39,"×")="×","×","") | B39: =IF(IFERROR(原始数据!C39,"×")="×","×","") | C39: =IF(IFERROR(原始数据!D39,"×")="×","×","") | D39: =IF(IFERROR(原始数据!E39,"×")="×","×","") | E39: =IF(IFERROR(原始数据!F39,"×")="×","×","") | F39: =IF(IFERROR(原始数据!G39,"×")="×","×","") | G39: =IF(IFERROR(原始数据!H39,"×")="×","×","") | H39: =IF(IFERROR(原始数据!I39,"×")="×","×","") | ... T39: =IF(IFERROR(原始数据!U39,"×")="×","×","") | U39: {=IF(原始数据!V39="-","",IF(原始数据!V39="","",IF(COUNT(FIND(原始数据!V39,原始数据!39:39))=2,"×","")))} | V39: {=IF(原始数据!W39="-","",IF(原始数据!W39="","",IF(COUNT(FIND(原始数据!W39,原始数据!39:39))=2,"×","")))} | W39: =IF(原始数据!X39="","",IF(COUNTIF(原始数据!39:39,原始数据!X39)>1,"×","")) | X39: =IF(原始数据!Y39="","",IF(COUNTIF(原始数据!39:39,原始数据!Y39)>1,"×","")) | Y39: =IF(原始数据!Z39="","",IF(COUNTIF(原始数据!39:39,原始数据!Z39)>1,"×","")) | Z39: =IF(原始数据!AA39="","",IF(COUNTIF(原始数据!39:39,原始数据!AA39)>1,"×","")) | AA39: =IF(原始数据!AB39="","",IF(COUNTIF(原始数据!39:39,原始数据!AB39)>1,"×","")) | AB39: =IF(原始数据!AC39="","",IF(COUNTIF(原始数据!39:39,原始数据!AC39)>1,"×","")) | AC39: =IF(原始数据!AD39="","",IF(COUNTIF(原始数据!39:39,原始数据!AD39)>1,"×","")) | AD39: =IF(原始数据!AE39="","",IF(COUNTIF(原始数据!39:39,原始数据!AE39)>1,"×","")) | ... AN39: =IF(原始数据!AO39="","",IF(COUNTIF(原始数据!39:39,原始数据!AO39)>1,"×",""))
A40: =IF(IFERROR(原始数据!B40,"×")="×","×","") | B40: =IF(IFERROR(原始数据!C40,"×")="×","×","") | C40: =IF(IFERROR(原始数据!D40,"×")="×","×","") | D40: =IF(IFERROR(原始数据!E40,"×")="×","×","") | E40: =IF(IFERROR(原始数据!F40,"×")="×","×","") | F40: =IF(IFERROR(原始数据!G40,"×")="×","×","") | G40: =IF(IFERROR(原始数据!H40,"×")="×","×","") | H40: =IF(IFERROR(原始数据!I40,"×")="×","×","") | ... T40: =IF(IFERROR(原始数据!U40,"×")="×","×","") | U40: {=IF(原始数据!V40="-","",IF(原始数据!V40="","",IF(COUNT(FIND(原始数据!V40,原始数据!40:40))=2,"×","")))} | V40: {=IF(原始数据!W40="-","",IF(原始数据!W40="","",IF(COUNT(FIND(原始数据!W40,原始数据!40:40))=2,"×","")))} | W40: =IF(原始数据!X40="","",IF(COUNTIF(原始数据!40:40,原始数据!X40)>1,"×","")) | X40: =IF(原始数据!Y40="","",IF(COUNTIF(原始数据!40:40,原始数据!Y40)>1,"×","")) | Y40: =IF(原始数据!Z40="","",IF(COUNTIF(原始数据!40:40,原始数据!Z40)>1,"×","")) | Z40: =IF(原始数据!AA40="","",IF(COUNTIF(原始数据!40:40,原始数据!AA40)>1,"×","")) | AA40: =IF(原始数据!AB40="","",IF(COUNTIF(原始数据!40:40,原始数据!AB40)>1,"×","")) | AB40: =IF(原始数据!AC40="","",IF(COUNTIF(原始数据!40:40,原始数据!AC40)>1,"×","")) | AC40: =IF(原始数据!AD40="","",IF(COUNTIF(原始数据!40:40,原始数据!AD40)>1,"×","")) | AD40: =IF(原始数据!AE40="","",IF(COUNTIF(原始数据!40:40,原始数据!AE40)>1,"×","")) | ... AN40: =IF(原始数据!AO40="","",IF(COUNTIF(原始数据!40:40,原始数据!AO40)>1,"×",""))
A41: =IF(IFERROR(原始数据!B41,"×")="×","×","") | B41: =IF(IFERROR(原始数据!C41,"×")="×","×","") | C41: =IF(IFERROR(原始数据!D41,"×")="×","×","") | D41: =IF(IFERROR(原始数据!E41,"×")="×","×","") | E41: =IF(IFERROR(原始数据!F41,"×")="×","×","") | F41: =IF(IFERROR(原始数据!G41,"×")="×","×","") | G41: =IF(IFERROR(原始数据!H41,"×")="×","×","") | H41: =IF(IFERROR(原始数据!I41,"×")="×","×","") | ... T41: =IF(IFERROR(原始数据!U41,"×")="×","×","") | U41: {=IF(原始数据!V41="-","",IF(原始数据!V41="","",IF(COUNT(FIND(原始数据!V41,原始数据!41:41))=2,"×","")))} | V41: {=IF(原始数据!W41="-","",IF(原始数据!W41="","",IF(COUNT(FIND(原始数据!W41,原始数据!41:41))=2,"×","")))} | W41: =IF(原始数据!X41="","",IF(COUNTIF(原始数据!41:41,原始数据!X41)>1,"×","")) | X41: =IF(原始数据!Y41="","",IF(COUNTIF(原始数据!41:41,原始数据!Y41)>1,"×","")) | Y41: =IF(原始数据!Z41="","",IF(COUNTIF(原始数据!41:41,原始数据!Z41)>1,"×","")) | Z41: =IF(原始数据!AA41="","",IF(COUNTIF(原始数据!41:41,原始数据!AA41)>1,"×","")) | AA41: =IF(原始数据!AB41="","",IF(COUNTIF(原始数据!41:41,原始数据!AB41)>1,"×","")) | AB41: =IF(原始数据!AC41="","",IF(COUNTIF(原始数据!41:41,原始数据!AC41)>1,"×","")) | AC41: =IF(原始数据!AD41="","",IF(COUNTIF(原始数据!41:41,原始数据!AD41)>1,"×","")) | AD41: =IF(原始数据!AE41="","",IF(COUNTIF(原始数据!41:41,原始数据!AE41)>1,"×","")) | ... AN41: =IF(原始数据!AO41="","",IF(COUNTIF(原始数据!41:41,原始数据!AO41)>1,"×",""))
A42: =IF(IFERROR(原始数据!B42,"×")="×","×","") | B42: =IF(IFERROR(原始数据!C42,"×")="×","×","") | C42: =IF(IFERROR(原始数据!D42,"×")="×","×","") | D42: =IF(IFERROR(原始数据!E42,"×")="×","×","") | E42: =IF(IFERROR(原始数据!F42,"×")="×","×","") | F42: =IF(IFERROR(原始数据!G42,"×")="×","×","") | G42: =IF(IFERROR(原始数据!H42,"×")="×","×","") | H42: =IF(IFERROR(原始数据!I42,"×")="×","×","") | ... T42: =IF(IFERROR(原始数据!U42,"×")="×","×","") | U42: {=IF(原始数据!V42="-","",IF(原始数据!V42="","",IF(COUNT(FIND(原始数据!V42,原始数据!42:42))=2,"×","")))} | V42: {=IF(原始数据!W42="-","",IF(原始数据!W42="","",IF(COUNT(FIND(原始数据!W42,原始数据!42:42))=2,"×","")))} | W42: =IF(原始数据!X42="","",IF(COUNTIF(原始数据!42:42,原始数据!X42)>1,"×","")) | X42: =IF(原始数据!Y42="","",IF(COUNTIF(原始数据!42:42,原始数据!Y42)>1,"×","")) | Y42: =IF(原始数据!Z42="","",IF(COUNTIF(原始数据!42:42,原始数据!Z42)>1,"×","")) | Z42: =IF(原始数据!AA42="","",IF(COUNTIF(原始数据!42:42,原始数据!AA42)>1,"×","")) | AA42: =IF(原始数据!AB42="","",IF(COUNTIF(原始数据!42:42,原始数据!AB42)>1,"×","")) | AB42: =IF(原始数据!AC42="","",IF(COUNTIF(原始数据!42:42,原始数据!AC42)>1,"×","")) | AC42: =IF(原始数据!AD42="","",IF(COUNTIF(原始数据!42:42,原始数据!AD42)>1,"×","")) | AD42: =IF(原始数据!AE42="","",IF(COUNTIF(原始数据!42:42,原始数据!AE42)>1,"×","")) | ... AN42: =IF(原始数据!AO42="","",IF(COUNTIF(原始数据!42:42,原始数据!AO42)>1,"×",""))
A43: =IF(IFERROR(原始数据!B43,"×")="×","×","") | B43: =IF(IFERROR(原始数据!C43,"×")="×","×","") | C43: =IF(IFERROR(原始数据!D43,"×")="×","×","") | D43: =IF(IFERROR(原始数据!E43,"×")="×","×","") | E43: =IF(IFERROR(原始数据!F43,"×")="×","×","") | F43: =IF(IFERROR(原始数据!G43,"×")="×","×","") | G43: =IF(IFERROR(原始数据!H43,"×")="×","×","") | H43: =IF(IFERROR(原始数据!I43,"×")="×","×","") | ... T43: =IF(IFERROR(原始数据!U43,"×")="×","×","") | U43: {=IF(原始数据!V43="-","",IF(原始数据!V43="","",IF(COUNT(FIND(原始数据!V43,原始数据!43:43))=2,"×","")))} | V43: {=IF(原始数据!W43="-","",IF(原始数据!W43="","",IF(COUNT(FIND(原始数据!W43,原始数据!43:43))=2,"×","")))} | W43: =IF(原始数据!X43="","",IF(COUNTIF(原始数据!43:43,原始数据!X43)>1,"×","")) | X43: =IF(原始数据!Y43="","",IF(COUNTIF(原始数据!43:43,原始数据!Y43)>1,"×","")) | Y43: =IF(原始数据!Z43="","",IF(COUNTIF(原始数据!43:43,原始数据!Z43)>1,"×","")) | Z43: =IF(原始数据!AA43="","",IF(COUNTIF(原始数据!43:43,原始数据!AA43)>1,"×","")) | AA43: =IF(原始数据!AB43="","",IF(COUNTIF(原始数据!43:43,原始数据!AB43)>1,"×","")) | AB43: =IF(原始数据!AC43="","",IF(COUNTIF(原始数据!43:43,原始数据!AC43)>1,"×","")) | AC43: =IF(原始数据!AD43="","",IF(COUNTIF(原始数据!43:43,原始数据!AD43)>1,"×","")) | AD43: =IF(原始数据!AE43="","",IF(COUNTIF(原始数据!43:43,原始数据!AE43)>1,"×","")) | ... AN43: =IF(原始数据!AO43="","",IF(COUNTIF(原始数据!43:43,原始数据!AO43)>1,"×",""))
A44: =IF(IFERROR(原始数据!B44,"×")="×","×","") | B44: =IF(IFERROR(原始数据!C44,"×")="×","×","") | C44: =IF(IFERROR(原始数据!D44,"×")="×","×","") | D44: =IF(IFERROR(原始数据!E44,"×")="×","×","") | E44: =IF(IFERROR(原始数据!F44,"×")="×","×","") | F44: =IF(IFERROR(原始数据!G44,"×")="×","×","") | G44: =IF(IFERROR(原始数据!H44,"×")="×","×","") | H44: =IF(IFERROR(原始数据!I44,"×")="×","×","") | ... T44: =IF(IFERROR(原始数据!U44,"×")="×","×","") | U44: {=IF(原始数据!V44="-","",IF(原始数据!V44="","",IF(COUNT(FIND(原始数据!V44,原始数据!44:44))=2,"×","")))} | V44: {=IF(原始数据!W44="-","",IF(原始数据!W44="","",IF(COUNT(FIND(原始数据!W44,原始数据!44:44))=2,"×","")))} | W44: =IF(原始数据!X44="","",IF(COUNTIF(原始数据!44:44,原始数据!X44)>1,"×","")) | X44: =IF(原始数据!Y44="","",IF(COUNTIF(原始数据!44:44,原始数据!Y44)>1,"×","")) | Y44: =IF(原始数据!Z44="","",IF(COUNTIF(原始数据!44:44,原始数据!Z44)>1,"×","")) | Z44: =IF(原始数据!AA44="","",IF(COUNTIF(原始数据!44:44,原始数据!AA44)>1,"×","")) | AA44: =IF(原始数据!AB44="","",IF(COUNTIF(原始数据!44:44,原始数据!AB44)>1,"×","")) | AB44: =IF(原始数据!AC44="","",IF(COUNTIF(原始数据!44:44,原始数据!AC44)>1,"×","")) | AC44: =IF(原始数据!AD44="","",IF(COUNTIF(原始数据!44:44,原始数据!AD44)>1,"×","")) | AD44: =IF(原始数据!AE44="","",IF(COUNTIF(原始数据!44:44,原始数据!AE44)>1,"×","")) | ... AN44: =IF(原始数据!AO44="","",IF(COUNTIF(原始数据!44:44,原始数据!AO44)>1,"×",""))
A45: =IF(IFERROR(原始数据!B45,"×")="×","×","") | B45: =IF(IFERROR(原始数据!C45,"×")="×","×","") | C45: =IF(IFERROR(原始数据!D45,"×")="×","×","") | D45: =IF(IFERROR(原始数据!E45,"×")="×","×","") | E45: =IF(IFERROR(原始数据!F45,"×")="×","×","") | F45: =IF(IFERROR(原始数据!G45,"×")="×","×","") | G45: =IF(IFERROR(原始数据!H45,"×")="×","×","") | H45: =IF(IFERROR(原始数据!I45,"×")="×","×","") | ... T45: =IF(IFERROR(原始数据!U45,"×")="×","×","") | U45: {=IF(原始数据!V45="-","",IF(原始数据!V45="","",IF(COUNT(FIND(原始数据!V45,原始数据!45:45))=2,"×","")))} | V45: {=IF(原始数据!W45="-","",IF(原始数据!W45="","",IF(COUNT(FIND(原始数据!W45,原始数据!45:45))=2,"×","")))} | W45: =IF(原始数据!X45="","",IF(COUNTIF(原始数据!45:45,原始数据!X45)>1,"×","")) | X45: =IF(原始数据!Y45="","",IF(COUNTIF(原始数据!45:45,原始数据!Y45)>1,"×","")) | Y45: =IF(原始数据!Z45="","",IF(COUNTIF(原始数据!45:45,原始数据!Z45)>1,"×","")) | Z45: =IF(原始数据!AA45="","",IF(COUNTIF(原始数据!45:45,原始数据!AA45)>1,"×","")) | AA45: =IF(原始数据!AB45="","",IF(COUNTIF(原始数据!45:45,原始数据!AB45)>1,"×","")) | AB45: =IF(原始数据!AC45="","",IF(COUNTIF(原始数据!45:45,原始数据!AC45)>1,"×","")) | AC45: =IF(原始数据!AD45="","",IF(COUNTIF(原始数据!45:45,原始数据!AD45)>1,"×","")) | AD45: =IF(原始数据!AE45="","",IF(COUNTIF(原始数据!45:45,原始数据!AE45)>1,"×","")) | ... AN45: =IF(原始数据!AO45="","",IF(COUNTIF(原始数据!45:45,原始数据!AO45)>1,"×",""))
A46: =IF(IFERROR(原始数据!B46,"×")="×","×","") | B46: =IF(IFERROR(原始数据!C46,"×")="×","×","") | C46: =IF(IFERROR(原始数据!D46,"×")="×","×","") | D46: =IF(IFERROR(原始数据!E46,"×")="×","×","") | E46: =IF(IFERROR(原始数据!F46,"×")="×","×","") | F46: =IF(IFERROR(原始数据!G46,"×")="×","×","") | G46: =IF(IFERROR(原始数据!H46,"×")="×","×","") | H46: =IF(IFERROR(原始数据!I46,"×")="×","×","") | ... T46: =IF(IFERROR(原始数据!U46,"×")="×","×","") | U46: {=IF(原始数据!V46="-","",IF(原始数据!V46="","",IF(COUNT(FIND(原始数据!V46,原始数据!46:46))=2,"×","")))} | V46: {=IF(原始数据!W46="-","",IF(原始数据!W46="","",IF(COUNT(FIND(原始数据!W46,原始数据!46:46))=2,"×","")))} | W46: =IF(原始数据!X46="","",IF(COUNTIF(原始数据!46:46,原始数据!X46)>1,"×","")) | X46: =IF(原始数据!Y46="","",IF(COUNTIF(原始数据!46:46,原始数据!Y46)>1,"×","")) | Y46: =IF(原始数据!Z46="","",IF(COUNTIF(原始数据!46:46,原始数据!Z46)>1,"×","")) | Z46: =IF(原始数据!AA46="","",IF(COUNTIF(原始数据!46:46,原始数据!AA46)>1,"×","")) | AA46: =IF(原始数据!AB46="","",IF(COUNTIF(原始数据!46:46,原始数据!AB46)>1,"×","")) | AB46: =IF(原始数据!AC46="","",IF(COUNTIF(原始数据!46:46,原始数据!AC46)>1,"×","")) | AC46: =IF(原始数据!AD46="","",IF(COUNTIF(原始数据!46:46,原始数据!AD46)>1,"×","")) | AD46: =IF(原始数据!AE46="","",IF(COUNTIF(原始数据!46:46,原始数据!AE46)>1,"×","")) | ... AN46: =IF(原始数据!AO46="","",IF(COUNTIF(原始数据!46:46,原始数据!AO46)>1,"×",""))
A47: =IF(IFERROR(原始数据!B47,"×")="×","×","") | B47: =IF(IFERROR(原始数据!C47,"×")="×","×","") | C47: =IF(IFERROR(原始数据!D47,"×")="×","×","") | D47: =IF(IFERROR(原始数据!E47,"×")="×","×","") | E47: =IF(IFERROR(原始数据!F47,"×")="×","×","") | F47: =IF(IFERROR(原始数据!G47,"×")="×","×","") | G47: =IF(IFERROR(原始数据!H47,"×")="×","×","") | H47: =IF(IFERROR(原始数据!I47,"×")="×","×","") | ... T47: =IF(IFERROR(原始数据!U47,"×")="×","×","") | U47: {=IF(原始数据!V47="-","",IF(原始数据!V47="","",IF(COUNT(FIND(原始数据!V47,原始数据!47:47))=2,"×","")))} | V47: {=IF(原始数据!W47="-","",IF(原始数据!W47="","",IF(COUNT(FIND(原始数据!W47,原始数据!47:47))=2,"×","")))} | W47: =IF(原始数据!X47="","",IF(COUNTIF(原始数据!47:47,原始数据!X47)>1,"×","")) | X47: =IF(原始数据!Y47="","",IF(COUNTIF(原始数据!47:47,原始数据!Y47)>1,"×","")) | Y47: =IF(原始数据!Z47="","",IF(COUNTIF(原始数据!47:47,原始数据!Z47)>1,"×","")) | Z47: =IF(原始数据!AA47="","",IF(COUNTIF(原始数据!47:47,原始数据!AA47)>1,"×","")) | AA47: =IF(原始数据!AB47="","",IF(COUNTIF(原始数据!47:47,原始数据!AB47)>1,"×","")) | AB47: =IF(原始数据!AC47="","",IF(COUNTIF(原始数据!47:47,原始数据!AC47)>1,"×","")) | AC47: =IF(原始数据!AD47="","",IF(COUNTIF(原始数据!47:47,原始数据!AD47)>1,"×","")) | AD47: =IF(原始数据!AE47="","",IF(COUNTIF(原始数据!47:47,原始数据!AE47)>1,"×","")) | ... AN47: =IF(原始数据!AO47="","",IF(COUNTIF(原始数据!47:47,原始数据!AO47)>1,"×",""))
A48: =IF(IFERROR(原始数据!B48,"×")="×","×","") | B48: =IF(IFERROR(原始数据!C48,"×")="×","×","") | C48: =IF(IFERROR(原始数据!D48,"×")="×","×","") | D48: =IF(IFERROR(原始数据!E48,"×")="×","×","") | E48: =IF(IFERROR(原始数据!F48,"×")="×","×","") | F48: =IF(IFERROR(原始数据!G48,"×")="×","×","") | G48: =IF(IFERROR(原始数据!H48,"×")="×","×","") | H48: =IF(IFERROR(原始数据!I48,"×")="×","×","") | ... T48: =IF(IFERROR(原始数据!U48,"×")="×","×","") | U48: {=IF(原始数据!V48="-","",IF(原始数据!V48="","",IF(COUNT(FIND(原始数据!V48,原始数据!48:48))=2,"×","")))} | V48: {=IF(原始数据!W48="-","",IF(原始数据!W48="","",IF(COUNT(FIND(原始数据!W48,原始数据!48:48))=2,"×","")))} | W48: =IF(原始数据!X48="","",IF(COUNTIF(原始数据!48:48,原始数据!X48)>1,"×","")) | X48: =IF(原始数据!Y48="","",IF(COUNTIF(原始数据!48:48,原始数据!Y48)>1,"×","")) | Y48: =IF(原始数据!Z48="","",IF(COUNTIF(原始数据!48:48,原始数据!Z48)>1,"×","")) | Z48: =IF(原始数据!AA48="","",IF(COUNTIF(原始数据!48:48,原始数据!AA48)>1,"×","")) | AA48: =IF(原始数据!AB48="","",IF(COUNTIF(原始数据!48:48,原始数据!AB48)>1,"×","")) | AB48: =IF(原始数据!AC48="","",IF(COUNTIF(原始数据!48:48,原始数据!AC48)>1,"×","")) | AC48: =IF(原始数据!AD48="","",IF(COUNTIF(原始数据!48:48,原始数据!AD48)>1,"×","")) | AD48: =IF(原始数据!AE48="","",IF(COUNTIF(原始数据!48:48,原始数据!AE48)>1,"×","")) | ... AN48: =IF(原始数据!AO48="","",IF(COUNTIF(原始数据!48:48,原始数据!AO48)>1,"×",""))
A49: =IF(IFERROR(原始数据!B49,"×")="×","×","") | B49: =IF(IFERROR(原始数据!C49,"×")="×","×","") | C49: =IF(IFERROR(原始数据!D49,"×")="×","×","") | D49: =IF(IFERROR(原始数据!E49,"×")="×","×","") | E49: =IF(IFERROR(原始数据!F49,"×")="×","×","") | F49: =IF(IFERROR(原始数据!G49,"×")="×","×","") | G49: =IF(IFERROR(原始数据!H49,"×")="×","×","") | H49: =IF(IFERROR(原始数据!I49,"×")="×","×","") | ... T49: =IF(IFERROR(原始数据!U49,"×")="×","×","") | U49: {=IF(原始数据!V49="-","",IF(原始数据!V49="","",IF(COUNT(FIND(原始数据!V49,原始数据!49:49))=2,"×","")))} | V49: {=IF(原始数据!W49="-","",IF(原始数据!W49="","",IF(COUNT(FIND(原始数据!W49,原始数据!49:49))=2,"×","")))} | W49: =IF(原始数据!X49="","",IF(COUNTIF(原始数据!49:49,原始数据!X49)>1,"×","")) | X49: =IF(原始数据!Y49="","",IF(COUNTIF(原始数据!49:49,原始数据!Y49)>1,"×","")) | Y49: =IF(原始数据!Z49="","",IF(COUNTIF(原始数据!49:49,原始数据!Z49)>1,"×","")) | Z49: =IF(原始数据!AA49="","",IF(COUNTIF(原始数据!49:49,原始数据!AA49)>1,"×","")) | AA49: =IF(原始数据!AB49="","",IF(COUNTIF(原始数据!49:49,原始数据!AB49)>1,"×","")) | AB49: =IF(原始数据!AC49="","",IF(COUNTIF(原始数据!49:49,原始数据!AC49)>1,"×","")) | AC49: =IF(原始数据!AD49="","",IF(COUNTIF(原始数据!49:49,原始数据!AD49)>1,"×","")) | AD49: =IF(原始数据!AE49="","",IF(COUNTIF(原始数据!49:49,原始数据!AE49)>1,"×","")) | ... AN49: =IF(原始数据!AO49="","",IF(COUNTIF(原始数据!49:49,原始数据!AO49)>1,"×",""))
A50: =IF(IFERROR(原始数据!B50,"×")="×","×","") | B50: =IF(IFERROR(原始数据!C50,"×")="×","×","") | C50: =IF(IFERROR(原始数据!D50,"×")="×","×","") | D50: =IF(IFERROR(原始数据!E50,"×")="×","×","") | E50: =IF(IFERROR(原始数据!F50,"×")="×","×","") | F50: =IF(IFERROR(原始数据!G50,"×")="×","×","") | G50: =IF(IFERROR(原始数据!H50,"×")="×","×","") | H50: =IF(IFERROR(原始数据!I50,"×")="×","×","") | ... T50: =IF(IFERROR(原始数据!U50,"×")="×","×","") | U50: {=IF(原始数据!V50="-","",IF(原始数据!V50="","",IF(COUNT(FIND(原始数据!V50,原始数据!50:50))=2,"×","")))} | V50: {=IF(原始数据!W50="-","",IF(原始数据!W50="","",IF(COUNT(FIND(原始数据!W50,原始数据!50:50))=2,"×","")))} | W50: =IF(原始数据!X50="","",IF(COUNTIF(原始数据!50:50,原始数据!X50)>1,"×","")) | X50: =IF(原始数据!Y50="","",IF(COUNTIF(原始数据!50:50,原始数据!Y50)>1,"×","")) | Y50: =IF(原始数据!Z50="","",IF(COUNTIF(原始数据!50:50,原始数据!Z50)>1,"×","")) | Z50: =IF(原始数据!AA50="","",IF(COUNTIF(原始数据!50:50,原始数据!AA50)>1,"×","")) | AA50: =IF(原始数据!AB50="","",IF(COUNTIF(原始数据!50:50,原始数据!AB50)>1,"×","")) | AB50: =IF(原始数据!AC50="","",IF(COUNTIF(原始数据!50:50,原始数据!AC50)>1,"×","")) | AC50: =IF(原始数据!AD50="","",IF(COUNTIF(原始数据!50:50,原始数据!AD50)>1,"×","")) | AD50: =IF(原始数据!AE50="","",IF(COUNTIF(原始数据!50:50,原始数据!AE50)>1,"×","")) | ... AN50: =IF(原始数据!AO50="","",IF(COUNTIF(原始数据!50:50,原始数据!AO50)>1,"×",""))
A51: =IF(IFERROR(原始数据!B51,"×")="×","×","") | B51: =IF(IFERROR(原始数据!C51,"×")="×","×","") | C51: =IF(IFERROR(原始数据!D51,"×")="×","×","") | D51: =IF(IFERROR(原始数据!E51,"×")="×","×","") | E51: =IF(IFERROR(原始数据!F51,"×")="×","×","") | F51: =IF(IFERROR(原始数据!G51,"×")="×","×","") | G51: =IF(IFERROR(原始数据!H51,"×")="×","×","") | H51: =IF(IFERROR(原始数据!I51,"×")="×","×","") | ... T51: =IF(IFERROR(原始数据!U51,"×")="×","×","") | U51: {=IF(原始数据!V51="-","",IF(原始数据!V51="","",IF(COUNT(FIND(原始数据!V51,原始数据!51:51))=2,"×","")))} | V51: {=IF(原始数据!W51="-","",IF(原始数据!W51="","",IF(COUNT(FIND(原始数据!W51,原始数据!51:51))=2,"×","")))} | W51: =IF(原始数据!X51="","",IF(COUNTIF(原始数据!51:51,原始数据!X51)>1,"×","")) | X51: =IF(原始数据!Y51="","",IF(COUNTIF(原始数据!51:51,原始数据!Y51)>1,"×","")) | Y51: =IF(原始数据!Z51="","",IF(COUNTIF(原始数据!51:51,原始数据!Z51)>1,"×","")) | Z51: =IF(原始数据!AA51="","",IF(COUNTIF(原始数据!51:51,原始数据!AA51)>1,"×","")) | AA51: =IF(原始数据!AB51="","",IF(COUNTIF(原始数据!51:51,原始数据!AB51)>1,"×","")) | AB51: =IF(原始数据!AC51="","",IF(COUNTIF(原始数据!51:51,原始数据!AC51)>1,"×","")) | AC51: =IF(原始数据!AD51="","",IF(COUNTIF(原始数据!51:51,原始数据!AD51)>1,"×","")) | AD51: =IF(原始数据!AE51="","",IF(COUNTIF(原始数据!51:51,原始数据!AE51)>1,"×","")) | ... AN51: =IF(原始数据!AO51="","",IF(COUNTIF(原始数据!51:51,原始数据!AO51)>1,"×",""))
A52: =IF(IFERROR(原始数据!B52,"×")="×","×","") | B52: =IF(IFERROR(原始数据!C52,"×")="×","×","") | C52: =IF(IFERROR(原始数据!D52,"×")="×","×","") | D52: =IF(IFERROR(原始数据!E52,"×")="×","×","") | E52: =IF(IFERROR(原始数据!F52,"×")="×","×","") | F52: =IF(IFERROR(原始数据!G52,"×")="×","×","") | G52: =IF(IFERROR(原始数据!H52,"×")="×","×","") | H52: =IF(IFERROR(原始数据!I52,"×")="×","×","") | ... T52: =IF(IFERROR(原始数据!U52,"×")="×","×","") | U52: {=IF(原始数据!V52="-","",IF(原始数据!V52="","",IF(COUNT(FIND(原始数据!V52,原始数据!52:52))=2,"×","")))} | V52: {=IF(原始数据!W52="-","",IF(原始数据!W52="","",IF(COUNT(FIND(原始数据!W52,原始数据!52:52))=2,"×","")))} | W52: =IF(原始数据!X52="","",IF(COUNTIF(原始数据!52:52,原始数据!X52)>1,"×","")) | X52: =IF(原始数据!Y52="","",IF(COUNTIF(原始数据!52:52,原始数据!Y52)>1,"×","")) | Y52: =IF(原始数据!Z52="","",IF(COUNTIF(原始数据!52:52,原始数据!Z52)>1,"×","")) | Z52: =IF(原始数据!AA52="","",IF(COUNTIF(原始数据!52:52,原始数据!AA52)>1,"×","")) | AA52: =IF(原始数据!AB52="","",IF(COUNTIF(原始数据!52:52,原始数据!AB52)>1,"×","")) | AB52: =IF(原始数据!AC52="","",IF(COUNTIF(原始数据!52:52,原始数据!AC52)>1,"×","")) | AC52: =IF(原始数据!AD52="","",IF(COUNTIF(原始数据!52:52,原始数据!AD52)>1,"×","")) | AD52: =IF(原始数据!AE52="","",IF(COUNTIF(原始数据!52:52,原始数据!AE52)>1,"×","")) | ... AN52: =IF(原始数据!AO52="","",IF(COUNTIF(原始数据!52:52,原始数据!AO52)>1,"×",""))
A53: =IF(IFERROR(原始数据!B53,"×")="×","×","") | B53: =IF(IFERROR(原始数据!C53,"×")="×","×","") | C53: =IF(IFERROR(原始数据!D53,"×")="×","×","") | D53: =IF(IFERROR(原始数据!E53,"×")="×","×","") | E53: =IF(IFERROR(原始数据!F53,"×")="×","×","") | F53: =IF(IFERROR(原始数据!G53,"×")="×","×","") | G53: =IF(IFERROR(原始数据!H53,"×")="×","×","") | H53: =IF(IFERROR(原始数据!I53,"×")="×","×","") | ... T53: =IF(IFERROR(原始数据!U53,"×")="×","×","") | U53: {=IF(原始数据!V53="-","",IF(原始数据!V53="","",IF(COUNT(FIND(原始数据!V53,原始数据!53:53))=2,"×","")))} | V53: {=IF(原始数据!W53="-","",IF(原始数据!W53="","",IF(COUNT(FIND(原始数据!W53,原始数据!53:53))=2,"×","")))} | W53: =IF(原始数据!X53="","",IF(COUNTIF(原始数据!53:53,原始数据!X53)>1,"×","")) | X53: =IF(原始数据!Y53="","",IF(COUNTIF(原始数据!53:53,原始数据!Y53)>1,"×","")) | Y53: =IF(原始数据!Z53="","",IF(COUNTIF(原始数据!53:53,原始数据!Z53)>1,"×","")) | Z53: =IF(原始数据!AA53="","",IF(COUNTIF(原始数据!53:53,原始数据!AA53)>1,"×","")) | AA53: =IF(原始数据!AB53="","",IF(COUNTIF(原始数据!53:53,原始数据!AB53)>1,"×","")) | AB53: =IF(原始数据!AC53="","",IF(COUNTIF(原始数据!53:53,原始数据!AC53)>1,"×","")) | AC53: =IF(原始数据!AD53="","",IF(COUNTIF(原始数据!53:53,原始数据!AD53)>1,"×","")) | AD53: =IF(原始数据!AE53="","",IF(COUNTIF(原始数据!53:53,原始数据!AE53)>1,"×","")) | ... AN53: =IF(原始数据!AO53="","",IF(COUNTIF(原始数据!53:53,原始数据!AO53)>1,"×",""))
A54: =IF(IFERROR(原始数据!B54,"×")="×","×","") | B54: =IF(IFERROR(原始数据!C54,"×")="×","×","") | C54: =IF(IFERROR(原始数据!D54,"×")="×","×","") | D54: =IF(IFERROR(原始数据!E54,"×")="×","×","") | E54: =IF(IFERROR(原始数据!F54,"×")="×","×","") | F54: =IF(IFERROR(原始数据!G54,"×")="×","×","") | G54: =IF(IFERROR(原始数据!H54,"×")="×","×","") | H54: =IF(IFERROR(原始数据!I54,"×")="×","×","") | ... T54: =IF(IFERROR(原始数据!U54,"×")="×","×","") | U54: {=IF(原始数据!V54="-","",IF(原始数据!V54="","",IF(COUNT(FIND(原始数据!V54,原始数据!54:54))=2,"×","")))} | V54: {=IF(原始数据!W54="-","",IF(原始数据!W54="","",IF(COUNT(FIND(原始数据!W54,原始数据!54:54))=2,"×","")))} | W54: =IF(原始数据!X54="","",IF(COUNTIF(原始数据!54:54,原始数据!X54)>1,"×","")) | X54: =IF(原始数据!Y54="","",IF(COUNTIF(原始数据!54:54,原始数据!Y54)>1,"×","")) | Y54: =IF(原始数据!Z54="","",IF(COUNTIF(原始数据!54:54,原始数据!Z54)>1,"×","")) | Z54: =IF(原始数据!AA54="","",IF(COUNTIF(原始数据!54:54,原始数据!AA54)>1,"×","")) | AA54: =IF(原始数据!AB54="","",IF(COUNTIF(原始数据!54:54,原始数据!AB54)>1,"×","")) | AB54: =IF(原始数据!AC54="","",IF(COUNTIF(原始数据!54:54,原始数据!AC54)>1,"×","")) | AC54: =IF(原始数据!AD54="","",IF(COUNTIF(原始数据!54:54,原始数据!AD54)>1,"×","")) | AD54: =IF(原始数据!AE54="","",IF(COUNTIF(原始数据!54:54,原始数据!AE54)>1,"×","")) | ... AN54: =IF(原始数据!AO54="","",IF(COUNTIF(原始数据!54:54,原始数据!AO54)>1,"×",""))
A55: =IF(IFERROR(原始数据!B55,"×")="×","×","") | B55: =IF(IFERROR(原始数据!C55,"×")="×","×","") | C55: =IF(IFERROR(原始数据!D55,"×")="×","×","") | D55: =IF(IFERROR(原始数据!E55,"×")="×","×","") | E55: =IF(IFERROR(原始数据!F55,"×")="×","×","") | F55: =IF(IFERROR(原始数据!G55,"×")="×","×","") | G55: =IF(IFERROR(原始数据!H55,"×")="×","×","") | H55: =IF(IFERROR(原始数据!I55,"×")="×","×","") | ... T55: =IF(IFERROR(原始数据!U55,"×")="×","×","") | U55: {=IF(原始数据!V55="-","",IF(原始数据!V55="","",IF(COUNT(FIND(原始数据!V55,原始数据!55:55))=2,"×","")))} | V55: {=IF(原始数据!W55="-","",IF(原始数据!W55="","",IF(COUNT(FIND(原始数据!W55,原始数据!55:55))=2,"×","")))} | W55: =IF(原始数据!X55="","",IF(COUNTIF(原始数据!55:55,原始数据!X55)>1,"×","")) | X55: =IF(原始数据!Y55="","",IF(COUNTIF(原始数据!55:55,原始数据!Y55)>1,"×","")) | Y55: =IF(原始数据!Z55="","",IF(COUNTIF(原始数据!55:55,原始数据!Z55)>1,"×","")) | Z55: =IF(原始数据!AA55="","",IF(COUNTIF(原始数据!55:55,原始数据!AA55)>1,"×","")) | AA55: =IF(原始数据!AB55="","",IF(COUNTIF(原始数据!55:55,原始数据!AB55)>1,"×","")) | AB55: =IF(原始数据!AC55="","",IF(COUNTIF(原始数据!55:55,原始数据!AC55)>1,"×","")) | AC55: =IF(原始数据!AD55="","",IF(COUNTIF(原始数据!55:55,原始数据!AD55)>1,"×","")) | AD55: =IF(原始数据!AE55="","",IF(COUNTIF(原始数据!55:55,原始数据!AE55)>1,"×","")) | ... AN55: =IF(原始数据!AO55="","",IF(COUNTIF(原始数据!55:55,原始数据!AO55)>1,"×",""))
A56: =IF(IFERROR(原始数据!B56,"×")="×","×","") | B56: =IF(IFERROR(原始数据!C56,"×")="×","×","") | C56: =IF(IFERROR(原始数据!D56,"×")="×","×","") | D56: =IF(IFERROR(原始数据!E56,"×")="×","×","") | E56: =IF(IFERROR(原始数据!F56,"×")="×","×","") | F56: =IF(IFERROR(原始数据!G56,"×")="×","×","") | G56: =IF(IFERROR(原始数据!H56,"×")="×","×","") | H56: =IF(IFERROR(原始数据!I56,"×")="×","×","") | ... T56: =IF(IFERROR(原始数据!U56,"×")="×","×","") | U56: {=IF(原始数据!V56="-","",IF(原始数据!V56="","",IF(COUNT(FIND(原始数据!V56,原始数据!56:56))=2,"×","")))} | V56: {=IF(原始数据!W56="-","",IF(原始数据!W56="","",IF(COUNT(FIND(原始数据!W56,原始数据!56:56))=2,"×","")))} | W56: =IF(原始数据!X56="","",IF(COUNTIF(原始数据!56:56,原始数据!X56)>1,"×","")) | X56: =IF(原始数据!Y56="","",IF(COUNTIF(原始数据!56:56,原始数据!Y56)>1,"×","")) | Y56: =IF(原始数据!Z56="","",IF(COUNTIF(原始数据!56:56,原始数据!Z56)>1,"×","")) | Z56: =IF(原始数据!AA56="","",IF(COUNTIF(原始数据!56:56,原始数据!AA56)>1,"×","")) | AA56: =IF(原始数据!AB56="","",IF(COUNTIF(原始数据!56:56,原始数据!AB56)>1,"×","")) | AB56: =IF(原始数据!AC56="","",IF(COUNTIF(原始数据!56:56,原始数据!AC56)>1,"×","")) | AC56: =IF(原始数据!AD56="","",IF(COUNTIF(原始数据!56:56,原始数据!AD56)>1,"×","")) | AD56: =IF(原始数据!AE56="","",IF(COUNTIF(原始数据!56:56,原始数据!AE56)>1,"×","")) | ... AN56: =IF(原始数据!AO56="","",IF(COUNTIF(原始数据!56:56,原始数据!AO56)>1,"×",""))
A57: =IF(IFERROR(原始数据!B57,"×")="×","×","") | B57: =IF(IFERROR(原始数据!C57,"×")="×","×","") | C57: =IF(IFERROR(原始数据!D57,"×")="×","×","") | D57: =IF(IFERROR(原始数据!E57,"×")="×","×","") | E57: =IF(IFERROR(原始数据!F57,"×")="×","×","") | F57: =IF(IFERROR(原始数据!G57,"×")="×","×","") | G57: =IF(IFERROR(原始数据!H57,"×")="×","×","") | H57: =IF(IFERROR(原始数据!I57,"×")="×","×","") | ... T57: =IF(IFERROR(原始数据!U57,"×")="×","×","") | U57: {=IF(原始数据!V57="-","",IF(原始数据!V57="","",IF(COUNT(FIND(原始数据!V57,原始数据!57:57))=2,"×","")))} | V57: {=IF(原始数据!W57="-","",IF(原始数据!W57="","",IF(COUNT(FIND(原始数据!W57,原始数据!57:57))=2,"×","")))} | W57: =IF(原始数据!X57="","",IF(COUNTIF(原始数据!57:57,原始数据!X57)>1,"×","")) | X57: =IF(原始数据!Y57="","",IF(COUNTIF(原始数据!57:57,原始数据!Y57)>1,"×","")) | Y57: =IF(原始数据!Z57="","",IF(COUNTIF(原始数据!57:57,原始数据!Z57)>1,"×","")) | Z57: =IF(原始数据!AA57="","",IF(COUNTIF(原始数据!57:57,原始数据!AA57)>1,"×","")) | AA57: =IF(原始数据!AB57="","",IF(COUNTIF(原始数据!57:57,原始数据!AB57)>1,"×","")) | AB57: =IF(原始数据!AC57="","",IF(COUNTIF(原始数据!57:57,原始数据!AC57)>1,"×","")) | AC57: =IF(原始数据!AD57="","",IF(COUNTIF(原始数据!57:57,原始数据!AD57)>1,"×","")) | AD57: =IF(原始数据!AE57="","",IF(COUNTIF(原始数据!57:57,原始数据!AE57)>1,"×","")) | ... AN57: =IF(原始数据!AO57="","",IF(COUNTIF(原始数据!57:57,原始数据!AO57)>1,"×",""))
A58: =IF(IFERROR(原始数据!B58,"×")="×","×","") | B58: =IF(IFERROR(原始数据!C58,"×")="×","×","") | C58: =IF(IFERROR(原始数据!D58,"×")="×","×","") | D58: =IF(IFERROR(原始数据!E58,"×")="×","×","") | E58: =IF(IFERROR(原始数据!F58,"×")="×","×","") | F58: =IF(IFERROR(原始数据!G58,"×")="×","×","") | G58: =IF(IFERROR(原始数据!H58,"×")="×","×","") | H58: =IF(IFERROR(原始数据!I58,"×")="×","×","") | ... T58: =IF(IFERROR(原始数据!U58,"×")="×","×","") | U58: {=IF(原始数据!V58="-","",IF(原始数据!V58="","",IF(COUNT(FIND(原始数据!V58,原始数据!58:58))=2,"×","")))} | V58: {=IF(原始数据!W58="-","",IF(原始数据!W58="","",IF(COUNT(FIND(原始数据!W58,原始数据!58:58))=2,"×","")))} | W58: =IF(原始数据!X58="","",IF(COUNTIF(原始数据!58:58,原始数据!X58)>1,"×","")) | X58: =IF(原始数据!Y58="","",IF(COUNTIF(原始数据!58:58,原始数据!Y58)>1,"×","")) | Y58: =IF(原始数据!Z58="","",IF(COUNTIF(原始数据!58:58,原始数据!Z58)>1,"×","")) | Z58: =IF(原始数据!AA58="","",IF(COUNTIF(原始数据!58:58,原始数据!AA58)>1,"×","")) | AA58: =IF(原始数据!AB58="","",IF(COUNTIF(原始数据!58:58,原始数据!AB58)>1,"×","")) | AB58: =IF(原始数据!AC58="","",IF(COUNTIF(原始数据!58:58,原始数据!AC58)>1,"×","")) | AC58: =IF(原始数据!AD58="","",IF(COUNTIF(原始数据!58:58,原始数据!AD58)>1,"×","")) | AD58: =IF(原始数据!AE58="","",IF(COUNTIF(原始数据!58:58,原始数据!AE58)>1,"×","")) | ... AN58: =IF(原始数据!AO58="","",IF(COUNTIF(原始数据!58:58,原始数据!AO58)>1,"×",""))
A59: =IF(IFERROR(原始数据!B59,"×")="×","×","") | B59: =IF(IFERROR(原始数据!C59,"×")="×","×","") | C59: =IF(IFERROR(原始数据!D59,"×")="×","×","") | D59: =IF(IFERROR(原始数据!E59,"×")="×","×","") | E59: =IF(IFERROR(原始数据!F59,"×")="×","×","") | F59: =IF(IFERROR(原始数据!G59,"×")="×","×","") | G59: =IF(IFERROR(原始数据!H59,"×")="×","×","") | H59: =IF(IFERROR(原始数据!I59,"×")="×","×","") | ... T59: =IF(IFERROR(原始数据!U59,"×")="×","×","") | U59: {=IF(原始数据!V59="-","",IF(原始数据!V59="","",IF(COUNT(FIND(原始数据!V59,原始数据!59:59))=2,"×","")))} | V59: {=IF(原始数据!W59="-","",IF(原始数据!W59="","",IF(COUNT(FIND(原始数据!W59,原始数据!59:59))=2,"×","")))} | W59: =IF(原始数据!X59="","",IF(COUNTIF(原始数据!59:59,原始数据!X59)>1,"×","")) | X59: =IF(原始数据!Y59="","",IF(COUNTIF(原始数据!59:59,原始数据!Y59)>1,"×","")) | Y59: =IF(原始数据!Z59="","",IF(COUNTIF(原始数据!59:59,原始数据!Z59)>1,"×","")) | Z59: =IF(原始数据!AA59="","",IF(COUNTIF(原始数据!59:59,原始数据!AA59)>1,"×","")) | AA59: =IF(原始数据!AB59="","",IF(COUNTIF(原始数据!59:59,原始数据!AB59)>1,"×","")) | AB59: =IF(原始数据!AC59="","",IF(COUNTIF(原始数据!59:59,原始数据!AC59)>1,"×","")) | AC59: =IF(原始数据!AD59="","",IF(COUNTIF(原始数据!59:59,原始数据!AD59)>1,"×","")) | AD59: =IF(原始数据!AE59="","",IF(COUNTIF(原始数据!59:59,原始数据!AE59)>1,"×","")) | ... AN59: =IF(原始数据!AO59="","",IF(COUNTIF(原始数据!59:59,原始数据!AO59)>1,"×",""))
A60: =IF(IFERROR(原始数据!B60,"×")="×","×","") | B60: =IF(IFERROR(原始数据!C60,"×")="×","×","") | C60: =IF(IFERROR(原始数据!D60,"×")="×","×","") | D60: =IF(IFERROR(原始数据!E60,"×")="×","×","") | E60: =IF(IFERROR(原始数据!F60,"×")="×","×","") | F60: =IF(IFERROR(原始数据!G60,"×")="×","×","") | G60: =IF(IFERROR(原始数据!H60,"×")="×","×","") | H60: =IF(IFERROR(原始数据!I60,"×")="×","×","") | ... T60: =IF(IFERROR(原始数据!U60,"×")="×","×","") | U60: {=IF(原始数据!V60="-","",IF(原始数据!V60="","",IF(COUNT(FIND(原始数据!V60,原始数据!60:60))=2,"×","")))} | V60: {=IF(原始数据!W60="-","",IF(原始数据!W60="","",IF(COUNT(FIND(原始数据!W60,原始数据!60:60))=2,"×","")))} | W60: =IF(原始数据!X60="","",IF(COUNTIF(原始数据!60:60,原始数据!X60)>1,"×","")) | X60: =IF(原始数据!Y60="","",IF(COUNTIF(原始数据!60:60,原始数据!Y60)>1,"×","")) | Y60: =IF(原始数据!Z60="","",IF(COUNTIF(原始数据!60:60,原始数据!Z60)>1,"×","")) | Z60: =IF(原始数据!AA60="","",IF(COUNTIF(原始数据!60:60,原始数据!AA60)>1,"×","")) | AA60: =IF(原始数据!AB60="","",IF(COUNTIF(原始数据!60:60,原始数据!AB60)>1,"×","")) | AB60: =IF(原始数据!AC60="","",IF(COUNTIF(原始数据!60:60,原始数据!AC60)>1,"×","")) | AC60: =IF(原始数据!AD60="","",IF(COUNTIF(原始数据!60:60,原始数据!AD60)>1,"×","")) | AD60: =IF(原始数据!AE60="","",IF(COUNTIF(原始数据!60:60,原始数据!AE60)>1,"×","")) | ... AN60: =IF(原始数据!AO60="","",IF(COUNTIF(原始数据!60:60,原始数据!AO60)>1,"×",""))
A61: =IF(IFERROR(原始数据!B61,"×")="×","×","") | B61: =IF(IFERROR(原始数据!C61,"×")="×","×","") | C61: =IF(IFERROR(原始数据!D61,"×")="×","×","") | D61: =IF(IFERROR(原始数据!E61,"×")="×","×","") | E61: =IF(IFERROR(原始数据!F61,"×")="×","×","") | F61: =IF(IFERROR(原始数据!G61,"×")="×","×","") | G61: =IF(IFERROR(原始数据!H61,"×")="×","×","") | H61: =IF(IFERROR(原始数据!I61,"×")="×","×","") | ... T61: =IF(IFERROR(原始数据!U61,"×")="×","×","") | U61: {=IF(原始数据!V61="-","",IF(原始数据!V61="","",IF(COUNT(FIND(原始数据!V61,原始数据!61:61))=2,"×","")))} | V61: {=IF(原始数据!W61="-","",IF(原始数据!W61="","",IF(COUNT(FIND(原始数据!W61,原始数据!61:61))=2,"×","")))} | W61: =IF(原始数据!X61="","",IF(COUNTIF(原始数据!61:61,原始数据!X61)>1,"×","")) | X61: =IF(原始数据!Y61="","",IF(COUNTIF(原始数据!61:61,原始数据!Y61)>1,"×","")) | Y61: =IF(原始数据!Z61="","",IF(COUNTIF(原始数据!61:61,原始数据!Z61)>1,"×","")) | Z61: =IF(原始数据!AA61="","",IF(COUNTIF(原始数据!61:61,原始数据!AA61)>1,"×","")) | AA61: =IF(原始数据!AB61="","",IF(COUNTIF(原始数据!61:61,原始数据!AB61)>1,"×","")) | AB61: =IF(原始数据!AC61="","",IF(COUNTIF(原始数据!61:61,原始数据!AC61)>1,"×","")) | AC61: =IF(原始数据!AD61="","",IF(COUNTIF(原始数据!61:61,原始数据!AD61)>1,"×","")) | AD61: =IF(原始数据!AE61="","",IF(COUNTIF(原始数据!61:61,原始数据!AE61)>1,"×","")) | ... AN61: =IF(原始数据!AO61="","",IF(COUNTIF(原始数据!61:61,原始数据!AO61)>1,"×",""))
A62: =IF(IFERROR(原始数据!B62,"×")="×","×","") | B62: =IF(IFERROR(原始数据!C62,"×")="×","×","") | C62: =IF(IFERROR(原始数据!D62,"×")="×","×","") | D62: =IF(IFERROR(原始数据!E62,"×")="×","×","") | E62: =IF(IFERROR(原始数据!F62,"×")="×","×","") | F62: =IF(IFERROR(原始数据!G62,"×")="×","×","") | G62: =IF(IFERROR(原始数据!H62,"×")="×","×","") | H62: =IF(IFERROR(原始数据!I62,"×")="×","×","") | ... T62: =IF(IFERROR(原始数据!U62,"×")="×","×","") | U62: {=IF(原始数据!V62="-","",IF(原始数据!V62="","",IF(COUNT(FIND(原始数据!V62,原始数据!62:62))=2,"×","")))} | V62: {=IF(原始数据!W62="-","",IF(原始数据!W62="","",IF(COUNT(FIND(原始数据!W62,原始数据!62:62))=2,"×","")))} | W62: =IF(原始数据!X62="","",IF(COUNTIF(原始数据!62:62,原始数据!X62)>1,"×","")) | X62: =IF(原始数据!Y62="","",IF(COUNTIF(原始数据!62:62,原始数据!Y62)>1,"×","")) | Y62: =IF(原始数据!Z62="","",IF(COUNTIF(原始数据!62:62,原始数据!Z62)>1,"×","")) | Z62: =IF(原始数据!AA62="","",IF(COUNTIF(原始数据!62:62,原始数据!AA62)>1,"×","")) | AA62: =IF(原始数据!AB62="","",IF(COUNTIF(原始数据!62:62,原始数据!AB62)>1,"×","")) | AB62: =IF(原始数据!AC62="","",IF(COUNTIF(原始数据!62:62,原始数据!AC62)>1,"×","")) | AC62: =IF(原始数据!AD62="","",IF(COUNTIF(原始数据!62:62,原始数据!AD62)>1,"×","")) | AD62: =IF(原始数据!AE62="","",IF(COUNTIF(原始数据!62:62,原始数据!AE62)>1,"×","")) | ... AN62: =IF(原始数据!AO62="","",IF(COUNTIF(原始数据!62:62,原始数据!AO62)>1,"×",""))
A63: =IF(IFERROR(原始数据!B63,"×")="×","×","") | B63: =IF(IFERROR(原始数据!C63,"×")="×","×","") | C63: =IF(IFERROR(原始数据!D63,"×")="×","×","") | D63: =IF(IFERROR(原始数据!E63,"×")="×","×","") | E63: =IF(IFERROR(原始数据!F63,"×")="×","×","") | F63: =IF(IFERROR(原始数据!G63,"×")="×","×","") | G63: =IF(IFERROR(原始数据!H63,"×")="×","×","") | H63: =IF(IFERROR(原始数据!I63,"×")="×","×","") | ... T63: =IF(IFERROR(原始数据!U63,"×")="×","×","") | U63: {=IF(原始数据!V63="-","",IF(原始数据!V63="","",IF(COUNT(FIND(原始数据!V63,原始数据!63:63))=2,"×","")))} | V63: {=IF(原始数据!W63="-","",IF(原始数据!W63="","",IF(COUNT(FIND(原始数据!W63,原始数据!63:63))=2,"×","")))} | W63: =IF(原始数据!X63="","",IF(COUNTIF(原始数据!63:63,原始数据!X63)>1,"×","")) | X63: =IF(原始数据!Y63="","",IF(COUNTIF(原始数据!63:63,原始数据!Y63)>1,"×","")) | Y63: =IF(原始数据!Z63="","",IF(COUNTIF(原始数据!63:63,原始数据!Z63)>1,"×","")) | Z63: =IF(原始数据!AA63="","",IF(COUNTIF(原始数据!63:63,原始数据!AA63)>1,"×","")) | AA63: =IF(原始数据!AB63="","",IF(COUNTIF(原始数据!63:63,原始数据!AB63)>1,"×","")) | AB63: =IF(原始数据!AC63="","",IF(COUNTIF(原始数据!63:63,原始数据!AC63)>1,"×","")) | AC63: =IF(原始数据!AD63="","",IF(COUNTIF(原始数据!63:63,原始数据!AD63)>1,"×","")) | AD63: =IF(原始数据!AE63="","",IF(COUNTIF(原始数据!63:63,原始数据!AE63)>1,"×","")) | ... AN63: =IF(原始数据!AO63="","",IF(COUNTIF(原始数据!63:63,原始数据!AO63)>1,"×",""))
A64: =IF(IFERROR(原始数据!B64,"×")="×","×","") | B64: =IF(IFERROR(原始数据!C64,"×")="×","×","") | C64: =IF(IFERROR(原始数据!D64,"×")="×","×","") | D64: =IF(IFERROR(原始数据!E64,"×")="×","×","") | E64: =IF(IFERROR(原始数据!F64,"×")="×","×","") | F64: =IF(IFERROR(原始数据!G64,"×")="×","×","") | G64: =IF(IFERROR(原始数据!H64,"×")="×","×","") | H64: =IF(IFERROR(原始数据!I64,"×")="×","×","") | ... T64: =IF(IFERROR(原始数据!U64,"×")="×","×","") | U64: {=IF(原始数据!V64="-","",IF(原始数据!V64="","",IF(COUNT(FIND(原始数据!V64,原始数据!64:64))=2,"×","")))} | V64: {=IF(原始数据!W64="-","",IF(原始数据!W64="","",IF(COUNT(FIND(原始数据!W64,原始数据!64:64))=2,"×","")))} | W64: =IF(原始数据!X64="","",IF(COUNTIF(原始数据!64:64,原始数据!X64)>1,"×","")) | X64: =IF(原始数据!Y64="","",IF(COUNTIF(原始数据!64:64,原始数据!Y64)>1,"×","")) | Y64: =IF(原始数据!Z64="","",IF(COUNTIF(原始数据!64:64,原始数据!Z64)>1,"×","")) | Z64: =IF(原始数据!AA64="","",IF(COUNTIF(原始数据!64:64,原始数据!AA64)>1,"×","")) | AA64: =IF(原始数据!AB64="","",IF(COUNTIF(原始数据!64:64,原始数据!AB64)>1,"×","")) | AB64: =IF(原始数据!AC64="","",IF(COUNTIF(原始数据!64:64,原始数据!AC64)>1,"×","")) | AC64: =IF(原始数据!AD64="","",IF(COUNTIF(原始数据!64:64,原始数据!AD64)>1,"×","")) | AD64: =IF(原始数据!AE64="","",IF(COUNTIF(原始数据!64:64,原始数据!AE64)>1,"×","")) | ... AN64: =IF(原始数据!AO64="","",IF(COUNTIF(原始数据!64:64,原始数据!AO64)>1,"×",""))
A65: =IF(IFERROR(原始数据!B65,"×")="×","×","") | B65: =IF(IFERROR(原始数据!C65,"×")="×","×","") | C65: =IF(IFERROR(原始数据!D65,"×")="×","×","") | D65: =IF(IFERROR(原始数据!E65,"×")="×","×","") | E65: =IF(IFERROR(原始数据!F65,"×")="×","×","") | F65: =IF(IFERROR(原始数据!G65,"×")="×","×","") | G65: =IF(IFERROR(原始数据!H65,"×")="×","×","") | H65: =IF(IFERROR(原始数据!I65,"×")="×","×","") | ... T65: =IF(IFERROR(原始数据!U65,"×")="×","×","") | U65: {=IF(原始数据!V65="-","",IF(原始数据!V65="","",IF(COUNT(FIND(原始数据!V65,原始数据!65:65))=2,"×","")))} | V65: {=IF(原始数据!W65="-","",IF(原始数据!W65="","",IF(COUNT(FIND(原始数据!W65,原始数据!65:65))=2,"×","")))} | W65: =IF(原始数据!X65="","",IF(COUNTIF(原始数据!65:65,原始数据!X65)>1,"×","")) | X65: =IF(原始数据!Y65="","",IF(COUNTIF(原始数据!65:65,原始数据!Y65)>1,"×","")) | Y65: =IF(原始数据!Z65="","",IF(COUNTIF(原始数据!65:65,原始数据!Z65)>1,"×","")) | Z65: =IF(原始数据!AA65="","",IF(COUNTIF(原始数据!65:65,原始数据!AA65)>1,"×","")) | AA65: =IF(原始数据!AB65="","",IF(COUNTIF(原始数据!65:65,原始数据!AB65)>1,"×","")) | AB65: =IF(原始数据!AC65="","",IF(COUNTIF(原始数据!65:65,原始数据!AC65)>1,"×","")) | AC65: =IF(原始数据!AD65="","",IF(COUNTIF(原始数据!65:65,原始数据!AD65)>1,"×","")) | AD65: =IF(原始数据!AE65="","",IF(COUNTIF(原始数据!65:65,原始数据!AE65)>1,"×","")) | ... AN65: =IF(原始数据!AO65="","",IF(COUNTIF(原始数据!65:65,原始数据!AO65)>1,"×",""))
A66: =IF(IFERROR(原始数据!B66,"×")="×","×","") | B66: =IF(IFERROR(原始数据!C66,"×")="×","×","") | C66: =IF(IFERROR(原始数据!D66,"×")="×","×","") | D66: =IF(IFERROR(原始数据!E66,"×")="×","×","") | E66: =IF(IFERROR(原始数据!F66,"×")="×","×","") | F66: =IF(IFERROR(原始数据!G66,"×")="×","×","") | G66: =IF(IFERROR(原始数据!H66,"×")="×","×","") | H66: =IF(IFERROR(原始数据!I66,"×")="×","×","") | ... T66: =IF(IFERROR(原始数据!U66,"×")="×","×","") | U66: {=IF(原始数据!V66="-","",IF(原始数据!V66="","",IF(COUNT(FIND(原始数据!V66,原始数据!66:66))=2,"×","")))} | V66: {=IF(原始数据!W66="-","",IF(原始数据!W66="","",IF(COUNT(FIND(原始数据!W66,原始数据!66:66))=2,"×","")))} | W66: =IF(原始数据!X66="","",IF(COUNTIF(原始数据!66:66,原始数据!X66)>1,"×","")) | X66: =IF(原始数据!Y66="","",IF(COUNTIF(原始数据!66:66,原始数据!Y66)>1,"×","")) | Y66: =IF(原始数据!Z66="","",IF(COUNTIF(原始数据!66:66,原始数据!Z66)>1,"×","")) | Z66: =IF(原始数据!AA66="","",IF(COUNTIF(原始数据!66:66,原始数据!AA66)>1,"×","")) | AA66: =IF(原始数据!AB66="","",IF(COUNTIF(原始数据!66:66,原始数据!AB66)>1,"×","")) | AB66: =IF(原始数据!AC66="","",IF(COUNTIF(原始数据!66:66,原始数据!AC66)>1,"×","")) | AC66: =IF(原始数据!AD66="","",IF(COUNTIF(原始数据!66:66,原始数据!AD66)>1,"×","")) | AD66: =IF(原始数据!AE66="","",IF(COUNTIF(原始数据!66:66,原始数据!AE66)>1,"×","")) | ... AN66: =IF(原始数据!AO66="","",IF(COUNTIF(原始数据!66:66,原始数据!AO66)>1,"×",""))
A67: =IF(IFERROR(原始数据!B67,"×")="×","×","") | B67: =IF(IFERROR(原始数据!C67,"×")="×","×","") | C67: =IF(IFERROR(原始数据!D67,"×")="×","×","") | D67: =IF(IFERROR(原始数据!E67,"×")="×","×","") | E67: =IF(IFERROR(原始数据!F67,"×")="×","×","") | F67: =IF(IFERROR(原始数据!G67,"×")="×","×","") | G67: =IF(IFERROR(原始数据!H67,"×")="×","×","") | H67: =IF(IFERROR(原始数据!I67,"×")="×","×","") | ... T67: =IF(IFERROR(原始数据!U67,"×")="×","×","") | U67: {=IF(原始数据!V67="-","",IF(原始数据!V67="","",IF(COUNT(FIND(原始数据!V67,原始数据!67:67))=2,"×","")))} | V67: {=IF(原始数据!W67="-","",IF(原始数据!W67="","",IF(COUNT(FIND(原始数据!W67,原始数据!67:67))=2,"×","")))} | W67: =IF(原始数据!X67="","",IF(COUNTIF(原始数据!67:67,原始数据!X67)>1,"×","")) | X67: =IF(原始数据!Y67="","",IF(COUNTIF(原始数据!67:67,原始数据!Y67)>1,"×","")) | Y67: =IF(原始数据!Z67="","",IF(COUNTIF(原始数据!67:67,原始数据!Z67)>1,"×","")) | Z67: =IF(原始数据!AA67="","",IF(COUNTIF(原始数据!67:67,原始数据!AA67)>1,"×","")) | AA67: =IF(原始数据!AB67="","",IF(COUNTIF(原始数据!67:67,原始数据!AB67)>1,"×","")) | AB67: =IF(原始数据!AC67="","",IF(COUNTIF(原始数据!67:67,原始数据!AC67)>1,"×","")) | AC67: =IF(原始数据!AD67="","",IF(COUNTIF(原始数据!67:67,原始数据!AD67)>1,"×","")) | AD67: =IF(原始数据!AE67="","",IF(COUNTIF(原始数据!67:67,原始数据!AE67)>1,"×","")) | ... AN67: =IF(原始数据!AO67="","",IF(COUNTIF(原始数据!67:67,原始数据!AO67)>1,"×",""))
A68: =IF(IFERROR(原始数据!B68,"×")="×","×","") | B68: =IF(IFERROR(原始数据!C68,"×")="×","×","") | C68: =IF(IFERROR(原始数据!D68,"×")="×","×","") | D68: =IF(IFERROR(原始数据!E68,"×")="×","×","") | E68: =IF(IFERROR(原始数据!F68,"×")="×","×","") | F68: =IF(IFERROR(原始数据!G68,"×")="×","×","") | G68: =IF(IFERROR(原始数据!H68,"×")="×","×","") | H68: =IF(IFERROR(原始数据!I68,"×")="×","×","") | ... T68: =IF(IFERROR(原始数据!U68,"×")="×","×","") | U68: {=IF(原始数据!V68="-","",IF(原始数据!V68="","",IF(COUNT(FIND(原始数据!V68,原始数据!68:68))=2,"×","")))} | V68: {=IF(原始数据!W68="-","",IF(原始数据!W68="","",IF(COUNT(FIND(原始数据!W68,原始数据!68:68))=2,"×","")))} | W68: =IF(原始数据!X68="","",IF(COUNTIF(原始数据!68:68,原始数据!X68)>1,"×","")) | X68: =IF(原始数据!Y68="","",IF(COUNTIF(原始数据!68:68,原始数据!Y68)>1,"×","")) | Y68: =IF(原始数据!Z68="","",IF(COUNTIF(原始数据!68:68,原始数据!Z68)>1,"×","")) | Z68: =IF(原始数据!AA68="","",IF(COUNTIF(原始数据!68:68,原始数据!AA68)>1,"×","")) | AA68: =IF(原始数据!AB68="","",IF(COUNTIF(原始数据!68:68,原始数据!AB68)>1,"×","")) | AB68: =IF(原始数据!AC68="","",IF(COUNTIF(原始数据!68:68,原始数据!AC68)>1,"×","")) | AC68: =IF(原始数据!AD68="","",IF(COUNTIF(原始数据!68:68,原始数据!AD68)>1,"×","")) | AD68: =IF(原始数据!AE68="","",IF(COUNTIF(原始数据!68:68,原始数据!AE68)>1,"×","")) | ... AN68: =IF(原始数据!AO68="","",IF(COUNTIF(原始数据!68:68,原始数据!AO68)>1,"×",""))
A69: =IF(IFERROR(原始数据!B69,"×")="×","×","") | B69: =IF(IFERROR(原始数据!C69,"×")="×","×","") | C69: =IF(IFERROR(原始数据!D69,"×")="×","×","") | D69: =IF(IFERROR(原始数据!E69,"×")="×","×","") | E69: =IF(IFERROR(原始数据!F69,"×")="×","×","") | F69: =IF(IFERROR(原始数据!G69,"×")="×","×","") | G69: =IF(IFERROR(原始数据!H69,"×")="×","×","") | H69: =IF(IFERROR(原始数据!I69,"×")="×","×","") | ... T69: =IF(IFERROR(原始数据!U69,"×")="×","×","") | U69: {=IF(原始数据!V69="-","",IF(原始数据!V69="","",IF(COUNT(FIND(原始数据!V69,原始数据!69:69))=2,"×","")))} | V69: {=IF(原始数据!W69="-","",IF(原始数据!W69="","",IF(COUNT(FIND(原始数据!W69,原始数据!69:69))=2,"×","")))} | W69: =IF(原始数据!X69="","",IF(COUNTIF(原始数据!69:69,原始数据!X69)>1,"×","")) | X69: =IF(原始数据!Y69="","",IF(COUNTIF(原始数据!69:69,原始数据!Y69)>1,"×","")) | Y69: =IF(原始数据!Z69="","",IF(COUNTIF(原始数据!69:69,原始数据!Z69)>1,"×","")) | Z69: =IF(原始数据!AA69="","",IF(COUNTIF(原始数据!69:69,原始数据!AA69)>1,"×","")) | AA69: =IF(原始数据!AB69="","",IF(COUNTIF(原始数据!69:69,原始数据!AB69)>1,"×","")) | AB69: =IF(原始数据!AC69="","",IF(COUNTIF(原始数据!69:69,原始数据!AC69)>1,"×","")) | AC69: =IF(原始数据!AD69="","",IF(COUNTIF(原始数据!69:69,原始数据!AD69)>1,"×","")) | AD69: =IF(原始数据!AE69="","",IF(COUNTIF(原始数据!69:69,原始数据!AE69)>1,"×","")) | ... AN69: =IF(原始数据!AO69="","",IF(COUNTIF(原始数据!69:69,原始数据!AO69)>1,"×",""))
A70: =IF(IFERROR(原始数据!B70,"×")="×","×","") | B70: =IF(IFERROR(原始数据!C70,"×")="×","×","") | C70: =IF(IFERROR(原始数据!D70,"×")="×","×","") | D70: =IF(IFERROR(原始数据!E70,"×")="×","×","") | E70: =IF(IFERROR(原始数据!F70,"×")="×","×","") | F70: =IF(IFERROR(原始数据!G70,"×")="×","×","") | G70: =IF(IFERROR(原始数据!H70,"×")="×","×","") | H70: =IF(IFERROR(原始数据!I70,"×")="×","×","") | ... T70: =IF(IFERROR(原始数据!U70,"×")="×","×","") | U70: {=IF(原始数据!V70="-","",IF(原始数据!V70="","",IF(COUNT(FIND(原始数据!V70,原始数据!70:70))=2,"×","")))} | V70: {=IF(原始数据!W70="-","",IF(原始数据!W70="","",IF(COUNT(FIND(原始数据!W70,原始数据!70:70))=2,"×","")))} | W70: =IF(原始数据!X70="","",IF(COUNTIF(原始数据!70:70,原始数据!X70)>1,"×","")) | X70: =IF(原始数据!Y70="","",IF(COUNTIF(原始数据!70:70,原始数据!Y70)>1,"×","")) | Y70: =IF(原始数据!Z70="","",IF(COUNTIF(原始数据!70:70,原始数据!Z70)>1,"×","")) | Z70: =IF(原始数据!AA70="","",IF(COUNTIF(原始数据!70:70,原始数据!AA70)>1,"×","")) | AA70: =IF(原始数据!AB70="","",IF(COUNTIF(原始数据!70:70,原始数据!AB70)>1,"×","")) | AB70: =IF(原始数据!AC70="","",IF(COUNTIF(原始数据!70:70,原始数据!AC70)>1,"×","")) | AC70: =IF(原始数据!AD70="","",IF(COUNTIF(原始数据!70:70,原始数据!AD70)>1,"×","")) | AD70: =IF(原始数据!AE70="","",IF(COUNTIF(原始数据!70:70,原始数据!AE70)>1,"×","")) | ... AN70: =IF(原始数据!AO70="","",IF(COUNTIF(原始数据!70:70,原始数据!AO70)>1,"×",""))
A71: =IF(IFERROR(原始数据!B71,"×")="×","×","") | B71: =IF(IFERROR(原始数据!C71,"×")="×","×","") | C71: =IF(IFERROR(原始数据!D71,"×")="×","×","") | D71: =IF(IFERROR(原始数据!E71,"×")="×","×","") | E71: =IF(IFERROR(原始数据!F71,"×")="×","×","") | F71: =IF(IFERROR(原始数据!G71,"×")="×","×","") | G71: =IF(IFERROR(原始数据!H71,"×")="×","×","") | H71: =IF(IFERROR(原始数据!I71,"×")="×","×","") | ... T71: =IF(IFERROR(原始数据!U71,"×")="×","×","") | U71: {=IF(原始数据!V71="-","",IF(原始数据!V71="","",IF(COUNT(FIND(原始数据!V71,原始数据!71:71))=2,"×","")))} | V71: {=IF(原始数据!W71="-","",IF(原始数据!W71="","",IF(COUNT(FIND(原始数据!W71,原始数据!71:71))=2,"×","")))} | W71: =IF(原始数据!X71="","",IF(COUNTIF(原始数据!71:71,原始数据!X71)>1,"×","")) | X71: =IF(原始数据!Y71="","",IF(COUNTIF(原始数据!71:71,原始数据!Y71)>1,"×","")) | Y71: =IF(原始数据!Z71="","",IF(COUNTIF(原始数据!71:71,原始数据!Z71)>1,"×","")) | Z71: =IF(原始数据!AA71="","",IF(COUNTIF(原始数据!71:71,原始数据!AA71)>1,"×","")) | AA71: =IF(原始数据!AB71="","",IF(COUNTIF(原始数据!71:71,原始数据!AB71)>1,"×","")) | AB71: =IF(原始数据!AC71="","",IF(COUNTIF(原始数据!71:71,原始数据!AC71)>1,"×","")) | AC71: =IF(原始数据!AD71="","",IF(COUNTIF(原始数据!71:71,原始数据!AD71)>1,"×","")) | AD71: =IF(原始数据!AE71="","",IF(COUNTIF(原始数据!71:71,原始数据!AE71)>1,"×","")) | ... AN71: =IF(原始数据!AO71="","",IF(COUNTIF(原始数据!71:71,原始数据!AO71)>1,"×",""))
A72: =IF(IFERROR(原始数据!B72,"×")="×","×","") | B72: =IF(IFERROR(原始数据!C72,"×")="×","×","") | C72: =IF(IFERROR(原始数据!D72,"×")="×","×","") | D72: =IF(IFERROR(原始数据!E72,"×")="×","×","") | E72: =IF(IFERROR(原始数据!F72,"×")="×","×","") | F72: =IF(IFERROR(原始数据!G72,"×")="×","×","") | G72: =IF(IFERROR(原始数据!H72,"×")="×","×","") | H72: =IF(IFERROR(原始数据!I72,"×")="×","×","") | ... T72: =IF(IFERROR(原始数据!U72,"×")="×","×","") | U72: {=IF(原始数据!V74="-","",IF(原始数据!V74="","",IF(COUNT(FIND(原始数据!V74,原始数据!72:72))=2,"×","")))} | V72: {=IF(原始数据!W74="-","",IF(原始数据!W74="","",IF(COUNT(FIND(原始数据!W74,原始数据!72:72))=2,"×","")))} | W72: =IF(原始数据!X72="","",IF(COUNTIF(原始数据!72:72,原始数据!X72)>1,"×","")) | X72: =IF(原始数据!Y72="","",IF(COUNTIF(原始数据!72:72,原始数据!Y72)>1,"×","")) | Y72: =IF(原始数据!Z72="","",IF(COUNTIF(原始数据!72:72,原始数据!Z72)>1,"×","")) | Z72: =IF(原始数据!AA72="","",IF(COUNTIF(原始数据!72:72,原始数据!AA72)>1,"×","")) | AA72: =IF(原始数据!AB72="","",IF(COUNTIF(原始数据!72:72,原始数据!AB72)>1,"×","")) | AB72: =IF(原始数据!AC72="","",IF(COUNTIF(原始数据!72:72,原始数据!AC72)>1,"×","")) | AC72: =IF(原始数据!AD72="","",IF(COUNTIF(原始数据!72:72,原始数据!AD72)>1,"×","")) | AD72: =IF(原始数据!AE72="","",IF(COUNTIF(原始数据!72:72,原始数据!AE72)>1,"×","")) | ... AN72: =IF(原始数据!AO72="","",IF(COUNTIF(原始数据!72:72,原始数据!AO72)>1,"×",""))
A73: =IF(IFERROR(原始数据!B73,"×")="×","×","") | B73: =IF(IFERROR(原始数据!C73,"×")="×","×","") | C73: =IF(IFERROR(原始数据!D73,"×")="×","×","") | D73: =IF(IFERROR(原始数据!E73,"×")="×","×","") | E73: =IF(IFERROR(原始数据!F73,"×")="×","×","") | F73: =IF(IFERROR(原始数据!G73,"×")="×","×","") | G73: =IF(IFERROR(原始数据!H73,"×")="×","×","") | H73: =IF(IFERROR(原始数据!I73,"×")="×","×","") | ... T73: =IF(IFERROR(原始数据!U73,"×")="×","×","") | U73: {=IF(原始数据!V75="-","",IF(原始数据!V75="","",IF(COUNT(FIND(原始数据!V75,原始数据!73:73))=2,"×","")))} | V73: {=IF(原始数据!W75="-","",IF(原始数据!W75="","",IF(COUNT(FIND(原始数据!W75,原始数据!73:73))=2,"×","")))} | W73: =IF(原始数据!X73="","",IF(COUNTIF(原始数据!73:73,原始数据!X73)>1,"×","")) | X73: =IF(原始数据!Y73="","",IF(COUNTIF(原始数据!73:73,原始数据!Y73)>1,"×","")) | Y73: =IF(原始数据!Z73="","",IF(COUNTIF(原始数据!73:73,原始数据!Z73)>1,"×","")) | Z73: =IF(原始数据!AA73="","",IF(COUNTIF(原始数据!73:73,原始数据!AA73)>1,"×","")) | AA73: =IF(原始数据!AB73="","",IF(COUNTIF(原始数据!73:73,原始数据!AB73)>1,"×","")) | AB73: =IF(原始数据!AC73="","",IF(COUNTIF(原始数据!73:73,原始数据!AC73)>1,"×","")) | AC73: =IF(原始数据!AD73="","",IF(COUNTIF(原始数据!73:73,原始数据!AD73)>1,"×","")) | AD73: =IF(原始数据!AE73="","",IF(COUNTIF(原始数据!73:73,原始数据!AE73)>1,"×","")) | ... AN73: =IF(原始数据!AO73="","",IF(COUNTIF(原始数据!73:73,原始数据!AO73)>1,"×",""))
A74: =IF(IFERROR(原始数据!B74,"×")="×","×","") | B74: =IF(IFERROR(原始数据!C74,"×")="×","×","") | C74: =IF(IFERROR(原始数据!D74,"×")="×","×","") | D74: =IF(IFERROR(原始数据!E74,"×")="×","×","") | E74: =IF(IFERROR(原始数据!F74,"×")="×","×","") | F74: =IF(IFERROR(原始数据!G74,"×")="×","×","") | G74: =IF(IFERROR(原始数据!H74,"×")="×","×","") | H74: =IF(IFERROR(原始数据!I74,"×")="×","×","") | ... T74: =IF(IFERROR(原始数据!U74,"×")="×","×","") | U74: {=IF(原始数据!V76="-","",IF(原始数据!V76="","",IF(COUNT(FIND(原始数据!V76,原始数据!74:74))=2,"×","")))} | V74: {=IF(原始数据!W76="-","",IF(原始数据!W76="","",IF(COUNT(FIND(原始数据!W76,原始数据!74:74))=2,"×","")))} | W74: =IF(原始数据!X74="","",IF(COUNTIF(原始数据!74:74,原始数据!X74)>1,"×","")) | X74: =IF(原始数据!Y74="","",IF(COUNTIF(原始数据!74:74,原始数据!Y74)>1,"×","")) | Y74: =IF(原始数据!Z74="","",IF(COUNTIF(原始数据!74:74,原始数据!Z74)>1,"×","")) | Z74: =IF(原始数据!AA74="","",IF(COUNTIF(原始数据!74:74,原始数据!AA74)>1,"×","")) | AA74: =IF(原始数据!AB74="","",IF(COUNTIF(原始数据!74:74,原始数据!AB74)>1,"×","")) | AB74: =IF(原始数据!AC74="","",IF(COUNTIF(原始数据!74:74,原始数据!AC74)>1,"×","")) | AC74: =IF(原始数据!AD74="","",IF(COUNTIF(原始数据!74:74,原始数据!AD74)>1,"×","")) | AD74: =IF(原始数据!AE74="","",IF(COUNTIF(原始数据!74:74,原始数据!AE74)>1,"×","")) | ... AN74: =IF(原始数据!AO74="","",IF(COUNTIF(原始数据!74:74,原始数据!AO74)>1,"×",""))
A75: =IF(IFERROR(原始数据!B75,"×")="×","×","") | B75: =IF(IFERROR(原始数据!C75,"×")="×","×","") | C75: =IF(IFERROR(原始数据!D75,"×")="×","×","") | D75: =IF(IFERROR(原始数据!E75,"×")="×","×","") | E75: =IF(IFERROR(原始数据!F75,"×")="×","×","") | F75: =IF(IFERROR(原始数据!G75,"×")="×","×","") | G75: =IF(IFERROR(原始数据!H75,"×")="×","×","") | H75: =IF(IFERROR(原始数据!I75,"×")="×","×","") | ... T75: =IF(IFERROR(原始数据!U75,"×")="×","×","") | U75: {=IF(原始数据!V77="-","",IF(原始数据!V77="","",IF(COUNT(FIND(原始数据!V77,原始数据!75:75))=2,"×","")))} | V75: {=IF(原始数据!W77="-","",IF(原始数据!W77="","",IF(COUNT(FIND(原始数据!W77,原始数据!75:75))=2,"×","")))} | W75: =IF(原始数据!X75="","",IF(COUNTIF(原始数据!75:75,原始数据!X75)>1,"×","")) | X75: =IF(原始数据!Y75="","",IF(COUNTIF(原始数据!75:75,原始数据!Y75)>1,"×","")) | Y75: =IF(原始数据!Z75="","",IF(COUNTIF(原始数据!75:75,原始数据!Z75)>1,"×","")) | Z75: =IF(原始数据!AA75="","",IF(COUNTIF(原始数据!75:75,原始数据!AA75)>1,"×","")) | AA75: =IF(原始数据!AB75="","",IF(COUNTIF(原始数据!75:75,原始数据!AB75)>1,"×","")) | AB75: =IF(原始数据!AC75="","",IF(COUNTIF(原始数据!75:75,原始数据!AC75)>1,"×","")) | AC75: =IF(原始数据!AD75="","",IF(COUNTIF(原始数据!75:75,原始数据!AD75)>1,"×","")) | AD75: =IF(原始数据!AE75="","",IF(COUNTIF(原始数据!75:75,原始数据!AE75)>1,"×","")) | ... AN75: =IF(原始数据!AO75="","",IF(COUNTIF(原始数据!75:75,原始数据!AO75)>1,"×",""))
A76: =IF(IFERROR(原始数据!B76,"×")="×","×","") | B76: =IF(IFERROR(原始数据!C76,"×")="×","×","") | C76: =IF(IFERROR(原始数据!D76,"×")="×","×","") | D76: =IF(IFERROR(原始数据!E76,"×")="×","×","") | E76: =IF(IFERROR(原始数据!F76,"×")="×","×","") | F76: =IF(IFERROR(原始数据!G76,"×")="×","×","") | G76: =IF(IFERROR(原始数据!H76,"×")="×","×","") | H76: =IF(IFERROR(原始数据!I76,"×")="×","×","") | ... T76: =IF(IFERROR(原始数据!U76,"×")="×","×","") | U76: {=IF(原始数据!V78="-","",IF(原始数据!V78="","",IF(COUNT(FIND(原始数据!V78,原始数据!76:76))=2,"×","")))} | V76: {=IF(原始数据!W78="-","",IF(原始数据!W78="","",IF(COUNT(FIND(原始数据!W78,原始数据!76:76))=2,"×","")))} | W76: =IF(原始数据!X76="","",IF(COUNTIF(原始数据!76:76,原始数据!X76)>1,"×","")) | X76: =IF(原始数据!Y76="","",IF(COUNTIF(原始数据!76:76,原始数据!Y76)>1,"×","")) | Y76: =IF(原始数据!Z76="","",IF(COUNTIF(原始数据!76:76,原始数据!Z76)>1,"×","")) | Z76: =IF(原始数据!AA76="","",IF(COUNTIF(原始数据!76:76,原始数据!AA76)>1,"×","")) | AA76: =IF(原始数据!AB76="","",IF(COUNTIF(原始数据!76:76,原始数据!AB76)>1,"×","")) | AB76: =IF(原始数据!AC76="","",IF(COUNTIF(原始数据!76:76,原始数据!AC76)>1,"×","")) | AC76: =IF(原始数据!AD76="","",IF(COUNTIF(原始数据!76:76,原始数据!AD76)>1,"×","")) | AD76: =IF(原始数据!AE76="","",IF(COUNTIF(原始数据!76:76,原始数据!AE76)>1,"×","")) | ... AN76: =IF(原始数据!AO76="","",IF(COUNTIF(原始数据!76:76,原始数据!AO76)>1,"×",""))
A77: =IF(IFERROR(原始数据!B77,"×")="×","×","") | B77: =IF(IFERROR(原始数据!C77,"×")="×","×","") | C77: =IF(IFERROR(原始数据!D77,"×")="×","×","") | D77: =IF(IFERROR(原始数据!E77,"×")="×","×","") | E77: =IF(IFERROR(原始数据!F77,"×")="×","×","") | F77: =IF(IFERROR(原始数据!G77,"×")="×","×","") | G77: =IF(IFERROR(原始数据!H77,"×")="×","×","") | H77: =IF(IFERROR(原始数据!I77,"×")="×","×","") | ... T77: =IF(IFERROR(原始数据!U77,"×")="×","×","") | U77: {=IF(原始数据!V77="-","",IF(原始数据!V77="","",IF(COUNT(FIND(原始数据!V77,原始数据!77:77))=2,"×","")))} | V77: {=IF(原始数据!W77="-","",IF(原始数据!W77="","",IF(COUNT(FIND(原始数据!W77,原始数据!77:77))=2,"×","")))} | W77: =IF(原始数据!X77="","",IF(COUNTIF(原始数据!77:77,原始数据!X77)>1,"×","")) | X77: =IF(原始数据!Y77="","",IF(COUNTIF(原始数据!77:77,原始数据!Y77)>1,"×","")) | Y77: =IF(原始数据!Z77="","",IF(COUNTIF(原始数据!77:77,原始数据!Z77)>1,"×","")) | Z77: =IF(原始数据!AA77="","",IF(COUNTIF(原始数据!77:77,原始数据!AA77)>1,"×","")) | AA77: =IF(原始数据!AB77="","",IF(COUNTIF(原始数据!77:77,原始数据!AB77)>1,"×","")) | AB77: =IF(原始数据!AC77="","",IF(COUNTIF(原始数据!77:77,原始数据!AC77)>1,"×","")) | AC77: =IF(原始数据!AD77="","",IF(COUNTIF(原始数据!77:77,原始数据!AD77)>1,"×","")) | AD77: =IF(原始数据!AE77="","",IF(COUNTIF(原始数据!77:77,原始数据!AE77)>1,"×","")) | ... AN77: =IF(原始数据!AO77="","",IF(COUNTIF(原始数据!77:77,原始数据!AO77)>1,"×",""))
A78: =IF(IFERROR(原始数据!B78,"×")="×","×","") | B78: =IF(IFERROR(原始数据!C78,"×")="×","×","") | C78: =IF(IFERROR(原始数据!D78,"×")="×","×","") | D78: =IF(IFERROR(原始数据!E78,"×")="×","×","") | E78: =IF(IFERROR(原始数据!F78,"×")="×","×","") | F78: =IF(IFERROR(原始数据!G78,"×")="×","×","") | G78: =IF(IFERROR(原始数据!H78,"×")="×","×","") | H78: =IF(IFERROR(原始数据!I78,"×")="×","×","") | ... T78: =IF(IFERROR(原始数据!U78,"×")="×","×","") | U78: {=IF(原始数据!V78="-","",IF(原始数据!V78="","",IF(COUNT(FIND(原始数据!V78,原始数据!78:78))=2,"×","")))} | V78: {=IF(原始数据!W78="-","",IF(原始数据!W78="","",IF(COUNT(FIND(原始数据!W78,原始数据!78:78))=2,"×","")))} | W78: =IF(原始数据!X78="","",IF(COUNTIF(原始数据!78:78,原始数据!X78)>1,"×","")) | X78: =IF(原始数据!Y78="","",IF(COUNTIF(原始数据!78:78,原始数据!Y78)>1,"×","")) | Y78: =IF(原始数据!Z78="","",IF(COUNTIF(原始数据!78:78,原始数据!Z78)>1,"×","")) | Z78: =IF(原始数据!AA78="","",IF(COUNTIF(原始数据!78:78,原始数据!AA78)>1,"×","")) | AA78: =IF(原始数据!AB78="","",IF(COUNTIF(原始数据!78:78,原始数据!AB78)>1,"×","")) | AB78: =IF(原始数据!AC78="","",IF(COUNTIF(原始数据!78:78,原始数据!AC78)>1,"×","")) | AC78: =IF(原始数据!AD78="","",IF(COUNTIF(原始数据!78:78,原始数据!AD78)>1,"×","")) | AD78: =IF(原始数据!AE78="","",IF(COUNTIF(原始数据!78:78,原始数据!AE78)>1,"×","")) | ... AN78: =IF(原始数据!AO78="","",IF(COUNTIF(原始数据!78:78,原始数据!AO78)>1,"×",""))
A79: =IF(IFERROR(原始数据!B79,"×")="×","×","") | B79: =IF(IFERROR(原始数据!C79,"×")="×","×","") | C79: =IF(IFERROR(原始数据!D79,"×")="×","×","") | D79: =IF(IFERROR(原始数据!E79,"×")="×","×","") | E79: =IF(IFERROR(原始数据!F79,"×")="×","×","") | F79: =IF(IFERROR(原始数据!G79,"×")="×","×","") | G79: =IF(IFERROR(原始数据!H79,"×")="×","×","") | H79: =IF(IFERROR(原始数据!I79,"×")="×","×","") | ... T79: =IF(IFERROR(原始数据!U79,"×")="×","×","") | U79: {=IF(原始数据!V79="-","",IF(原始数据!V79="","",IF(COUNT(FIND(原始数据!V79,原始数据!79:79))=2,"×","")))} | V79: {=IF(原始数据!W79="-","",IF(原始数据!W79="","",IF(COUNT(FIND(原始数据!W79,原始数据!79:79))=2,"×","")))} | W79: =IF(原始数据!X79="","",IF(COUNTIF(原始数据!79:79,原始数据!X79)>1,"×","")) | X79: =IF(原始数据!Y79="","",IF(COUNTIF(原始数据!79:79,原始数据!Y79)>1,"×","")) | Y79: =IF(原始数据!Z79="","",IF(COUNTIF(原始数据!79:79,原始数据!Z79)>1,"×","")) | Z79: =IF(原始数据!AA79="","",IF(COUNTIF(原始数据!79:79,原始数据!AA79)>1,"×","")) | AA79: =IF(原始数据!AB79="","",IF(COUNTIF(原始数据!79:79,原始数据!AB79)>1,"×","")) | AB79: =IF(原始数据!AC79="","",IF(COUNTIF(原始数据!79:79,原始数据!AC79)>1,"×","")) | AC79: =IF(原始数据!AD79="","",IF(COUNTIF(原始数据!79:79,原始数据!AD79)>1,"×","")) | AD79: =IF(原始数据!AE79="","",IF(COUNTIF(原始数据!79:79,原始数据!AE79)>1,"×","")) | ... AN79: =IF(原始数据!AO79="","",IF(COUNTIF(原始数据!79:79,原始数据!AO79)>1,"×",""))
A80: =IF(IFERROR(原始数据!B80,"×")="×","×","") | B80: =IF(IFERROR(原始数据!C80,"×")="×","×","") | C80: =IF(IFERROR(原始数据!D80,"×")="×","×","") | D80: =IF(IFERROR(原始数据!E80,"×")="×","×","") | E80: =IF(IFERROR(原始数据!F80,"×")="×","×","") | F80: =IF(IFERROR(原始数据!G80,"×")="×","×","") | G80: =IF(IFERROR(原始数据!H80,"×")="×","×","") | H80: =IF(IFERROR(原始数据!I80,"×")="×","×","") | ... T80: =IF(IFERROR(原始数据!U80,"×")="×","×","") | U80: {=IF(原始数据!V80="-","",IF(原始数据!V80="","",IF(COUNT(FIND(原始数据!V80,原始数据!80:80))=2,"×","")))} | V80: {=IF(原始数据!W80="-","",IF(原始数据!W80="","",IF(COUNT(FIND(原始数据!W80,原始数据!80:80))=2,"×","")))} | W80: =IF(原始数据!X80="","",IF(COUNTIF(原始数据!80:80,原始数据!X80)>1,"×","")) | X80: =IF(原始数据!Y80="","",IF(COUNTIF(原始数据!80:80,原始数据!Y80)>1,"×","")) | Y80: =IF(原始数据!Z80="","",IF(COUNTIF(原始数据!80:80,原始数据!Z80)>1,"×","")) | Z80: =IF(原始数据!AA80="","",IF(COUNTIF(原始数据!80:80,原始数据!AA80)>1,"×","")) | AA80: =IF(原始数据!AB80="","",IF(COUNTIF(原始数据!80:80,原始数据!AB80)>1,"×","")) | AB80: =IF(原始数据!AC80="","",IF(COUNTIF(原始数据!80:80,原始数据!AC80)>1,"×","")) | AC80: =IF(原始数据!AD80="","",IF(COUNTIF(原始数据!80:80,原始数据!AD80)>1,"×","")) | AD80: =IF(原始数据!AE80="","",IF(COUNTIF(原始数据!80:80,原始数据!AE80)>1,"×","")) | ... AN80: =IF(原始数据!AO80="","",IF(COUNTIF(原始数据!80:80,原始数据!AO80)>1,"×",""))
A81: =IF(IFERROR(原始数据!B81,"×")="×","×","") | B81: =IF(IFERROR(原始数据!C81,"×")="×","×","") | C81: =IF(IFERROR(原始数据!D81,"×")="×","×","") | D81: =IF(IFERROR(原始数据!E81,"×")="×","×","") | E81: =IF(IFERROR(原始数据!F81,"×")="×","×","") | F81: =IF(IFERROR(原始数据!G81,"×")="×","×","") | G81: =IF(IFERROR(原始数据!H81,"×")="×","×","") | H81: =IF(IFERROR(原始数据!I81,"×")="×","×","") | ... T81: =IF(IFERROR(原始数据!U81,"×")="×","×","") | U81: {=IF(原始数据!V81="-","",IF(原始数据!V81="","",IF(COUNT(FIND(原始数据!V81,原始数据!81:81))=2,"×","")))} | V81: {=IF(原始数据!W81="-","",IF(原始数据!W81="","",IF(COUNT(FIND(原始数据!W81,原始数据!81:81))=2,"×","")))} | W81: =IF(原始数据!X81="","",IF(COUNTIF(原始数据!81:81,原始数据!X81)>1,"×","")) | X81: =IF(原始数据!Y81="","",IF(COUNTIF(原始数据!81:81,原始数据!Y81)>1,"×","")) | Y81: =IF(原始数据!Z81="","",IF(COUNTIF(原始数据!81:81,原始数据!Z81)>1,"×","")) | Z81: =IF(原始数据!AA81="","",IF(COUNTIF(原始数据!81:81,原始数据!AA81)>1,"×","")) | AA81: =IF(原始数据!AB81="","",IF(COUNTIF(原始数据!81:81,原始数据!AB81)>1,"×","")) | AB81: =IF(原始数据!AC81="","",IF(COUNTIF(原始数据!81:81,原始数据!AC81)>1,"×","")) | AC81: =IF(原始数据!AD81="","",IF(COUNTIF(原始数据!81:81,原始数据!AD81)>1,"×","")) | AD81: =IF(原始数据!AE81="","",IF(COUNTIF(原始数据!81:81,原始数据!AE81)>1,"×","")) | ... AN81: =IF(原始数据!AO81="","",IF(COUNTIF(原始数据!81:81,原始数据!AO81)>1,"×",""))
A82: =IF(IFERROR(原始数据!B82,"×")="×","×","") | B82: =IF(IFERROR(原始数据!C82,"×")="×","×","") | C82: =IF(IFERROR(原始数据!D82,"×")="×","×","") | D82: =IF(IFERROR(原始数据!E82,"×")="×","×","") | E82: =IF(IFERROR(原始数据!F82,"×")="×","×","") | F82: =IF(IFERROR(原始数据!G82,"×")="×","×","") | G82: =IF(IFERROR(原始数据!H82,"×")="×","×","") | H82: =IF(IFERROR(原始数据!I82,"×")="×","×","") | ... T82: =IF(IFERROR(原始数据!U82,"×")="×","×","") | U82: {=IF(原始数据!V82="-","",IF(原始数据!V82="","",IF(COUNT(FIND(原始数据!V82,原始数据!82:82))=2,"×","")))} | V82: {=IF(原始数据!W82="-","",IF(原始数据!W82="","",IF(COUNT(FIND(原始数据!W82,原始数据!82:82))=2,"×","")))} | W82: =IF(原始数据!X82="","",IF(COUNTIF(原始数据!82:82,原始数据!X82)>1,"×","")) | X82: =IF(原始数据!Y82="","",IF(COUNTIF(原始数据!82:82,原始数据!Y82)>1,"×","")) | Y82: =IF(原始数据!Z82="","",IF(COUNTIF(原始数据!82:82,原始数据!Z82)>1,"×","")) | Z82: =IF(原始数据!AA82="","",IF(COUNTIF(原始数据!82:82,原始数据!AA82)>1,"×","")) | AA82: =IF(原始数据!AB82="","",IF(COUNTIF(原始数据!82:82,原始数据!AB82)>1,"×","")) | AB82: =IF(原始数据!AC82="","",IF(COUNTIF(原始数据!82:82,原始数据!AC82)>1,"×","")) | AC82: =IF(原始数据!AD82="","",IF(COUNTIF(原始数据!82:82,原始数据!AD82)>1,"×","")) | AD82: =IF(原始数据!AE82="","",IF(COUNTIF(原始数据!82:82,原始数据!AE82)>1,"×","")) | ... AN82: =IF(原始数据!AO82="","",IF(COUNTIF(原始数据!82:82,原始数据!AO82)>1,"×",""))
A83: =IF(IFERROR(原始数据!B83,"×")="×","×","") | B83: =IF(IFERROR(原始数据!C83,"×")="×","×","") | C83: =IF(IFERROR(原始数据!D83,"×")="×","×","") | D83: =IF(IFERROR(原始数据!E83,"×")="×","×","") | E83: =IF(IFERROR(原始数据!F83,"×")="×","×","") | F83: =IF(IFERROR(原始数据!G83,"×")="×","×","") | G83: =IF(IFERROR(原始数据!H83,"×")="×","×","") | H83: =IF(IFERROR(原始数据!I83,"×")="×","×","") | ... T83: =IF(IFERROR(原始数据!U83,"×")="×","×","") | U83: {=IF(原始数据!V83="-","",IF(原始数据!V83="","",IF(COUNT(FIND(原始数据!V83,原始数据!83:83))=2,"×","")))} | V83: {=IF(原始数据!W83="-","",IF(原始数据!W83="","",IF(COUNT(FIND(原始数据!W83,原始数据!83:83))=2,"×","")))} | W83: =IF(原始数据!X83="","",IF(COUNTIF(原始数据!83:83,原始数据!X83)>1,"×","")) | X83: =IF(原始数据!Y83="","",IF(COUNTIF(原始数据!83:83,原始数据!Y83)>1,"×","")) | Y83: =IF(原始数据!Z83="","",IF(COUNTIF(原始数据!83:83,原始数据!Z83)>1,"×","")) | Z83: =IF(原始数据!AA83="","",IF(COUNTIF(原始数据!83:83,原始数据!AA83)>1,"×","")) | AA83: =IF(原始数据!AB83="","",IF(COUNTIF(原始数据!83:83,原始数据!AB83)>1,"×","")) | AB83: =IF(原始数据!AC83="","",IF(COUNTIF(原始数据!83:83,原始数据!AC83)>1,"×","")) | AC83: =IF(原始数据!AD83="","",IF(COUNTIF(原始数据!83:83,原始数据!AD83)>1,"×","")) | AD83: =IF(原始数据!AE83="","",IF(COUNTIF(原始数据!83:83,原始数据!AE83)>1,"×","")) | ... AN83: =IF(原始数据!AO83="","",IF(COUNTIF(原始数据!83:83,原始数据!AO83)>1,"×",""))
A84: =IF(IFERROR(原始数据!B84,"×")="×","×","") | B84: =IF(IFERROR(原始数据!C84,"×")="×","×","") | C84: =IF(IFERROR(原始数据!D84,"×")="×","×","") | D84: =IF(IFERROR(原始数据!E84,"×")="×","×","") | E84: =IF(IFERROR(原始数据!F84,"×")="×","×","") | F84: =IF(IFERROR(原始数据!G84,"×")="×","×","") | G84: =IF(IFERROR(原始数据!H84,"×")="×","×","") | H84: =IF(IFERROR(原始数据!I84,"×")="×","×","") | ... T84: =IF(IFERROR(原始数据!U84,"×")="×","×","") | U84: {=IF(原始数据!V84="-","",IF(原始数据!V84="","",IF(COUNT(FIND(原始数据!V84,原始数据!84:84))=2,"×","")))} | V84: {=IF(原始数据!W84="-","",IF(原始数据!W84="","",IF(COUNT(FIND(原始数据!W84,原始数据!84:84))=2,"×","")))} | W84: =IF(原始数据!X84="","",IF(COUNTIF(原始数据!84:84,原始数据!X84)>1,"×","")) | X84: =IF(原始数据!Y84="","",IF(COUNTIF(原始数据!84:84,原始数据!Y84)>1,"×","")) | Y84: =IF(原始数据!Z84="","",IF(COUNTIF(原始数据!84:84,原始数据!Z84)>1,"×","")) | Z84: =IF(原始数据!AA84="","",IF(COUNTIF(原始数据!84:84,原始数据!AA84)>1,"×","")) | AA84: =IF(原始数据!AB84="","",IF(COUNTIF(原始数据!84:84,原始数据!AB84)>1,"×","")) | AB84: =IF(原始数据!AC84="","",IF(COUNTIF(原始数据!84:84,原始数据!AC84)>1,"×","")) | AC84: =IF(原始数据!AD84="","",IF(COUNTIF(原始数据!84:84,原始数据!AD84)>1,"×","")) | AD84: =IF(原始数据!AE84="","",IF(COUNTIF(原始数据!84:84,原始数据!AE84)>1,"×","")) | ... AN84: =IF(原始数据!AO84="","",IF(COUNTIF(原始数据!84:84,原始数据!AO84)>1,"×",""))
A85: =IF(IFERROR(原始数据!B85,"×")="×","×","") | B85: =IF(IFERROR(原始数据!C85,"×")="×","×","") | C85: =IF(IFERROR(原始数据!D85,"×")="×","×","") | D85: =IF(IFERROR(原始数据!E85,"×")="×","×","") | E85: =IF(IFERROR(原始数据!F85,"×")="×","×","") | F85: =IF(IFERROR(原始数据!G85,"×")="×","×","") | G85: =IF(IFERROR(原始数据!H85,"×")="×","×","") | H85: =IF(IFERROR(原始数据!I85,"×")="×","×","") | ... T85: =IF(IFERROR(原始数据!U85,"×")="×","×","") | U85: {=IF(原始数据!V85="-","",IF(原始数据!V85="","",IF(COUNT(FIND(原始数据!V85,原始数据!85:85))=2,"×","")))} | V85: {=IF(原始数据!W85="-","",IF(原始数据!W85="","",IF(COUNT(FIND(原始数据!W85,原始数据!85:85))=2,"×","")))} | W85: =IF(原始数据!X85="","",IF(COUNTIF(原始数据!85:85,原始数据!X85)>1,"×","")) | X85: =IF(原始数据!Y85="","",IF(COUNTIF(原始数据!85:85,原始数据!Y85)>1,"×","")) | Y85: =IF(原始数据!Z85="","",IF(COUNTIF(原始数据!85:85,原始数据!Z85)>1,"×","")) | Z85: =IF(原始数据!AA85="","",IF(COUNTIF(原始数据!85:85,原始数据!AA85)>1,"×","")) | AA85: =IF(原始数据!AB85="","",IF(COUNTIF(原始数据!85:85,原始数据!AB85)>1,"×","")) | AB85: =IF(原始数据!AC85="","",IF(COUNTIF(原始数据!85:85,原始数据!AC85)>1,"×","")) | AC85: =IF(原始数据!AD85="","",IF(COUNTIF(原始数据!85:85,原始数据!AD85)>1,"×","")) | AD85: =IF(原始数据!AE85="","",IF(COUNTIF(原始数据!85:85,原始数据!AE85)>1,"×","")) | ... AN85: =IF(原始数据!AO85="","",IF(COUNTIF(原始数据!85:85,原始数据!AO85)>1,"×",""))
A86: =IF(IFERROR(原始数据!B86,"×")="×","×","") | B86: =IF(IFERROR(原始数据!C86,"×")="×","×","") | C86: =IF(IFERROR(原始数据!D86,"×")="×","×","") | D86: =IF(IFERROR(原始数据!E86,"×")="×","×","") | E86: =IF(IFERROR(原始数据!F86,"×")="×","×","") | F86: =IF(IFERROR(原始数据!G86,"×")="×","×","") | G86: =IF(IFERROR(原始数据!H86,"×")="×","×","") | H86: =IF(IFERROR(原始数据!I86,"×")="×","×","") | ... T86: =IF(IFERROR(原始数据!U86,"×")="×","×","") | U86: {=IF(原始数据!V86="-","",IF(原始数据!V86="","",IF(COUNT(FIND(原始数据!V86,原始数据!86:86))=2,"×","")))} | V86: {=IF(原始数据!W86="-","",IF(原始数据!W86="","",IF(COUNT(FIND(原始数据!W86,原始数据!86:86))=2,"×","")))} | W86: =IF(原始数据!X86="","",IF(COUNTIF(原始数据!86:86,原始数据!X86)>1,"×","")) | X86: =IF(原始数据!Y86="","",IF(COUNTIF(原始数据!86:86,原始数据!Y86)>1,"×","")) | Y86: =IF(原始数据!Z86="","",IF(COUNTIF(原始数据!86:86,原始数据!Z86)>1,"×","")) | Z86: =IF(原始数据!AA86="","",IF(COUNTIF(原始数据!86:86,原始数据!AA86)>1,"×","")) | AA86: =IF(原始数据!AB86="","",IF(COUNTIF(原始数据!86:86,原始数据!AB86)>1,"×","")) | AB86: =IF(原始数据!AC86="","",IF(COUNTIF(原始数据!86:86,原始数据!AC86)>1,"×","")) | AC86: =IF(原始数据!AD86="","",IF(COUNTIF(原始数据!86:86,原始数据!AD86)>1,"×","")) | AD86: =IF(原始数据!AE86="","",IF(COUNTIF(原始数据!86:86,原始数据!AE86)>1,"×","")) | ... AN86: =IF(原始数据!AO86="","",IF(COUNTIF(原始数据!86:86,原始数据!AO86)>1,"×",""))
A87: =IF(IFERROR(原始数据!B87,"×")="×","×","") | B87: =IF(IFERROR(原始数据!C87,"×")="×","×","") | C87: =IF(IFERROR(原始数据!D87,"×")="×","×","") | D87: =IF(IFERROR(原始数据!E87,"×")="×","×","") | E87: =IF(IFERROR(原始数据!F87,"×")="×","×","") | F87: =IF(IFERROR(原始数据!G87,"×")="×","×","") | G87: =IF(IFERROR(原始数据!H87,"×")="×","×","") | H87: =IF(IFERROR(原始数据!I87,"×")="×","×","") | ... T87: =IF(IFERROR(原始数据!U87,"×")="×","×","") | U87: {=IF(原始数据!V87="-","",IF(原始数据!V87="","",IF(COUNT(FIND(原始数据!V87,原始数据!87:87))=2,"×","")))} | V87: {=IF(原始数据!W87="-","",IF(原始数据!W87="","",IF(COUNT(FIND(原始数据!W87,原始数据!87:87))=2,"×","")))} | W87: =IF(原始数据!X87="","",IF(COUNTIF(原始数据!87:87,原始数据!X87)>1,"×","")) | X87: =IF(原始数据!Y87="","",IF(COUNTIF(原始数据!87:87,原始数据!Y87)>1,"×","")) | Y87: =IF(原始数据!Z87="","",IF(COUNTIF(原始数据!87:87,原始数据!Z87)>1,"×","")) | Z87: =IF(原始数据!AA87="","",IF(COUNTIF(原始数据!87:87,原始数据!AA87)>1,"×","")) | AA87: =IF(原始数据!AB87="","",IF(COUNTIF(原始数据!87:87,原始数据!AB87)>1,"×","")) | AB87: =IF(原始数据!AC87="","",IF(COUNTIF(原始数据!87:87,原始数据!AC87)>1,"×","")) | AC87: =IF(原始数据!AD87="","",IF(COUNTIF(原始数据!87:87,原始数据!AD87)>1,"×","")) | AD87: =IF(原始数据!AE87="","",IF(COUNTIF(原始数据!87:87,原始数据!AE87)>1,"×","")) | ... AN87: =IF(原始数据!AO87="","",IF(COUNTIF(原始数据!87:87,原始数据!AO87)>1,"×",""))
A88: =IF(IFERROR(原始数据!B88,"×")="×","×","") | B88: =IF(IFERROR(原始数据!C88,"×")="×","×","") | C88: =IF(IFERROR(原始数据!D88,"×")="×","×","") | D88: =IF(IFERROR(原始数据!E88,"×")="×","×","") | E88: =IF(IFERROR(原始数据!F88,"×")="×","×","") | F88: =IF(IFERROR(原始数据!G88,"×")="×","×","") | G88: =IF(IFERROR(原始数据!H88,"×")="×","×","") | H88: =IF(IFERROR(原始数据!I88,"×")="×","×","") | ... T88: =IF(IFERROR(原始数据!U88,"×")="×","×","") | U88: {=IF(原始数据!V88="-","",IF(原始数据!V88="","",IF(COUNT(FIND(原始数据!V88,原始数据!88:88))=2,"×","")))} | V88: {=IF(原始数据!W88="-","",IF(原始数据!W88="","",IF(COUNT(FIND(原始数据!W88,原始数据!88:88))=2,"×","")))} | W88: =IF(原始数据!X88="","",IF(COUNTIF(原始数据!88:88,原始数据!X88)>1,"×","")) | X88: =IF(原始数据!Y88="","",IF(COUNTIF(原始数据!88:88,原始数据!Y88)>1,"×","")) | Y88: =IF(原始数据!Z88="","",IF(COUNTIF(原始数据!88:88,原始数据!Z88)>1,"×","")) | Z88: =IF(原始数据!AA88="","",IF(COUNTIF(原始数据!88:88,原始数据!AA88)>1,"×","")) | AA88: =IF(原始数据!AB88="","",IF(COUNTIF(原始数据!88:88,原始数据!AB88)>1,"×","")) | AB88: =IF(原始数据!AC88="","",IF(COUNTIF(原始数据!88:88,原始数据!AC88)>1,"×","")) | AC88: =IF(原始数据!AD88="","",IF(COUNTIF(原始数据!88:88,原始数据!AD88)>1,"×","")) | AD88: =IF(原始数据!AE88="","",IF(COUNTIF(原始数据!88:88,原始数据!AE88)>1,"×","")) | ... AN88: =IF(原始数据!AO88="","",IF(COUNTIF(原始数据!88:88,原始数据!AO88)>1,"×",""))
A89: =IF(IFERROR(原始数据!B89,"×")="×","×","") | B89: =IF(IFERROR(原始数据!C89,"×")="×","×","") | C89: =IF(IFERROR(原始数据!D89,"×")="×","×","") | D89: =IF(IFERROR(原始数据!E89,"×")="×","×","") | E89: =IF(IFERROR(原始数据!F89,"×")="×","×","") | F89: =IF(IFERROR(原始数据!G89,"×")="×","×","") | G89: =IF(IFERROR(原始数据!H89,"×")="×","×","") | H89: =IF(IFERROR(原始数据!I89,"×")="×","×","") | ... T89: =IF(IFERROR(原始数据!U89,"×")="×","×","") | U89: {=IF(原始数据!V89="-","",IF(原始数据!V89="","",IF(COUNT(FIND(原始数据!V89,原始数据!89:89))=2,"×","")))} | V89: {=IF(原始数据!W89="-","",IF(原始数据!W89="","",IF(COUNT(FIND(原始数据!W89,原始数据!89:89))=2,"×","")))} | W89: =IF(原始数据!X89="","",IF(COUNTIF(原始数据!89:89,原始数据!X89)>1,"×","")) | X89: =IF(原始数据!Y89="","",IF(COUNTIF(原始数据!89:89,原始数据!Y89)>1,"×","")) | Y89: =IF(原始数据!Z89="","",IF(COUNTIF(原始数据!89:89,原始数据!Z89)>1,"×","")) | Z89: =IF(原始数据!AA89="","",IF(COUNTIF(原始数据!89:89,原始数据!AA89)>1,"×","")) | AA89: =IF(原始数据!AB89="","",IF(COUNTIF(原始数据!89:89,原始数据!AB89)>1,"×","")) | AB89: =IF(原始数据!AC89="","",IF(COUNTIF(原始数据!89:89,原始数据!AC89)>1,"×","")) | AC89: =IF(原始数据!AD89="","",IF(COUNTIF(原始数据!89:89,原始数据!AD89)>1,"×","")) | AD89: =IF(原始数据!AE89="","",IF(COUNTIF(原始数据!89:89,原始数据!AE89)>1,"×","")) | ... AN89: =IF(原始数据!AO89="","",IF(COUNTIF(原始数据!89:89,原始数据!AO89)>1,"×",""))
A90: =IF(IFERROR(原始数据!B90,"×")="×","×","") | B90: =IF(IFERROR(原始数据!C90,"×")="×","×","") | C90: =IF(IFERROR(原始数据!D90,"×")="×","×","") | D90: =IF(IFERROR(原始数据!E90,"×")="×","×","") | E90: =IF(IFERROR(原始数据!F90,"×")="×","×","") | F90: =IF(IFERROR(原始数据!G90,"×")="×","×","") | G90: =IF(IFERROR(原始数据!H90,"×")="×","×","") | H90: =IF(IFERROR(原始数据!I90,"×")="×","×","") | ... T90: =IF(IFERROR(原始数据!U90,"×")="×","×","") | U90: {=IF(原始数据!V90="-","",IF(原始数据!V90="","",IF(COUNT(FIND(原始数据!V90,原始数据!90:90))=2,"×","")))} | V90: {=IF(原始数据!W90="-","",IF(原始数据!W90="","",IF(COUNT(FIND(原始数据!W90,原始数据!90:90))=2,"×","")))} | W90: =IF(原始数据!X90="","",IF(COUNTIF(原始数据!90:90,原始数据!X90)>1,"×","")) | X90: =IF(原始数据!Y90="","",IF(COUNTIF(原始数据!90:90,原始数据!Y90)>1,"×","")) | Y90: =IF(原始数据!Z90="","",IF(COUNTIF(原始数据!90:90,原始数据!Z90)>1,"×","")) | Z90: =IF(原始数据!AA90="","",IF(COUNTIF(原始数据!90:90,原始数据!AA90)>1,"×","")) | AA90: =IF(原始数据!AB90="","",IF(COUNTIF(原始数据!90:90,原始数据!AB90)>1,"×","")) | AB90: =IF(原始数据!AC90="","",IF(COUNTIF(原始数据!90:90,原始数据!AC90)>1,"×","")) | AC90: =IF(原始数据!AD90="","",IF(COUNTIF(原始数据!90:90,原始数据!AD90)>1,"×","")) | AD90: =IF(原始数据!AE90="","",IF(COUNTIF(原始数据!90:90,原始数据!AE90)>1,"×","")) | ... AN90: =IF(原始数据!AO90="","",IF(COUNTIF(原始数据!90:90,原始数据!AO90)>1,"×",""))
A91: =IF(IFERROR(原始数据!B91,"×")="×","×","") | B91: =IF(IFERROR(原始数据!C91,"×")="×","×","") | C91: =IF(IFERROR(原始数据!D91,"×")="×","×","") | D91: =IF(IFERROR(原始数据!E91,"×")="×","×","") | E91: =IF(IFERROR(原始数据!F91,"×")="×","×","") | F91: =IF(IFERROR(原始数据!G91,"×")="×","×","") | G91: =IF(IFERROR(原始数据!H91,"×")="×","×","") | H91: =IF(IFERROR(原始数据!I91,"×")="×","×","") | ... T91: =IF(IFERROR(原始数据!U91,"×")="×","×","") | U91: {=IF(原始数据!V91="-","",IF(原始数据!V91="","",IF(COUNT(FIND(原始数据!V91,原始数据!91:91))=2,"×","")))} | V91: {=IF(原始数据!W91="-","",IF(原始数据!W91="","",IF(COUNT(FIND(原始数据!W91,原始数据!91:91))=2,"×","")))} | W91: =IF(原始数据!X91="","",IF(COUNTIF(原始数据!91:91,原始数据!X91)>1,"×","")) | X91: =IF(原始数据!Y91="","",IF(COUNTIF(原始数据!91:91,原始数据!Y91)>1,"×","")) | Y91: =IF(原始数据!Z91="","",IF(COUNTIF(原始数据!91:91,原始数据!Z91)>1,"×","")) | Z91: =IF(原始数据!AA91="","",IF(COUNTIF(原始数据!91:91,原始数据!AA91)>1,"×","")) | AA91: =IF(原始数据!AB91="","",IF(COUNTIF(原始数据!91:91,原始数据!AB91)>1,"×","")) | AB91: =IF(原始数据!AC91="","",IF(COUNTIF(原始数据!91:91,原始数据!AC91)>1,"×","")) | AC91: =IF(原始数据!AD91="","",IF(COUNTIF(原始数据!91:91,原始数据!AD91)>1,"×","")) | AD91: =IF(原始数据!AE91="","",IF(COUNTIF(原始数据!91:91,原始数据!AE91)>1,"×","")) | ... AN91: =IF(原始数据!AO91="","",IF(COUNTIF(原始数据!91:91,原始数据!AO91)>1,"×",""))
A92: =IF(IFERROR(原始数据!B92,"×")="×","×","") | B92: =IF(IFERROR(原始数据!C92,"×")="×","×","") | C92: =IF(IFERROR(原始数据!D92,"×")="×","×","") | D92: =IF(IFERROR(原始数据!E92,"×")="×","×","") | E92: =IF(IFERROR(原始数据!F92,"×")="×","×","") | F92: =IF(IFERROR(原始数据!G92,"×")="×","×","") | G92: =IF(IFERROR(原始数据!H92,"×")="×","×","") | H92: =IF(IFERROR(原始数据!I92,"×")="×","×","") | ... T92: =IF(IFERROR(原始数据!U92,"×")="×","×","") | U92: {=IF(原始数据!V92="-","",IF(原始数据!V92="","",IF(COUNT(FIND(原始数据!V92,原始数据!92:92))=2,"×","")))} | V92: {=IF(原始数据!W92="-","",IF(原始数据!W92="","",IF(COUNT(FIND(原始数据!W92,原始数据!92:92))=2,"×","")))} | W92: =IF(原始数据!X92="","",IF(COUNTIF(原始数据!92:92,原始数据!X92)>1,"×","")) | X92: =IF(原始数据!Y92="","",IF(COUNTIF(原始数据!92:92,原始数据!Y92)>1,"×","")) | Y92: =IF(原始数据!Z92="","",IF(COUNTIF(原始数据!92:92,原始数据!Z92)>1,"×","")) | Z92: =IF(原始数据!AA92="","",IF(COUNTIF(原始数据!92:92,原始数据!AA92)>1,"×","")) | AA92: =IF(原始数据!AB92="","",IF(COUNTIF(原始数据!92:92,原始数据!AB92)>1,"×","")) | AB92: =IF(原始数据!AC92="","",IF(COUNTIF(原始数据!92:92,原始数据!AC92)>1,"×","")) | AC92: =IF(原始数据!AD92="","",IF(COUNTIF(原始数据!92:92,原始数据!AD92)>1,"×","")) | AD92: =IF(原始数据!AE92="","",IF(COUNTIF(原始数据!92:92,原始数据!AE92)>1,"×","")) | ... AN92: =IF(原始数据!AO92="","",IF(COUNTIF(原始数据!92:92,原始数据!AO92)>1,"×",""))
A93: =IF(IFERROR(原始数据!B93,"×")="×","×","") | B93: =IF(IFERROR(原始数据!C93,"×")="×","×","") | C93: =IF(IFERROR(原始数据!D93,"×")="×","×","") | D93: =IF(IFERROR(原始数据!E93,"×")="×","×","") | E93: =IF(IFERROR(原始数据!F93,"×")="×","×","") | F93: =IF(IFERROR(原始数据!G93,"×")="×","×","") | G93: =IF(IFERROR(原始数据!H93,"×")="×","×","") | H93: =IF(IFERROR(原始数据!I93,"×")="×","×","") | ... T93: =IF(IFERROR(原始数据!U93,"×")="×","×","") | U93: {=IF(原始数据!V93="-","",IF(原始数据!V93="","",IF(COUNT(FIND(原始数据!V93,原始数据!93:93))=2,"×","")))} | V93: {=IF(原始数据!W93="-","",IF(原始数据!W93="","",IF(COUNT(FIND(原始数据!W93,原始数据!93:93))=2,"×","")))} | W93: =IF(原始数据!X93="","",IF(COUNTIF(原始数据!93:93,原始数据!X93)>1,"×","")) | X93: =IF(原始数据!Y93="","",IF(COUNTIF(原始数据!93:93,原始数据!Y93)>1,"×","")) | Y93: =IF(原始数据!Z93="","",IF(COUNTIF(原始数据!93:93,原始数据!Z93)>1,"×","")) | Z93: =IF(原始数据!AA93="","",IF(COUNTIF(原始数据!93:93,原始数据!AA93)>1,"×","")) | AA93: =IF(原始数据!AB93="","",IF(COUNTIF(原始数据!93:93,原始数据!AB93)>1,"×","")) | AB93: =IF(原始数据!AC93="","",IF(COUNTIF(原始数据!93:93,原始数据!AC93)>1,"×","")) | AC93: =IF(原始数据!AD93="","",IF(COUNTIF(原始数据!93:93,原始数据!AD93)>1,"×","")) | AD93: =IF(原始数据!AE93="","",IF(COUNTIF(原始数据!93:93,原始数据!AE93)>1,"×","")) | ... AN93: =IF(原始数据!AO93="","",IF(COUNTIF(原始数据!93:93,原始数据!AO93)>1,"×",""))
A94: =IF(IFERROR(原始数据!B94,"×")="×","×","") | B94: =IF(IFERROR(原始数据!C94,"×")="×","×","") | C94: =IF(IFERROR(原始数据!D94,"×")="×","×","") | D94: =IF(IFERROR(原始数据!E94,"×")="×","×","") | E94: =IF(IFERROR(原始数据!F94,"×")="×","×","") | F94: =IF(IFERROR(原始数据!G94,"×")="×","×","") | G94: =IF(IFERROR(原始数据!H94,"×")="×","×","") | H94: =IF(IFERROR(原始数据!I94,"×")="×","×","") | ... T94: =IF(IFERROR(原始数据!U94,"×")="×","×","") | U94: {=IF(原始数据!V94="-","",IF(原始数据!V94="","",IF(COUNT(FIND(原始数据!V94,原始数据!94:94))=2,"×","")))} | V94: {=IF(原始数据!W94="-","",IF(原始数据!W94="","",IF(COUNT(FIND(原始数据!W94,原始数据!94:94))=2,"×","")))} | W94: =IF(原始数据!X94="","",IF(COUNTIF(原始数据!94:94,原始数据!X94)>1,"×","")) | X94: =IF(原始数据!Y94="","",IF(COUNTIF(原始数据!94:94,原始数据!Y94)>1,"×","")) | Y94: =IF(原始数据!Z94="","",IF(COUNTIF(原始数据!94:94,原始数据!Z94)>1,"×","")) | Z94: =IF(原始数据!AA94="","",IF(COUNTIF(原始数据!94:94,原始数据!AA94)>1,"×","")) | AA94: =IF(原始数据!AB94="","",IF(COUNTIF(原始数据!94:94,原始数据!AB94)>1,"×","")) | AB94: =IF(原始数据!AC94="","",IF(COUNTIF(原始数据!94:94,原始数据!AC94)>1,"×","")) | AC94: =IF(原始数据!AD94="","",IF(COUNTIF(原始数据!94:94,原始数据!AD94)>1,"×","")) | AD94: =IF(原始数据!AE94="","",IF(COUNTIF(原始数据!94:94,原始数据!AE94)>1,"×","")) | ... AN94: =IF(原始数据!AO94="","",IF(COUNTIF(原始数据!94:94,原始数据!AO94)>1,"×",""))
A95: =IF(IFERROR(原始数据!B95,"×")="×","×","") | B95: =IF(IFERROR(原始数据!C95,"×")="×","×","") | C95: =IF(IFERROR(原始数据!D95,"×")="×","×","") | D95: =IF(IFERROR(原始数据!E95,"×")="×","×","") | E95: =IF(IFERROR(原始数据!F95,"×")="×","×","") | F95: =IF(IFERROR(原始数据!G95,"×")="×","×","") | G95: =IF(IFERROR(原始数据!H95,"×")="×","×","") | H95: =IF(IFERROR(原始数据!I95,"×")="×","×","") | ... T95: =IF(IFERROR(原始数据!U95,"×")="×","×","") | U95: {=IF(原始数据!V95="-","",IF(原始数据!V95="","",IF(COUNT(FIND(原始数据!V95,原始数据!95:95))=2,"×","")))} | V95: {=IF(原始数据!W95="-","",IF(原始数据!W95="","",IF(COUNT(FIND(原始数据!W95,原始数据!95:95))=2,"×","")))} | W95: =IF(原始数据!X95="","",IF(COUNTIF(原始数据!95:95,原始数据!X95)>1,"×","")) | X95: =IF(原始数据!Y95="","",IF(COUNTIF(原始数据!95:95,原始数据!Y95)>1,"×","")) | Y95: =IF(原始数据!Z95="","",IF(COUNTIF(原始数据!95:95,原始数据!Z95)>1,"×","")) | Z95: =IF(原始数据!AA95="","",IF(COUNTIF(原始数据!95:95,原始数据!AA95)>1,"×","")) | AA95: =IF(原始数据!AB95="","",IF(COUNTIF(原始数据!95:95,原始数据!AB95)>1,"×","")) | AB95: =IF(原始数据!AC95="","",IF(COUNTIF(原始数据!95:95,原始数据!AC95)>1,"×","")) | AC95: =IF(原始数据!AD95="","",IF(COUNTIF(原始数据!95:95,原始数据!AD95)>1,"×","")) | AD95: =IF(原始数据!AE95="","",IF(COUNTIF(原始数据!95:95,原始数据!AE95)>1,"×","")) | ... AN95: =IF(原始数据!AO95="","",IF(COUNTIF(原始数据!95:95,原始数据!AO95)>1,"×",""))
A96: =IF(IFERROR(原始数据!B96,"×")="×","×","") | B96: =IF(IFERROR(原始数据!C96,"×")="×","×","") | C96: =IF(IFERROR(原始数据!D96,"×")="×","×","") | D96: =IF(IFERROR(原始数据!E96,"×")="×","×","") | E96: =IF(IFERROR(原始数据!F96,"×")="×","×","") | F96: =IF(IFERROR(原始数据!G96,"×")="×","×","") | G96: =IF(IFERROR(原始数据!H96,"×")="×","×","") | H96: =IF(IFERROR(原始数据!I96,"×")="×","×","") | ... T96: =IF(IFERROR(原始数据!U96,"×")="×","×","") | U96: {=IF(原始数据!V96="-","",IF(原始数据!V96="","",IF(COUNT(FIND(原始数据!V96,原始数据!96:96))=2,"×","")))} | V96: {=IF(原始数据!W96="-","",IF(原始数据!W96="","",IF(COUNT(FIND(原始数据!W96,原始数据!96:96))=2,"×","")))} | W96: =IF(原始数据!X96="","",IF(COUNTIF(原始数据!96:96,原始数据!X96)>1,"×","")) | X96: =IF(原始数据!Y96="","",IF(COUNTIF(原始数据!96:96,原始数据!Y96)>1,"×","")) | Y96: =IF(原始数据!Z96="","",IF(COUNTIF(原始数据!96:96,原始数据!Z96)>1,"×","")) | Z96: =IF(原始数据!AA96="","",IF(COUNTIF(原始数据!96:96,原始数据!AA96)>1,"×","")) | AA96: =IF(原始数据!AB96="","",IF(COUNTIF(原始数据!96:96,原始数据!AB96)>1,"×","")) | AB96: =IF(原始数据!AC96="","",IF(COUNTIF(原始数据!96:96,原始数据!AC96)>1,"×","")) | AC96: =IF(原始数据!AD96="","",IF(COUNTIF(原始数据!96:96,原始数据!AD96)>1,"×","")) | AD96: =IF(原始数据!AE96="","",IF(COUNTIF(原始数据!96:96,原始数据!AE96)>1,"×","")) | ... AN96: =IF(原始数据!AO96="","",IF(COUNTIF(原始数据!96:96,原始数据!AO96)>1,"×",""))
A97: =IF(IFERROR(原始数据!B97,"×")="×","×","") | B97: =IF(IFERROR(原始数据!C97,"×")="×","×","") | C97: =IF(IFERROR(原始数据!D97,"×")="×","×","") | D97: =IF(IFERROR(原始数据!E97,"×")="×","×","") | E97: =IF(IFERROR(原始数据!F97,"×")="×","×","") | F97: =IF(IFERROR(原始数据!G97,"×")="×","×","") | G97: =IF(IFERROR(原始数据!H97,"×")="×","×","") | H97: =IF(IFERROR(原始数据!I97,"×")="×","×","") | ... T97: =IF(IFERROR(原始数据!U97,"×")="×","×","") | U97: {=IF(原始数据!V97="-","",IF(原始数据!V97="","",IF(COUNT(FIND(原始数据!V97,原始数据!97:97))=2,"×","")))} | V97: {=IF(原始数据!W97="-","",IF(原始数据!W97="","",IF(COUNT(FIND(原始数据!W97,原始数据!97:97))=2,"×","")))} | W97: =IF(原始数据!X97="","",IF(COUNTIF(原始数据!97:97,原始数据!X97)>1,"×","")) | X97: =IF(原始数据!Y97="","",IF(COUNTIF(原始数据!97:97,原始数据!Y97)>1,"×","")) | Y97: =IF(原始数据!Z97="","",IF(COUNTIF(原始数据!97:97,原始数据!Z97)>1,"×","")) | Z97: =IF(原始数据!AA97="","",IF(COUNTIF(原始数据!97:97,原始数据!AA97)>1,"×","")) | AA97: =IF(原始数据!AB97="","",IF(COUNTIF(原始数据!97:97,原始数据!AB97)>1,"×","")) | AB97: =IF(原始数据!AC97="","",IF(COUNTIF(原始数据!97:97,原始数据!AC97)>1,"×","")) | AC97: =IF(原始数据!AD97="","",IF(COUNTIF(原始数据!97:97,原始数据!AD97)>1,"×","")) | AD97: =IF(原始数据!AE97="","",IF(COUNTIF(原始数据!97:97,原始数据!AE97)>1,"×","")) | ... AN97: =IF(原始数据!AO97="","",IF(COUNTIF(原始数据!97:97,原始数据!AO97)>1,"×",""))
A98: =IF(IFERROR(原始数据!B98,"×")="×","×","") | B98: =IF(IFERROR(原始数据!C98,"×")="×","×","") | C98: =IF(IFERROR(原始数据!D98,"×")="×","×","") | D98: =IF(IFERROR(原始数据!E98,"×")="×","×","") | E98: =IF(IFERROR(原始数据!F98,"×")="×","×","") | F98: =IF(IFERROR(原始数据!G98,"×")="×","×","") | G98: =IF(IFERROR(原始数据!H98,"×")="×","×","") | H98: =IF(IFERROR(原始数据!I98,"×")="×","×","") | ... T98: =IF(IFERROR(原始数据!U98,"×")="×","×","") | U98: {=IF(原始数据!V98="-","",IF(原始数据!V98="","",IF(COUNT(FIND(原始数据!V98,原始数据!98:98))=2,"×","")))} | V98: {=IF(原始数据!W98="-","",IF(原始数据!W98="","",IF(COUNT(FIND(原始数据!W98,原始数据!98:98))=2,"×","")))} | W98: =IF(原始数据!X98="","",IF(COUNTIF(原始数据!98:98,原始数据!X98)>1,"×","")) | X98: =IF(原始数据!Y98="","",IF(COUNTIF(原始数据!98:98,原始数据!Y98)>1,"×","")) | Y98: =IF(原始数据!Z98="","",IF(COUNTIF(原始数据!98:98,原始数据!Z98)>1,"×","")) | Z98: =IF(原始数据!AA98="","",IF(COUNTIF(原始数据!98:98,原始数据!AA98)>1,"×","")) | AA98: =IF(原始数据!AB98="","",IF(COUNTIF(原始数据!98:98,原始数据!AB98)>1,"×","")) | AB98: =IF(原始数据!AC98="","",IF(COUNTIF(原始数据!98:98,原始数据!AC98)>1,"×","")) | AC98: =IF(原始数据!AD98="","",IF(COUNTIF(原始数据!98:98,原始数据!AD98)>1,"×","")) | AD98: =IF(原始数据!AE98="","",IF(COUNTIF(原始数据!98:98,原始数据!AE98)>1,"×","")) | ... AN98: =IF(原始数据!AO98="","",IF(COUNTIF(原始数据!98:98,原始数据!AO98)>1,"×",""))
A99: =IF(IFERROR(原始数据!B99,"×")="×","×","") | B99: =IF(IFERROR(原始数据!C99,"×")="×","×","") | C99: =IF(IFERROR(原始数据!D99,"×")="×","×","") | D99: =IF(IFERROR(原始数据!E99,"×")="×","×","") | E99: =IF(IFERROR(原始数据!F99,"×")="×","×","") | F99: =IF(IFERROR(原始数据!G99,"×")="×","×","") | G99: =IF(IFERROR(原始数据!H99,"×")="×","×","") | H99: =IF(IFERROR(原始数据!I99,"×")="×","×","") | ... T99: =IF(IFERROR(原始数据!U99,"×")="×","×","") | U99: {=IF(原始数据!V99="-","",IF(原始数据!V99="","",IF(COUNT(FIND(原始数据!V99,原始数据!99:99))=2,"×","")))} | V99: {=IF(原始数据!W99="-","",IF(原始数据!W99="","",IF(COUNT(FIND(原始数据!W99,原始数据!99:99))=2,"×","")))} | W99: =IF(原始数据!X99="","",IF(COUNTIF(原始数据!99:99,原始数据!X99)>1,"×","")) | X99: =IF(原始数据!Y99="","",IF(COUNTIF(原始数据!99:99,原始数据!Y99)>1,"×","")) | Y99: =IF(原始数据!Z99="","",IF(COUNTIF(原始数据!99:99,原始数据!Z99)>1,"×","")) | Z99: =IF(原始数据!AA99="","",IF(COUNTIF(原始数据!99:99,原始数据!AA99)>1,"×","")) | AA99: =IF(原始数据!AB99="","",IF(COUNTIF(原始数据!99:99,原始数据!AB99)>1,"×","")) | AB99: =IF(原始数据!AC99="","",IF(COUNTIF(原始数据!99:99,原始数据!AC99)>1,"×","")) | AC99: =IF(原始数据!AD99="","",IF(COUNTIF(原始数据!99:99,原始数据!AD99)>1,"×","")) | AD99: =IF(原始数据!AE99="","",IF(COUNTIF(原始数据!99:99,原始数据!AE99)>1,"×","")) | ... AN99: =IF(原始数据!AO99="","",IF(COUNTIF(原始数据!99:99,原始数据!AO99)>1,"×",""))
A100: =IF(IFERROR(原始数据!B100,"×")="×","×","") | B100: =IF(IFERROR(原始数据!C100,"×")="×","×","") | C100: =IF(IFERROR(原始数据!D100,"×")="×","×","") | D100: =IF(IFERROR(原始数据!E100,"×")="×","×","") | E100: =IF(IFERROR(原始数据!F100,"×")="×","×","") | F100: =IF(IFERROR(原始数据!G100,"×")="×","×","") | G100: =IF(IFERROR(原始数据!H100,"×")="×","×","") | H100: =IF(IFERROR(原始数据!I100,"×")="×","×","") | ... T100: =IF(IFERROR(原始数据!U100,"×")="×","×","") | U100: {=IF(原始数据!V100="-","",IF(原始数据!V100="","",IF(COUNT(FIND(原始数据!V100,原始数据!100:100))=2,"×","")))} | V100: {=IF(原始数据!W100="-","",IF(原始数据!W100="","",IF(COUNT(FIND(原始数据!W100,原始数据!100:100))=2,"×","")))} | W100: =IF(原始数据!X100="","",IF(COUNTIF(原始数据!100:100,原始数据!X100)>1,"×","")) | X100: =IF(原始数据!Y100="","",IF(COUNTIF(原始数据!100:100,原始数据!Y100)>1,"×","")) | Y100: =IF(原始数据!Z100="","",IF(COUNTIF(原始数据!100:100,原始数据!Z100)>1,"×","")) | Z100: =IF(原始数据!AA100="","",IF(COUNTIF(原始数据!100:100,原始数据!AA100)>1,"×","")) | AA100: =IF(原始数据!AB100="","",IF(COUNTIF(原始数据!100:100,原始数据!AB100)>1,"×","")) | AB100: =IF(原始数据!AC100="","",IF(COUNTIF(原始数据!100:100,原始数据!AC100)>1,"×","")) | AC100: =IF(原始数据!AD100="","",IF(COUNTIF(原始数据!100:100,原始数据!AD100)>1,"×","")) | AD100: =IF(原始数据!AE100="","",IF(COUNTIF(原始数据!100:100,原始数据!AE100)>1,"×","")) | ... AN100: =IF(原始数据!AO100="","",IF(COUNTIF(原始数据!100:100,原始数据!AO100)>1,"×",""))
...

Sheet 各类选项
A1: 赛事类型 | B1: 角色 | F1: 俱乐部 | G1: 地图 | H1: 辅助特质 | I1: 求生者阵营 | K1: 监管者阵营
A2: IVL夏季赛常规赛 | B2: ID | C2: 角色名 | D2: ID | E2: 角色名 | F2: AWG | G2: - | H2: - | I2: AWG | J2: Kaeru | K2: AWG | L2: Irohasu
A3: IVL夏季赛季后赛 | B3: 0 | C3: 空 | D3: 0 | E3: 空 | F3: AXIZ | G3: 军工厂 | H3: 聆听 | I3: AWG | J3: aez | K3: AWG | L3: Yukakina
A4: IVL秋季赛常规赛 | B4: 1 | C4: 厂长 | D4: 1 | E4: 幸运儿 | F4: FAV | G4: 红教堂 | H4: 失常 | I4: AWG | J4: Nameko | K4: AXIZ | L4: Kakaka
A5: IVL秋季赛季后赛 | B5: 2 | C5: 小丑 | D5: 2 | E5: 医生 | F5: FL | G5: 圣心医院 | H5: 兴奋 | I5: AWG | J5: Scorpion | K5: AXIZ | L5: Ryz
A6: IVS | B6: 3 | C6: 鹿头 | D6: 3 | E6: 律师 | F6: RC | G6: 湖景村 | H6: 巡视者 | I6: AWG | J6: Tawash | K6: FAV | L6: Chikin
A7: IVT | B7: 4 | C7: 杰克 | D7: 4 | E7: 慈善家 | F7: SZ | G7: 月亮河公园 | H7: 传送 | I7: AXIZ | J7: Atto | K7: FAV | L7: Yami
A8: IJL夏季赛常规赛 | B8: 5 | C8: 红蝶 | D8: 5 | E8: 园丁 | F8: ZETA | G8: 里奥的回忆 | H8: 窥视者 | I8: AXIZ | J8: Lim | K8: FL | L8: Hasha
A9: IJL夏季赛季后赛 | B9: 6 | C9: 蜘蛛 | D9: 6 | E9: 魔术师 | G9: 永眠镇 | H9: 闪现 | I9: AXIZ | J9: Nyan | K9: FL | L9: Pipicha
A10: IJL秋季赛常规赛 | B10: 7 | C10: 宿伞之魂 | D10: 7 | E10: 冒险家 | G10: 唐人街 | H10: 移形 | I10: AXIZ | J10: Takakou | K10: RC | L10: AKa
A11: IJL秋季赛季后赛 | B11: 8 | C11: 疯眼 | D11: 8 | E11: 佣兵 | I11: AXIZ | J11: Tuna | K11: RC | L11: Peter
A12: COA预选赛 | B12: 9 | C12: 摄影师 | D12: 9 | E12: 空军 | I12: FAV | J12: Appai | K12: SZ | L12: Burio
A13: COA全球总决赛小组赛 | B13: 10 | C13: 黄衣之主 | D13: 10 | E13: 机械师 | I13: FAV | J13: Dacho | K13: SZ | L13: MiraiK
A14: IVT | B14: 11 | C14: 红夫人 | D14: 11 | E14: 前锋 | I14: FAV | J14: Felix | K14: ZETA | L14: alf
A15: 其他 | B15: 12 | C15: 梦之女巫 | D15: 12 | E15: 盲女 | I15: FAV | J15: Nerisu
B16: 13 | C16: 雕刻家 | D16: 13 | E16: 祭司 | I16: FAV | J16: Riz
B17: 14 | C17: 26号守卫 | D17: 14 | E17: 调香师 | I17: FL | J17: Emmko
B18: 15 | C18: 小提琴家 | D18: 15 | E18: 牛仔 | I18: FL | J18: sasori
B19: 16 | C19: 爱哭鬼 | D19: 16 | E19: 舞女 | I19: FL | J19: Maeken
B20: 17 | C20: 孽蜥 | D20: 17 | E20: 先知 | I20: FL | J20: Yougg
B21: 18 | C21: 使徒 | D21: 18 | E21: 入殓师 | I21: RC | J21: City
B22: 19 | C22: 渔女 | D22: 19 | E22: 勘探员 | I22: RC | J22: MonoP
B23: 20 | C23: 破轮 | D23: 20 | E23: 咒术师 | I23: RC | J23: Raolie
B24: 21 | C24: 蜡像师 | D24: 21 | E24: 野人 | I24: RC | J24: Soba
B25: 22 | C25: 噩梦 | D25: 22 | E25: 杂技演员 | I25: SZ | J25: Gnk
B26: 23 | C26: 记录员 | D26: 23 | E26: 大副 | I26: SZ | J26: Kat
B27: 24 | C27: 博士 | D27: 24 | E27: 调酒师 | I27: SZ | J27: Mone
... B32: 29 | C32: 时空之影 | D32: 29 | E32: 画家 | I32: ZETA | J32: Hametu
B33: 30 | D33: 30 | E33: 击球手 | I33: ZETA | J33: Kznk
B34: 31 | D34: 31 | E34: 玩具商 | I34: ZETA | J34: Mocchi
B35: 32 | D35: 32 | E35: 心理学家 | I35: ZETA | J35: Shinami
B36: 33 | D36: 33 | E36: 病患
B37: 34 | D37: 34 | E37: 小说家
B38: 35 | D38: 35 | E38: 小女孩
B39: 36 | D39: 36 | E39: 哭泣小丑
B40: 37 | D40: 37 | E40: 教授
B41: 38 | D41: 38 | E41: 古董商
B42: 39 | D42: 39 | E42: 作曲家
B43: 40 | D43: 40 | E43: 记者
B44: 41 | D44: 41 | E44: 飞行家
B45: 42 | D45: 42 | E45: 拉拉队员
B46: 43 | D46: 43 | E46: 木偶师
B47: 44 | D47: 44
B48: 45 | D48: 45

Sheet 输入错误检查
C1: 屠夫队伍 | D1: 屠夫名字 | E1: 地图错误 | F1: 地图错误 | G1: 人BAN | K1: 屠BAN | N1: 人PICK | R1: 屠PICK | S1: 求生1 | T1: 求生2 | U1: 求生3 | V1: 求生4
A2: =COUNTIF(C2:R2,">0") -> 0 | B2: =COUNTIF(S2:V2,">0") -> 0 | C2: =IF(原始数据!K2="","",IF(ISERROR(MATCH(原始数据!K2,原始数据!E2:F2,0)),1,0)-IF(原始数据!K2="",1,0)) -> 0 | D2: =IF(原始数据!L2="","",IF(ISERROR(MATCH(原始数据!L2,各类选项!L:L,0)),1,0)-IF(原始数据!L2="",1,0)) -> 0 | E2: =IF(原始数据!V2="","",IF(ISERROR(MATCH(原始数据!V2,各类选项!G:G,0)),1,0)) -> 0 | F2: =IF(原始数据!W2="","",IF(ISERROR(MATCH(原始数据!W2,各类选项!G:G,0)),1,0)) -> 0 | G2: =IF(原始数据!AD2="","",IF(ISERROR(MATCH(原始数据!AD2,各类选项!$E:$E,0)),1,0)) -> 0 | H2: =IF(原始数据!AE2="","",IF(ISERROR(MATCH(原始数据!AE2,各类选项!$E:$E,0)),1,0)) -> 0 | I2: =IF(原始数据!AK2="","",IF(ISERROR(MATCH(原始数据!AK2,各类选项!$E:$E,0)),1,0)) -> 0 | J2: =IF(原始数据!AM2="","",IF(ISERROR(MATCH(原始数据!AM2,各类选项!$E:$E,0)),1,0)) -> 0 | K2: =IF(原始数据!AF2="","",IF(ISERROR(MATCH(原始数据!AF2,各类选项!$C:$C,0)),1,0)) | L2: =IF(原始数据!AG2="","",IF(ISERROR(MATCH(原始数据!AG2,各类选项!$C:$C,0)),1,0)) | M2: =IF(原始数据!AH2="","",IF(ISERROR(MATCH(原始数据!AH2,各类选项!$C:$C,0)),1,0)) | N2: =IF(原始数据!AI2="","",IF(ISERROR(MATCH(原始数据!AI2,各类选项!$E:$E,0)),1,0)) -> 0 | O2: =IF(原始数据!AJ2="","",IF(ISERROR(MATCH(原始数据!AJ2,各类选项!$E:$E,0)),1,0)) -> 0 | P2: =IF(原始数据!AK2="","",IF(ISERROR(MATCH(原始数据!AK2,各类选项!$E:$E,0)),1,0)) -> 0 | Q2: =IF(原始数据!AL2="","",IF(ISERROR(MATCH(原始数据!AL2,各类选项!$E:$E,0)),1,0)) -> 0 | R2: =IF(原始数据!AO2="","",IF(ISERROR(MATCH(原始数据!AO2,各类选项!$C:$C,0)),1,0)) -> 0 | S2: =IF(赛后数据!M2="","",IF(ISERROR(MATCH(赛后数据!M2,(各类选项!J:J),0)),1,0)) -> 0 | T2: =IF(赛后数据!U2="","",IF(ISERROR(MATCH(赛后数据!U2,(各类选项!J:J),0)),1,0)) -> 0 | U2: =IF(赛后数据!AC2="","",IF(ISERROR(MATCH(赛后数据!AC2,(各类选项!J:J),0)),1,0)) -> 0 | V2: =IF(赛后数据!AK2="","",IF(ISERROR(MATCH(赛后数据!AK2,(各类选项!J:J),0)),1,0)) -> 0
A3: =COUNTIF(C3:R3,">0") -> 0 | B3: =COUNTIF(S3:V3,">0") -> 0 | C3: =IF(原始数据!K3="","",IF(ISERROR(MATCH(原始数据!K3,原始数据!E3:F3,0)),1,0)-IF(原始数据!K3="",1,0)) -> 0 | D3: =IF(原始数据!L3="","",IF(ISERROR(MATCH(原始数据!L3,各类选项!L:L,0)),1,0)-IF(原始数据!L3="",1,0)) -> 0 | E3: =IF(原始数据!V3="","",IF(ISERROR(MATCH(原始数据!V3,各类选项!G:G,0)),1,0)) -> 0 | F3: =IF(原始数据!W3="","",IF(ISERROR(MATCH(原始数据!W3,各类选项!G:G,0)),1,0)) -> 0 | G3: =IF(原始数据!AD3="","",IF(ISERROR(MATCH(原始数据!AD3,各类选项!$E:$E,0)),1,0)) -> 0 | H3: =IF(原始数据!AE3="","",IF(ISERROR(MATCH(原始数据!AE3,各类选项!$E:$E,0)),1,0)) -> 0 | I3: =IF(原始数据!AK3="","",IF(ISERROR(MATCH(原始数据!AK3,各类选项!$E:$E,0)),1,0)) -> 0 | J3: =IF(原始数据!AM3="","",IF(ISERROR(MATCH(原始数据!AM3,各类选项!$E:$E,0)),1,0)) -> 0 | K3: =IF(原始数据!AF3="","",IF(ISERROR(MATCH(原始数据!AF3,各类选项!$C:$C,0)),1,0)) | L3: =IF(原始数据!AG3="","",IF(ISERROR(MATCH(原始数据!AG3,各类选项!$C:$C,0)),1,0)) | M3: =IF(原始数据!AH3="","",IF(ISERROR(MATCH(原始数据!AH3,各类选项!$C:$C,0)),1,0)) | N3: =IF(原始数据!AI3="","",IF(ISERROR(MATCH(原始数据!AI3,各类选项!$E:$E,0)),1,0)) -> 0 | O3: =IF(原始数据!AJ3="","",IF(ISERROR(MATCH(原始数据!AJ3,各类选项!$E:$E,0)),1,0)) -> 0 | P3: =IF(原始数据!AK3="","",IF(ISERROR(MATCH(原始数据!AK3,各类选项!$E:$E,0)),1,0)) -> 0 | Q3: =IF(原始数据!AL3="","",IF(ISERROR(MATCH(原始数据!AL3,各类选项!$E:$E,0)),1,0)) -> 0 | R3: =IF(原始数据!AO3="","",IF(ISERROR(MATCH(原始数据!AO3,各类选项!$C:$C,0)),1,0)) -> 0 | S3: =IF(赛后数据!M3="","",IF(ISERROR(MATCH(赛后数据!M3,(各类选项!J:J),0)),1,0)) -> 0 | T3: =IF(赛后数据!U3="","",IF(ISERROR(MATCH(赛后数据!U3,(各类选项!J:J),0)),1,0)) -> 0 | U3: =IF(赛后数据!AC3="","",IF(ISERROR(MATCH(赛后数据!AC3,(各类选项!J:J),0)),1,0)) -> 0 | V3: =IF(赛后数据!AK3="","",IF(ISERROR(MATCH(赛后数据!AK3,(各类选项!J:J),0)),1,0)) -> 0
A4: =COUNTIF(C4:R4,">0") -> 0 | B4: =COUNTIF(S4:V4,">0") -> 0 | C4: =IF(原始数据!K4="","",IF(ISERROR(MATCH(原始数据!K4,原始数据!E4:F4,0)),1,0)-IF(原始数据!K4="",1,0)) -> 0 | D4: =IF(原始数据!L4="","",IF(ISERROR(MATCH(原始数据!L4,各类选项!L:L,0)),1,0)-IF(原始数据!L4="",1,0)) -> 0 | E4: =IF(原始数据!V4="","",IF(ISERROR(MATCH(原始数据!V4,各类选项!G:G,0)),1,0)) -> 0 | F4: =IF(原始数据!W4="","",IF(ISERROR(MATCH(原始数据!W4,各类选项!G:G,0)),1,0)) -> 0 | G4: =IF(原始数据!AD4="","",IF(ISERROR(MATCH(原始数据!AD4,各类选项!$E:$E,0)),1,0)) -> 0 | H4: =IF(原始数据!AE4="","",IF(ISERROR(MATCH(原始数据!AE4,各类选项!$E:$E,0)),1,0)) -> 0 | I4: =IF(原始数据!AK4="","",IF(ISERROR(MATCH(原始数据!AK4,各类选项!$E:$E,0)),1,0)) -> 0 | J4: =IF(原始数据!AM4="","",IF(ISERROR(MATCH(原始数据!AM4,各类选项!$E:$E,0)),1,0)) -> 0 | K4: =IF(原始数据!AF4="","",IF(ISERROR(MATCH(原始数据!AF4,各类选项!$C:$C,0)),1,0)) -> 0 | L4: =IF(原始数据!AG4="","",IF(ISERROR(MATCH(原始数据!AG4,各类选项!$C:$C,0)),1,0)) | M4: =IF(原始数据!AH4="","",IF(ISERROR(MATCH(原始数据!AH4,各类选项!$C:$C,0)),1,0)) | N4: =IF(原始数据!AI4="","",IF(ISERROR(MATCH(原始数据!AI4,各类选项!$E:$E,0)),1,0)) -> 0 | O4: =IF(原始数据!AJ4="","",IF(ISERROR(MATCH(原始数据!AJ4,各类选项!$E:$E,0)),1,0)) -> 0 | P4: =IF(原始数据!AK4="","",IF(ISERROR(MATCH(原始数据!AK4,各类选项!$E:$E,0)),1,0)) -> 0 | Q4: =IF(原始数据!AL4="","",IF(ISERROR(MATCH(原始数据!AL4,各类选项!$E:$E,0)),1,0)) -> 0 | R4: =IF(原始数据!AO4="","",IF(ISERROR(MATCH(原始数据!AO4,各类选项!$C:$C,0)),1,0)) -> 0 | S4: =IF(赛后数据!M4="","",IF(ISERROR(MATCH(赛后数据!M4,(各类选项!J:J),0)),1,0)) -> 0 | T4: =IF(赛后数据!U4="","",IF(ISERROR(MATCH(赛后数据!U4,(各类选项!J:J),0)),1,0)) -> 0 | U4: =IF(赛后数据!AC4="","",IF(ISERROR(MATCH(赛后数据!AC4,(各类选项!J:J),0)),1,0)) -> 0 | V4: =IF(赛后数据!AK4="","",IF(ISERROR(MATCH(赛后数据!AK4,(各类选项!J:J),0)),1,0)) -> 0
A5: =COUNTIF(C5:R5,">0") -> 0 | B5: =COUNTIF(S5:V5,">0") -> 0 | C5: =IF(原始数据!K5="","",IF(ISERROR(MATCH(原始数据!K5,原始数据!E5:F5,0)),1,0)-IF(原始数据!K5="",1,0)) -> 0 | D5: =IF(原始数据!L5="","",IF(ISERROR(MATCH(原始数据!L5,各类选项!L:L,0)),1,0)-IF(原始数据!L5="",1,0)) -> 0 | E5: =IF(原始数据!V5="","",IF(ISERROR(MATCH(原始数据!V5,各类选项!G:G,0)),1,0)) -> 0 | F5: =IF(原始数据!W5="","",IF(ISERROR(MATCH(原始数据!W5,各类选项!G:G,0)),1,0)) -> 0 | G5: =IF(原始数据!AD5="","",IF(ISERROR(MATCH(原始数据!AD5,各类选项!$E:$E,0)),1,0)) -> 0 | H5: =IF(原始数据!AE5="","",IF(ISERROR(MATCH(原始数据!AE5,各类选项!$E:$E,0)),1,0)) -> 0 | I5: =IF(原始数据!AK5="","",IF(ISERROR(MATCH(原始数据!AK5,各类选项!$E:$E,0)),1,0)) -> 0 | J5: =IF(原始数据!AM5="","",IF(ISERROR(MATCH(原始数据!AM5,各类选项!$E:$E,0)),1,0)) -> 0 | K5: =IF(原始数据!AF5="","",IF(ISERROR(MATCH(原始数据!AF5,各类选项!$C:$C,0)),1,0)) -> 0 | L5: =IF(原始数据!AG5="","",IF(ISERROR(MATCH(原始数据!AG5,各类选项!$C:$C,0)),1,0)) | M5: =IF(原始数据!AH5="","",IF(ISERROR(MATCH(原始数据!AH5,各类选项!$C:$C,0)),1,0)) | N5: =IF(原始数据!AI5="","",IF(ISERROR(MATCH(原始数据!AI5,各类选项!$E:$E,0)),1,0)) -> 0 | O5: =IF(原始数据!AJ5="","",IF(ISERROR(MATCH(原始数据!AJ5,各类选项!$E:$E,0)),1,0)) -> 0 | P5: =IF(原始数据!AK5="","",IF(ISERROR(MATCH(原始数据!AK5,各类选项!$E:$E,0)),1,0)) -> 0 | Q5: =IF(原始数据!AL5="","",IF(ISERROR(MATCH(原始数据!AL5,各类选项!$E:$E,0)),1,0)) -> 0 | R5: =IF(原始数据!AO5="","",IF(ISERROR(MATCH(原始数据!AO5,各类选项!$C:$C,0)),1,0)) -> 0 | S5: =IF(赛后数据!M5="","",IF(ISERROR(MATCH(赛后数据!M5,(各类选项!J:J),0)),1,0)) -> 0 | T5: =IF(赛后数据!U5="","",IF(ISERROR(MATCH(赛后数据!U5,(各类选项!J:J),0)),1,0)) -> 0 | U5: =IF(赛后数据!AC5="","",IF(ISERROR(MATCH(赛后数据!AC5,(各类选项!J:J),0)),1,0)) -> 0 | V5: =IF(赛后数据!AK5="","",IF(ISERROR(MATCH(赛后数据!AK5,(各类选项!J:J),0)),1,0)) -> 0
A6: =COUNTIF(C6:R6,">0") -> 0 | B6: =COUNTIF(S6:V6,">0") -> 0 | C6: =IF(原始数据!K6="","",IF(ISERROR(MATCH(原始数据!K6,原始数据!E6:F6,0)),1,0)-IF(原始数据!K6="",1,0)) | D6: =IF(原始数据!L6="","",IF(ISERROR(MATCH(原始数据!L6,各类选项!L:L,0)),1,0)-IF(原始数据!L6="",1,0)) | E6: =IF(原始数据!V6="","",IF(ISERROR(MATCH(原始数据!V6,各类选项!G:G,0)),1,0)) | F6: =IF(原始数据!W6="","",IF(ISERROR(MATCH(原始数据!W6,各类选项!G:G,0)),1,0)) | G6: =IF(原始数据!AD6="","",IF(ISERROR(MATCH(原始数据!AD6,各类选项!$E:$E,0)),1,0)) | H6: =IF(原始数据!AE6="","",IF(ISERROR(MATCH(原始数据!AE6,各类选项!$E:$E,0)),1,0)) | I6: =IF(原始数据!AK6="","",IF(ISERROR(MATCH(原始数据!AK6,各类选项!$E:$E,0)),1,0)) | J6: =IF(原始数据!AM6="","",IF(ISERROR(MATCH(原始数据!AM6,各类选项!$E:$E,0)),1,0)) | K6: =IF(原始数据!AF6="","",IF(ISERROR(MATCH(原始数据!AF6,各类选项!$C:$C,0)),1,0)) | L6: =IF(原始数据!AG6="","",IF(ISERROR(MATCH(原始数据!AG6,各类选项!$C:$C,0)),1,0)) | M6: =IF(原始数据!AH6="","",IF(ISERROR(MATCH(原始数据!AH6,各类选项!$C:$C,0)),1,0)) | N6: =IF(原始数据!AI6="","",IF(ISERROR(MATCH(原始数据!AI6,各类选项!$E:$E,0)),1,0)) | O6: =IF(原始数据!AJ6="","",IF(ISERROR(MATCH(原始数据!AJ6,各类选项!$E:$E,0)),1,0)) | P6: =IF(原始数据!AK6="","",IF(ISERROR(MATCH(原始数据!AK6,各类选项!$E:$E,0)),1,0)) | Q6: =IF(原始数据!AL6="","",IF(ISERROR(MATCH(原始数据!AL6,各类选项!$E:$E,0)),1,0)) | R6: =IF(原始数据!AO6="","",IF(ISERROR(MATCH(原始数据!AO6,各类选项!$C:$C,0)),1,0)) | S6: =IF(赛后数据!M6="","",IF(ISERROR(MATCH(赛后数据!M6,(各类选项!J:J),0)),1,0)) | T6: =IF(赛后数据!U6="","",IF(ISERROR(MATCH(赛后数据!U6,(各类选项!J:J),0)),1,0)) | U6: =IF(赛后数据!AC6="","",IF(ISERROR(MATCH(赛后数据!AC6,(各类选项!J:J),0)),1,0)) | V6: =IF(赛后数据!AK6="","",IF(ISERROR(MATCH(赛后数据!AK6,(各类选项!J:J),0)),1,0))
A7: =COUNTIF(C7:R7,">0") -> 0 | B7: =COUNTIF(S7:V7,">0") -> 0 | C7: =IF(原始数据!K7="","",IF(ISERROR(MATCH(原始数据!K7,原始数据!E7:F7,0)),1,0)-IF(原始数据!K7="",1,0)) | D7: =IF(原始数据!L7="","",IF(ISERROR(MATCH(原始数据!L7,各类选项!L:L,0)),1,0)-IF(原始数据!L7="",1,0)) | E7: =IF(原始数据!V7="","",IF(ISERROR(MATCH(原始数据!V7,各类选项!G:G,0)),1,0)) | F7: =IF(原始数据!W7="","",IF(ISERROR(MATCH(原始数据!W7,各类选项!G:G,0)),1,0)) | G7: =IF(原始数据!AD7="","",IF(ISERROR(MATCH(原始数据!AD7,各类选项!$E:$E,0)),1,0)) | H7: =IF(原始数据!AE7="","",IF(ISERROR(MATCH(原始数据!AE7,各类选项!$E:$E,0)),1,0)) | I7: =IF(原始数据!AK7="","",IF(ISERROR(MATCH(原始数据!AK7,各类选项!$E:$E,0)),1,0)) | J7: =IF(原始数据!AM7="","",IF(ISERROR(MATCH(原始数据!AM7,各类选项!$E:$E,0)),1,0)) | K7: =IF(原始数据!AF7="","",IF(ISERROR(MATCH(原始数据!AF7,各类选项!$C:$C,0)),1,0)) | L7: =IF(原始数据!AG7="","",IF(ISERROR(MATCH(原始数据!AG7,各类选项!$C:$C,0)),1,0)) | M7: =IF(原始数据!AH7="","",IF(ISERROR(MATCH(原始数据!AH7,各类选项!$C:$C,0)),1,0)) | N7: =IF(原始数据!AI7="","",IF(ISERROR(MATCH(原始数据!AI7,各类选项!$E:$E,0)),1,0)) | O7: =IF(原始数据!AJ7="","",IF(ISERROR(MATCH(原始数据!AJ7,各类选项!$E:$E,0)),1,0)) | P7: =IF(原始数据!AK7="","",IF(ISERROR(MATCH(原始数据!AK7,各类选项!$E:$E,0)),1,0)) | Q7: =IF(原始数据!AL7="","",IF(ISERROR(MATCH(原始数据!AL7,各类选项!$E:$E,0)),1,0)) | R7: =IF(原始数据!AO7="","",IF(ISERROR(MATCH(原始数据!AO7,各类选项!$C:$C,0)),1,0)) | S7: =IF(赛后数据!M7="","",IF(ISERROR(MATCH(赛后数据!M7,(各类选项!J:J),0)),1,0)) | T7: =IF(赛后数据!U7="","",IF(ISERROR(MATCH(赛后数据!U7,(各类选项!J:J),0)),1,0)) | U7: =IF(赛后数据!AC7="","",IF(ISERROR(MATCH(赛后数据!AC7,(各类选项!J:J),0)),1,0)) | V7: =IF(赛后数据!AK7="","",IF(ISERROR(MATCH(赛后数据!AK7,(各类选项!J:J),0)),1,0))
A8: =COUNTIF(C8:R8,">0") -> 0 | B8: =COUNTIF(S8:V8,">0") -> 0 | C8: =IF(原始数据!K8="","",IF(ISERROR(MATCH(原始数据!K8,原始数据!E8:F8,0)),1,0)-IF(原始数据!K8="",1,0)) | D8: =IF(原始数据!L8="","",IF(ISERROR(MATCH(原始数据!L8,各类选项!L:L,0)),1,0)-IF(原始数据!L8="",1,0)) | E8: =IF(原始数据!V8="","",IF(ISERROR(MATCH(原始数据!V8,各类选项!G:G,0)),1,0)) | F8: =IF(原始数据!W8="","",IF(ISERROR(MATCH(原始数据!W8,各类选项!G:G,0)),1,0)) | G8: =IF(原始数据!AD8="","",IF(ISERROR(MATCH(原始数据!AD8,各类选项!$E:$E,0)),1,0)) | H8: =IF(原始数据!AE8="","",IF(ISERROR(MATCH(原始数据!AE8,各类选项!$E:$E,0)),1,0)) | I8: =IF(原始数据!AK8="","",IF(ISERROR(MATCH(原始数据!AK8,各类选项!$E:$E,0)),1,0)) | J8: =IF(原始数据!AM8="","",IF(ISERROR(MATCH(原始数据!AM8,各类选项!$E:$E,0)),1,0)) | K8: =IF(原始数据!AF8="","",IF(ISERROR(MATCH(原始数据!AF8,各类选项!$C:$C,0)),1,0)) | L8: =IF(原始数据!AG8="","",IF(ISERROR(MATCH(原始数据!AG8,各类选项!$C:$C,0)),1,0)) | M8: =IF(原始数据!AH8="","",IF(ISERROR(MATCH(原始数据!AH8,各类选项!$C:$C,0)),1,0)) | N8: =IF(原始数据!AI8="","",IF(ISERROR(MATCH(原始数据!AI8,各类选项!$E:$E,0)),1,0)) | O8: =IF(原始数据!AJ8="","",IF(ISERROR(MATCH(原始数据!AJ8,各类选项!$E:$E,0)),1,0)) | P8: =IF(原始数据!AK8="","",IF(ISERROR(MATCH(原始数据!AK8,各类选项!$E:$E,0)),1,0)) | Q8: =IF(原始数据!AL8="","",IF(ISERROR(MATCH(原始数据!AL8,各类选项!$E:$E,0)),1,0)) | R8: =IF(原始数据!AO8="","",IF(ISERROR(MATCH(原始数据!AO8,各类选项!$C:$C,0)),1,0)) | S8: =IF(赛后数据!M8="","",IF(ISERROR(MATCH(赛后数据!M8,(各类选项!J:J),0)),1,0)) | T8: =IF(赛后数据!U8="","",IF(ISERROR(MATCH(赛后数据!U8,(各类选项!J:J),0)),1,0)) | U8: =IF(赛后数据!AC8="","",IF(ISERROR(MATCH(赛后数据!AC8,(各类选项!J:J),0)),1,0)) | V8: =IF(赛后数据!AK8="","",IF(ISERROR(MATCH(赛后数据!AK8,(各类选项!J:J),0)),1,0))
A9: =COUNTIF(C9:R9,">0") -> 0 | B9: =COUNTIF(S9:V9,">0") -> 0 | C9: =IF(原始数据!K9="","",IF(ISERROR(MATCH(原始数据!K9,原始数据!E9:F9,0)),1,0)-IF(原始数据!K9="",1,0)) | D9: =IF(原始数据!L9="","",IF(ISERROR(MATCH(原始数据!L9,各类选项!L:L,0)),1,0)-IF(原始数据!L9="",1,0)) | E9: =IF(原始数据!V9="","",IF(ISERROR(MATCH(原始数据!V9,各类选项!G:G,0)),1,0)) | F9: =IF(原始数据!W9="","",IF(ISERROR(MATCH(原始数据!W9,各类选项!G:G,0)),1,0)) | G9: =IF(原始数据!AD9="","",IF(ISERROR(MATCH(原始数据!AD9,各类选项!$E:$E,0)),1,0)) | H9: =IF(原始数据!AE9="","",IF(ISERROR(MATCH(原始数据!AE9,各类选项!$E:$E,0)),1,0)) | I9: =IF(原始数据!AK9="","",IF(ISERROR(MATCH(原始数据!AK9,各类选项!$E:$E,0)),1,0)) | J9: =IF(原始数据!AM9="","",IF(ISERROR(MATCH(原始数据!AM9,各类选项!$E:$E,0)),1,0)) | K9: =IF(原始数据!AF9="","",IF(ISERROR(MATCH(原始数据!AF9,各类选项!$C:$C,0)),1,0)) | L9: =IF(原始数据!AG9="","",IF(ISERROR(MATCH(原始数据!AG9,各类选项!$C:$C,0)),1,0)) | M9: =IF(原始数据!AH9="","",IF(ISERROR(MATCH(原始数据!AH9,各类选项!$C:$C,0)),1,0)) | N9: =IF(原始数据!AI9="","",IF(ISERROR(MATCH(原始数据!AI9,各类选项!$E:$E,0)),1,0)) | O9: =IF(原始数据!AJ9="","",IF(ISERROR(MATCH(原始数据!AJ9,各类选项!$E:$E,0)),1,0)) | P9: =IF(原始数据!AK9="","",IF(ISERROR(MATCH(原始数据!AK9,各类选项!$E:$E,0)),1,0)) | Q9: =IF(原始数据!AL9="","",IF(ISERROR(MATCH(原始数据!AL9,各类选项!$E:$E,0)),1,0)) | R9: =IF(原始数据!AO9="","",IF(ISERROR(MATCH(原始数据!AO9,各类选项!$C:$C,0)),1,0)) | S9: =IF(赛后数据!M9="","",IF(ISERROR(MATCH(赛后数据!M9,(各类选项!J:J),0)),1,0)) | T9: =IF(赛后数据!U9="","",IF(ISERROR(MATCH(赛后数据!U9,(各类选项!J:J),0)),1,0)) | U9: =IF(赛后数据!AC9="","",IF(ISERROR(MATCH(赛后数据!AC9,(各类选项!J:J),0)),1,0)) | V9: =IF(赛后数据!AK9="","",IF(ISERROR(MATCH(赛后数据!AK9,(各类选项!J:J),0)),1,0))
A10: =COUNTIF(C10:R10,">0") -> 0 | B10: =COUNTIF(S10:V10,">0") -> 0 | C10: =IF(原始数据!K10="","",IF(ISERROR(MATCH(原始数据!K10,原始数据!E10:F10,0)),1,0)-IF(原始数据!K10="",1,0)) -> 0 | D10: =IF(原始数据!L10="","",IF(ISERROR(MATCH(原始数据!L10,各类选项!L:L,0)),1,0)-IF(原始数据!L10="",1,0)) -> 0 | E10: =IF(原始数据!V10="","",IF(ISERROR(MATCH(原始数据!V10,各类选项!G:G,0)),1,0)) -> 0 | F10: =IF(原始数据!W10="","",IF(ISERROR(MATCH(原始数据!W10,各类选项!G:G,0)),1,0)) -> 0 | G10: =IF(原始数据!AD10="","",IF(ISERROR(MATCH(原始数据!AD10,各类选项!$E:$E,0)),1,0)) -> 0 | H10: =IF(原始数据!AE10="","",IF(ISERROR(MATCH(原始数据!AE10,各类选项!$E:$E,0)),1,0)) -> 0 | I10: =IF(原始数据!AK10="","",IF(ISERROR(MATCH(原始数据!AK10,各类选项!$E:$E,0)),1,0)) -> 0 | J10: =IF(原始数据!AM10="","",IF(ISERROR(MATCH(原始数据!AM10,各类选项!$E:$E,0)),1,0)) -> 0 | K10: =IF(原始数据!AF10="","",IF(ISERROR(MATCH(原始数据!AF10,各类选项!$C:$C,0)),1,0)) | L10: =IF(原始数据!AG10="","",IF(ISERROR(MATCH(原始数据!AG10,各类选项!$C:$C,0)),1,0)) | M10: =IF(原始数据!AH10="","",IF(ISERROR(MATCH(原始数据!AH10,各类选项!$C:$C,0)),1,0)) | N10: =IF(原始数据!AI10="","",IF(ISERROR(MATCH(原始数据!AI10,各类选项!$E:$E,0)),1,0)) -> 0 | O10: =IF(原始数据!AJ10="","",IF(ISERROR(MATCH(原始数据!AJ10,各类选项!$E:$E,0)),1,0)) -> 0 | P10: =IF(原始数据!AK10="","",IF(ISERROR(MATCH(原始数据!AK10,各类选项!$E:$E,0)),1,0)) -> 0 | Q10: =IF(原始数据!AL10="","",IF(ISERROR(MATCH(原始数据!AL10,各类选项!$E:$E,0)),1,0)) -> 0 | R10: =IF(原始数据!AO10="","",IF(ISERROR(MATCH(原始数据!AO10,各类选项!$C:$C,0)),1,0)) -> 0 | S10: =IF(赛后数据!M10="","",IF(ISERROR(MATCH(赛后数据!M10,(各类选项!J:J),0)),1,0)) -> 0 | T10: =IF(赛后数据!U10="","",IF(ISERROR(MATCH(赛后数据!U10,(各类选项!J:J),0)),1,0)) -> 0 | U10: =IF(赛后数据!AC10="","",IF(ISERROR(MATCH(赛后数据!AC10,(各类选项!J:J),0)),1,0)) -> 0 | V10: =IF(赛后数据!AK10="","",IF(ISERROR(MATCH(赛后数据!AK10,(各类选项!J:J),0)),1,0)) -> 0
A11: =COUNTIF(C11:R11,">0") -> 0 | B11: =COUNTIF(S11:V11,">0") -> 0 | C11: =IF(原始数据!K11="","",IF(ISERROR(MATCH(原始数据!K11,原始数据!E11:F11,0)),1,0)-IF(原始数据!K11="",1,0)) -> 0 | D11: =IF(原始数据!L11="","",IF(ISERROR(MATCH(原始数据!L11,各类选项!L:L,0)),1,0)-IF(原始数据!L11="",1,0)) -> 0 | E11: =IF(原始数据!V11="","",IF(ISERROR(MATCH(原始数据!V11,各类选项!G:G,0)),1,0)) -> 0 | F11: =IF(原始数据!W11="","",IF(ISERROR(MATCH(原始数据!W11,各类选项!G:G,0)),1,0)) -> 0 | G11: =IF(原始数据!AD11="","",IF(ISERROR(MATCH(原始数据!AD11,各类选项!$E:$E,0)),1,0)) -> 0 | H11: =IF(原始数据!AE11="","",IF(ISERROR(MATCH(原始数据!AE11,各类选项!$E:$E,0)),1,0)) -> 0 | I11: =IF(原始数据!AK11="","",IF(ISERROR(MATCH(原始数据!AK11,各类选项!$E:$E,0)),1,0)) -> 0 | J11: =IF(原始数据!AM11="","",IF(ISERROR(MATCH(原始数据!AM11,各类选项!$E:$E,0)),1,0)) -> 0 | K11: =IF(原始数据!AF11="","",IF(ISERROR(MATCH(原始数据!AF11,各类选项!$C:$C,0)),1,0)) | L11: =IF(原始数据!AG11="","",IF(ISERROR(MATCH(原始数据!AG11,各类选项!$C:$C,0)),1,0)) | M11: =IF(原始数据!AH11="","",IF(ISERROR(MATCH(原始数据!AH11,各类选项!$C:$C,0)),1,0)) | N11: =IF(原始数据!AI11="","",IF(ISERROR(MATCH(原始数据!AI11,各类选项!$E:$E,0)),1,0)) -> 0 | O11: =IF(原始数据!AJ11="","",IF(ISERROR(MATCH(原始数据!AJ11,各类选项!$E:$E,0)),1,0)) -> 0 | P11: =IF(原始数据!AK11="","",IF(ISERROR(MATCH(原始数据!AK11,各类选项!$E:$E,0)),1,0)) -> 0 | Q11: =IF(原始数据!AL11="","",IF(ISERROR(MATCH(原始数据!AL11,各类选项!$E:$E,0)),1,0)) -> 0 | R11: =IF(原始数据!AO11="","",IF(ISERROR(MATCH(原始数据!AO11,各类选项!$C:$C,0)),1,0)) -> 0 | S11: =IF(赛后数据!M11="","",IF(ISERROR(MATCH(赛后数据!M11,(各类选项!J:J),0)),1,0)) -> 0 | T11: =IF(赛后数据!U11="","",IF(ISERROR(MATCH(赛后数据!U11,(各类选项!J:J),0)),1,0)) -> 0 | U11: =IF(赛后数据!AC11="","",IF(ISERROR(MATCH(赛后数据!AC11,(各类选项!J:J),0)),1,0)) -> 0 | V11: =IF(赛后数据!AK11="","",IF(ISERROR(MATCH(赛后数据!AK11,(各类选项!J:J),0)),1,0)) -> 0
A12: =COUNTIF(C12:R12,">0") -> 0 | B12: =COUNTIF(S12:V12,">0") -> 0 | C12: =IF(原始数据!K12="","",IF(ISERROR(MATCH(原始数据!K12,原始数据!E12:F12,0)),1,0)-IF(原始数据!K12="",1,0)) -> 0 | D12: =IF(原始数据!L12="","",IF(ISERROR(MATCH(原始数据!L12,各类选项!L:L,0)),1,0)-IF(原始数据!L12="",1,0)) -> 0 | E12: =IF(原始数据!V12="","",IF(ISERROR(MATCH(原始数据!V12,各类选项!G:G,0)),1,0)) -> 0 | F12: =IF(原始数据!W12="","",IF(ISERROR(MATCH(原始数据!W12,各类选项!G:G,0)),1,0)) -> 0 | G12: =IF(原始数据!AD12="","",IF(ISERROR(MATCH(原始数据!AD12,各类选项!$E:$E,0)),1,0)) -> 0 | H12: =IF(原始数据!AE12="","",IF(ISERROR(MATCH(原始数据!AE12,各类选项!$E:$E,0)),1,0)) -> 0 | I12: =IF(原始数据!AK12="","",IF(ISERROR(MATCH(原始数据!AK12,各类选项!$E:$E,0)),1,0)) -> 0 | J12: =IF(原始数据!AM12="","",IF(ISERROR(MATCH(原始数据!AM12,各类选项!$E:$E,0)),1,0)) -> 0 | K12: =IF(原始数据!AF12="","",IF(ISERROR(MATCH(原始数据!AF12,各类选项!$C:$C,0)),1,0)) -> 0 | L12: =IF(原始数据!AG12="","",IF(ISERROR(MATCH(原始数据!AG12,各类选项!$C:$C,0)),1,0)) | M12: =IF(原始数据!AH12="","",IF(ISERROR(MATCH(原始数据!AH12,各类选项!$C:$C,0)),1,0)) | N12: =IF(原始数据!AI12="","",IF(ISERROR(MATCH(原始数据!AI12,各类选项!$E:$E,0)),1,0)) -> 0 | O12: =IF(原始数据!AJ12="","",IF(ISERROR(MATCH(原始数据!AJ12,各类选项!$E:$E,0)),1,0)) -> 0 | P12: =IF(原始数据!AK12="","",IF(ISERROR(MATCH(原始数据!AK12,各类选项!$E:$E,0)),1,0)) -> 0 | Q12: =IF(原始数据!AL12="","",IF(ISERROR(MATCH(原始数据!AL12,各类选项!$E:$E,0)),1,0)) -> 0 | R12: =IF(原始数据!AO12="","",IF(ISERROR(MATCH(原始数据!AO12,各类选项!$C:$C,0)),1,0)) -> 0 | S12: =IF(赛后数据!M12="","",IF(ISERROR(MATCH(赛后数据!M12,(各类选项!J:J),0)),1,0)) -> 0 | T12: =IF(赛后数据!U12="","",IF(ISERROR(MATCH(赛后数据!U12,(各类选项!J:J),0)),1,0)) -> 0 | U12: =IF(赛后数据!AC12="","",IF(ISERROR(MATCH(赛后数据!AC12,(各类选项!J:J),0)),1,0)) -> 0 | V12: =IF(赛后数据!AK12="","",IF(ISERROR(MATCH(赛后数据!AK12,(各类选项!J:J),0)),1,0)) -> 0
A13: =COUNTIF(C13:R13,">0") -> 0 | B13: =COUNTIF(S13:V13,">0") -> 0 | C13: =IF(原始数据!K13="","",IF(ISERROR(MATCH(原始数据!K13,原始数据!E13:F13,0)),1,0)-IF(原始数据!K13="",1,0)) -> 0 | D13: =IF(原始数据!L13="","",IF(ISERROR(MATCH(原始数据!L13,各类选项!L:L,0)),1,0)-IF(原始数据!L13="",1,0)) -> 0 | E13: =IF(原始数据!V13="","",IF(ISERROR(MATCH(原始数据!V13,各类选项!G:G,0)),1,0)) -> 0 | F13: =IF(原始数据!W13="","",IF(ISERROR(MATCH(原始数据!W13,各类选项!G:G,0)),1,0)) -> 0 | G13: =IF(原始数据!AD13="","",IF(ISERROR(MATCH(原始数据!AD13,各类选项!$E:$E,0)),1,0)) -> 0 | H13: =IF(原始数据!AE13="","",IF(ISERROR(MATCH(原始数据!AE13,各类选项!$E:$E,0)),1,0)) -> 0 | I13: =IF(原始数据!AK13="","",IF(ISERROR(MATCH(原始数据!AK13,各类选项!$E:$E,0)),1,0)) -> 0 | J13: =IF(原始数据!AM13="","",IF(ISERROR(MATCH(原始数据!AM13,各类选项!$E:$E,0)),1,0)) -> 0 | K13: =IF(原始数据!AF13="","",IF(ISERROR(MATCH(原始数据!AF13,各类选项!$C:$C,0)),1,0)) -> 0 | L13: =IF(原始数据!AG13="","",IF(ISERROR(MATCH(原始数据!AG13,各类选项!$C:$C,0)),1,0)) | M13: =IF(原始数据!AH13="","",IF(ISERROR(MATCH(原始数据!AH13,各类选项!$C:$C,0)),1,0)) | N13: =IF(原始数据!AI13="","",IF(ISERROR(MATCH(原始数据!AI13,各类选项!$E:$E,0)),1,0)) -> 0 | O13: =IF(原始数据!AJ13="","",IF(ISERROR(MATCH(原始数据!AJ13,各类选项!$E:$E,0)),1,0)) -> 0 | P13: =IF(原始数据!AK13="","",IF(ISERROR(MATCH(原始数据!AK13,各类选项!$E:$E,0)),1,0)) -> 0 | Q13: =IF(原始数据!AL13="","",IF(ISERROR(MATCH(原始数据!AL13,各类选项!$E:$E,0)),1,0)) -> 0 | R13: =IF(原始数据!AO13="","",IF(ISERROR(MATCH(原始数据!AO13,各类选项!$C:$C,0)),1,0)) -> 0 | S13: =IF(赛后数据!M13="","",IF(ISERROR(MATCH(赛后数据!M13,(各类选项!J:J),0)),1,0)) -> 0 | T13: =IF(赛后数据!U13="","",IF(ISERROR(MATCH(赛后数据!U13,(各类选项!J:J),0)),1,0)) -> 0 | U13: =IF(赛后数据!AC13="","",IF(ISERROR(MATCH(赛后数据!AC13,(各类选项!J:J),0)),1,0)) -> 0 | V13: =IF(赛后数据!AK13="","",IF(ISERROR(MATCH(赛后数据!AK13,(各类选项!J:J),0)),1,0)) -> 0
... A721: =COUNTIF(C721:R721,">0") -> 0 | B721: =COUNTIF(S721:V721,">0") -> 0 | C721: =IF(原始数据!K721="","",IF(ISERROR(MATCH(原始数据!K721,原始数据!E721:F721,0)),1,0)-IF(原始数据!K721="",1,0)) | D721: =IF(原始数据!L721="","",IF(ISERROR(MATCH(原始数据!L721,各类选项!L:L,0)),1,0)-IF(原始数据!L721="",1,0)) | E721: =IF(原始数据!V721="","",IF(ISERROR(MATCH(原始数据!V721,各类选项!G:G,0)),1,0)) | F721: =IF(原始数据!W721="","",IF(ISERROR(MATCH(原始数据!W721,各类选项!G:G,0)),1,0)) | G721: =IF(原始数据!AD721="","",IF(ISERROR(MATCH(原始数据!AD721,各类选项!$E:$E,0)),1,0)) | H721: =IF(原始数据!AE721="","",IF(ISERROR(MATCH(原始数据!AE721,各类选项!$E:$E,0)),1,0)) | I721: =IF(原始数据!AK721="","",IF(ISERROR(MATCH(原始数据!AK721,各类选项!$E:$E,0)),1,0)) | J721: =IF(原始数据!AM721="","",IF(ISERROR(MATCH(原始数据!AM721,各类选项!$E:$E,0)),1,0)) | K721: =IF(原始数据!AF721="","",IF(ISERROR(MATCH(原始数据!AF721,各类选项!$C:$C,0)),1,0)) | L721: =IF(原始数据!AG721="","",IF(ISERROR(MATCH(原始数据!AG721,各类选项!$C:$C,0)),1,0)) | M721: =IF(原始数据!AH721="","",IF(ISERROR(MATCH(原始数据!AH721,各类选项!$C:$C,0)),1,0)) | N721: =IF(原始数据!AI721="","",IF(ISERROR(MATCH(原始数据!AI721,各类选项!$E:$E,0)),1,0)) | O721: =IF(原始数据!AJ721="","",IF(ISERROR(MATCH(原始数据!AJ721,各类选项!$E:$E,0)),1,0)) | P721: =IF(原始数据!AK721="","",IF(ISERROR(MATCH(原始数据!AK721,各类选项!$E:$E,0)),1,0)) | Q721: =IF(原始数据!AL721="","",IF(ISERROR(MATCH(原始数据!AL721,各类选项!$E:$E,0)),1,0)) | R721: =IF(原始数据!AO721="","",IF(ISERROR(MATCH(原始数据!AO721,各类选项!$C:$C,0)),1,0)) | S721: =IF(赛后数据!M721="","",IF(ISERROR(MATCH(赛后数据!M721,(各类选项!J:J),0)),1,0)) | T721: =IF(赛后数据!U721="","",IF(ISERROR(MATCH(赛后数据!U721,(各类选项!J:J),0)),1,0)) | U721: =IF(赛后数据!AC721="","",IF(ISERROR(MATCH(赛后数据!AC721,(各类选项!J:J),0)),1,0)) | V721: =IF(赛后数据!AK721="","",IF(ISERROR(MATCH(赛后数据!AK721,(各类选项!J:J),0)),1,0))

Sheet 原始数据
A1: 本页出错 | B1: 月 | C1: 日 | D1: 时间 | E1: 主场 | F1: 客场 | G1: 场次 | H1: 半场 | I1: 屠队主客 | J1: 人队 | K1: 屠队 | L1: 屠名 | M1: 局分 | O1: 局总分 | P1: 场分 | S1: 主分 | T1: 客分 | U1: 胜利方 | V1: BAN图 | W1: 地图 | X1: 求生者首抢禁用【自动生成】 | AD1: 第一阶段人BAN | AF1: 第一阶段屠BAN | AI1: 第一阶段人PICK | AK1: 第二阶段人BAN | AL1: 第二阶段人PICK | AM1: 第三阶段人BAN | AN1: 第三阶段人PICK | AO1: 屠选 | AP1: 地图主客 | AQ1: 选图队伍 | AR1: 选边队伍
A2: =输入错误检查!A2 -> 0 | B2: 5 | C2: 31 | D2: 13 | E2: SZ | F2: RC | G2: 1 | H2: 上 | I2: =IF(K2="","",IF(K2=E2,"主","客")) -> 主 | J2: =IF(K2="","",IF(K2=E2,F2,E2)) -> RC | K2: SZ | L2: burio | M2: =S2+S3 -> 2 | N2: =T2+T3 -> 7 | O2: =M2+N2 -> 9 | P2: =IF(M2>N2,1,0) -> 0 | Q2: =IF(M2+N2=0,0,IF(M2=N2,1,0)) -> 0 | R2: =IF(M2<N2,1,0) -> 1 | S2: 2 | T2: 2 | U2: =_xlfn.IFS(S2+T2=0,"",S2>T2,IF(I2="主","屠","人"),S2<T2,IF(I2="主","人","屠"),S2=T2,"平") -> 平 | V2: 唐人街 | W2: 月亮河公园 | AD2: 入殓师 | AE2: 古董商 | AI2: 先知 | AJ2: 木偶师 | AK2: 园丁 | AL2: 幸运儿 | AM2: 野人 | AN2: 佣兵 | AO2: 歌剧演员 | AP2: =_xlfn.IFS(AQ2="","",AQ2=E2,"主",AQ2=F2,"客") -> 主 | AQ2: =IF(说明!$F$11=3,_xlfn.IFS($G2=1,$E2,$G2=2,$F2,$G2=3,(IF(S2+T2=0,"",$E2)),$G2="加",(IF(S2+T2=0,"",$F2))),_xlfn.IFS($G2=1,$E2,$G2=2,$F2,$G2=3,$E2,$G2=4,(IF(S2+T2=0,"",$F2)),$G2=5,(IF(S2+T2=0,"",$E2)),$G2="加",(IF(S2+T2=0,"",$F2)))) -> SZ | AR2: =_xlfn.IFS(AQ2="","",AQ2=E2,F2,AQ2=F2,E2) -> RC
A3: =输入错误检查!A3 -> 0 | B3: =B2 -> 5 | C3: =C2 -> 31 | D3: =D2 -> 13 | E3: =E2 -> SZ | F3: =F2 -> RC | G3: 1 | H3: 下 | I3: =IF(K3="","",IF(K3=E3,"主","客")) -> 客 | J3: =IF(K3="","",IF(K3=E3,F3,E3)) -> SZ | K3: RC | L3: peter | S3: 0 | T3: 5 | U3: =_xlfn.IFS(S3+T3=0,"",S3>T3,IF(I3="主","屠","人"),S3<T3,IF(I3="主","人","屠"),S3=T3,"平") -> 屠 | V3: 唐人街 | W3: 月亮河公园 | AD3: 古董商 | AE3: 入殓师 | AI3: 园丁 | AJ3: 野人 | AK3: 先知 | AL3: 心理学家 | AM3: 木偶师 | AN3: 飞行家 | AO3: 歌剧演员 | AP3: =_xlfn.IFS(AQ3="","",AQ3=E3,"主",AQ3=F3,"客") -> 主 | AQ3: =IF(说明!$F$11=3,_xlfn.IFS($G3=1,$E3,$G3=2,$F3,$G3=3,(IF(S3+T3=0,"",$E3)),$G3="加",(IF(S3+T3=0,"",$F3))),_xlfn.IFS($G3=1,$E3,$G3=2,$F3,$G3=3,$E3,$G3=4,(IF(S3+T3=0,"",$F3)),$G3=5,(IF(S3+T3=0,"",$E3)),$G3="加",(IF(S3+T3=0,"",$F3)))) -> SZ | AR3: =_xlfn.IFS(AQ3="","",AQ3=E3,F3,AQ3=F3,E3) -> RC
A4: =输入错误检查!A4 -> 0 | B4: =B3 -> 5 | C4: =C3 -> 31 | D4: =D3 -> 13 | E4: =E3 -> SZ | F4: =F3 -> RC | G4: 2 | H4: 上 | I4: =IF(K4="","",IF(K4=E4,"主","客")) -> 客 | J4: =IF(K4="","",IF(K4=E4,F4,E4)) -> SZ | K4: RC | L4: aka | M4: =S4+S5 -> 2 | N4: =T4+T5 -> 7 | O4: =M4+N4 -> 9 | P4: =IF(M4>N4,1,0) -> 0 | Q4: =IF(M4+N4=0,0,IF(M4=N4,1,0)) -> 0 | R4: =IF(M4<N4,1,0) -> 1 | S4: 0 | T4: 5 | U4: =_xlfn.IFS(S4+T4=0,"",S4>T4,IF(I4="主","屠","人"),S4<T4,IF(I4="主","人","屠"),S4=T4,"平") -> 屠 | V4: 唐人街 | W4: 红教堂 | X4: =IF($K4="","",IF($K4=$K2,AI2,AI3)) -> 园丁 | Y4: =IF($K4="","",IF($K4=$K2,AJ2,AJ3)) -> 野人 | AD4: 佣兵 | AE4: 大副 | AF4: 歌剧演员 | AI4: 舞女 | AJ4: 前锋 | AK4: 心理学家 | AL4: 飞行家 | AM4: 调酒师 | AN4: 先知 | AO4: 时空之影 | AP4: =_xlfn.IFS(AQ4="","",AQ4=E4,"主",AQ4=F4,"客") -> 客 | AQ4: =IF(说明!$F$11=3,_xlfn.IFS($G4=1,$E4,$G4=2,$F4,$G4=3,(IF(S4+T4=0,"",$E4)),$G4="加",(IF(S4+T4=0,"",$F4))),_xlfn.IFS($G4=1,$E4,$G4=2,$F4,$G4=3,$E4,$G4=4,(IF(S4+T4=0,"",$F4)),$G4=5,(IF(S4+T4=0,"",$E4)),$G4="加",(IF(S4+T4=0,"",$F4)))) -> RC | AR4: =_xlfn.IFS(AQ4="","",AQ4=E4,F4,AQ4=F4,E4) -> SZ
A5: =输入错误检查!A5 -> 0 | B5: =B4 -> 5 | C5: =C4 -> 31 | D5: =D4 -> 13 | E5: =E4 -> SZ | F5: =F4 -> RC | G5: 2 | H5: 下 | I5: =IF(K5="","",IF(K5=E5,"主","客")) -> 主 | J5: =IF(K5="","",IF(K5=E5,F5,E5)) -> RC | K5: SZ | L5: miraik | S5: 2 | T5: 2 | U5: =_xlfn.IFS(S5+T5=0,"",S5>T5,IF(I5="主","屠","人"),S5<T5,IF(I5="主","人","屠"),S5=T5,"平") -> 平 | V5: 唐人街 | W5: 红教堂 | X5: =IF($K5="","",IF($K5=$K3,AI3,AI2)) -> 先知 | Y5: =IF($K5="","",IF($K5=$K3,AJ3,AJ2)) -> 木偶师 | AD5: 祭司 | AE5: 佣兵 | AF5: 歌剧演员 | AI5: 大副 | AJ5: 心理学家 | AK5: 勘探员 | AL5: 空军 | AM5: 病患 | AN5: 拉拉队员 | AO5: 时空之影 | AP5: =_xlfn.IFS(AQ5="","",AQ5=E5,"主",AQ5=F5,"客") -> 客 | AQ5: =IF(说明!$F$11=3,_xlfn.IFS($G5=1,$E5,$G5=2,$F5,$G5=3,(IF(S5+T5=0,"",$E5)),$G5="加",(IF(S5+T5=0,"",$F5))),_xlfn.IFS($G5=1,$E5,$G5=2,$F5,$G5=3,$E5,$G5=4,(IF(S5+T5=0,"",$F5)),$G5=5,(IF(S5+T5=0,"",$E5)),$G5="加",(IF(S5+T5=0,"",$F5)))) -> RC | AR5: =_xlfn.IFS(AQ5="","",AQ5=E5,F5,AQ5=F5,E5) -> SZ
A6: =输入错误检查!A6 -> 0 | B6: =B5 -> 5 | C6: =C5 -> 31 | D6: =D5 -> 13 | E6: =E5 -> SZ | F6: =F5 -> RC | G6: 3 | H6: 上 | I6: =IF(K6="","",IF(K6=E6,"主","客")) | J6: =IF(K6="","",IF(K6=E6,F6,E6)) | M6: =S6+S7 -> 0 | N6: =T6+T7 -> 0 | O6: =M6+N6 -> 0 | P6: =IF(M6>N6,1,0) -> 0 | Q6: =IF(M6+N6=0,0,IF(M6=N6,1,0)) -> 0 | R6: =IF(M6<N6,1,0) -> 0 | S6: 0 | T6: 0 | U6: =_xlfn.IFS(S6+T6=0,"",S6>T6,IF(I6="主","屠","人"),S6<T6,IF(I6="主","人","屠"),S6=T6,"平") | X6: =IF($K6="","",IF($K6=$K4,AI4,AI5)) | Y6: =IF($K6="","",IF($K6=$K4,AJ4,AJ5)) | Z6: =IF($K6="","",IF($K6=$K4,X4,X5)) | AA6: =IF($K6="","",IF($K6=$K4,Y4,Y5)) | AP6: =_xlfn.IFS(AQ6="","",AQ6=E6,"主",AQ6=F6,"客") | AQ6: =IF(说明!$F$11=3,_xlfn.IFS($G6=1,$E6,$G6=2,$F6,$G6=3,(IF(S6+T6=0,"",$E6)),$G6="加",(IF(S6+T6=0,"",$F6))),_xlfn.IFS($G6=1,$E6,$G6=2,$F6,$G6=3,$E6,$G6=4,(IF(S6+T6=0,"",$F6)),$G6=5,(IF(S6+T6=0,"",$E6)),$G6="加",(IF(S6+T6=0,"",$F6)))) | AR6: =_xlfn.IFS(AQ6="","",AQ6=E6,F6,AQ6=F6,E6)
A7: =输入错误检查!A7 -> 0 | B7: =B6 -> 5 | C7: =C6 -> 31 | D7: =D6 -> 13 | E7: =E6 -> SZ | F7: =F6 -> RC | G7: 3 | H7: 下 | I7: =IF(K7="","",IF(K7=E7,"主","客")) | J7: =IF(K7="","",IF(K7=E7,F7,E7)) | S7: 0 | T7: 0 | U7: =_xlfn.IFS(S7+T7=0,"",S7>T7,IF(I7="主","屠","人"),S7<T7,IF(I7="主","人","屠"),S7=T7,"平") | X7: =IF($K7="","",IF($K7=$K5,AI5,AI4)) | Y7: =IF($K7="","",IF($K7=$K5,AJ5,AJ4)) | Z7: =IF($K7="","",IF($K7=$K5,X5,X4)) | AA7: =IF($K7="","",IF($K7=$K5,Y5,Y4)) | AP7: =_xlfn.IFS(AQ7="","",AQ7=E7,"主",AQ7=F7,"客") | AQ7: =IF(说明!$F$11=3,_xlfn.IFS($G7=1,$E7,$G7=2,$F7,$G7=3,(IF(S7+T7=0,"",$E7)),$G7="加",(IF(S7+T7=0,"",$F7))),_xlfn.IFS($G7=1,$E7,$G7=2,$F7,$G7=3,$E7,$G7=4,(IF(S7+T7=0,"",$F7)),$G7=5,(IF(S7+T7=0,"",$E7)),$G7="加",(IF(S7+T7=0,"",$F7)))) | AR7: =_xlfn.IFS(AQ7="","",AQ7=E7,F7,AQ7=F7,E7)
A8: =输入错误检查!A8 -> 0 | B8: =B7 -> 5 | C8: =C7 -> 31 | D8: =D7 -> 13 | E8: =E7 -> SZ | F8: =F7 -> RC | G8: 加 | H8: 上 | I8: =IF(K8="","",IF(K8=E8,"主","客")) | J8: =IF(K8="","",IF(K8=E8,F8,E8)) | M8: =S8+S9 -> 0 | N8: =T8+T9 -> 0 | O8: =M8+N8 -> 0 | P8: =IF(M8>N8,1,0) -> 0 | Q8: =IF(M8+N8=0,0,IF(M8=N8,1,0)) -> 0 | R8: =IF(M8<N8,1,0) -> 0 | S8: 0 | T8: 0 | U8: =_xlfn.IFS(S8+T8=0,"",S8>T8,IF(I8="主","屠","人"),S8<T8,IF(I8="主","人","屠"),S8=T8,"平") | X8: =IF($K8="","",IF($K8=$K6,AI6,AI7)) | Y8: =IF($K8="","",IF($K8=$K6,AJ6,AJ7)) | Z8: =IF($K8="","",IF($K8=$K6,X6,X7)) | AA8: =IF($K8="","",IF($K8=$K6,Y6,Y7)) | AB8: =IF($K8="","",IF($K8=$K6,Z6,Z7)) | AC8: =IF($K8="","",IF($K8=$K6,AA6,AA7)) | AP8: =_xlfn.IFS(AQ8="","",AQ8=E8,"主",AQ8=F8,"客") | AQ8: =IF(说明!$F$11=3,_xlfn.IFS($G8=1,$E8,$G8=2,$F8,$G8=3,(IF(S8+T8=0,"",$E8)),$G8="加",(IF(S8+T8=0,"",$F8))),_xlfn.IFS($G8=1,$E8,$G8=2,$F8,$G8=3,$E8,$G8=4,(IF(S8+T8=0,"",$F8)),$G8=5,(IF(S8+T8=0,"",$E8)),$G8="加",(IF(S8+T8=0,"",$F8)))) | AR8: =_xlfn.IFS(AQ8="","",AQ8=E8,F8,AQ8=F8,E8)
A9: =输入错误检查!A9 -> 0 | B9: =B8 -> 5 | C9: =C8 -> 31 | D9: =D8 -> 13 | E9: =E8 -> SZ | F9: =F8 -> RC | G9: 加 | H9: 下 | I9: =IF(K9="","",IF(K9=E9,"主","客")) | J9: =IF(K9="","",IF(K9=E9,F9,E9)) | S9: 0 | T9: 0 | U9: =_xlfn.IFS(S9+T9=0,"",S9>T9,IF(I9="主","屠","人"),S9<T9,IF(I9="主","人","屠"),S9=T9,"平") | X9: =IF($K9="","",IF($K9=$K7,AI7,AI6)) | Y9: =IF($K9="","",IF($K9=$K7,AJ7,AJ6)) | Z9: =IF($K9="","",IF($K9=$K7,X7,X6)) | AA9: =IF($K9="","",IF($K9=$K7,Y7,Y6)) | AB9: =IF($K9="","",IF($K9=$K7,Z7,Z6)) | AC9: =IF($K9="","",IF($K9=$K7,AA7,AA6)) | AP9: =_xlfn.IFS(AQ9="","",AQ9=E9,"主",AQ9=F9,"客") | AQ9: =IF(说明!$F$11=3,_xlfn.IFS($G9=1,$E9,$G9=2,$F9,$G9=3,(IF(S9+T9=0,"",$E9)),$G9="加",(IF(S9+T9=0,"",$F9))),_xlfn.IFS($G9=1,$E9,$G9=2,$F9,$G9=3,$E9,$G9=4,(IF(S9+T9=0,"",$F9)),$G9=5,(IF(S9+T9=0,"",$E9)),$G9="加",(IF(S9+T9=0,"",$F9)))) | AR9: =_xlfn.IFS(AQ9="","",AQ9=E9,F9,AQ9=F9,E9)
A10: =输入错误检查!A10 -> 0 | B10: 5 | C10: 31 | D10: 1500 | E10: AWG | F10: FAV | G10: 1 | H10: 上 | I10: =IF(K10="","",IF(K10=E10,"主","客")) -> 客 | J10: =IF(K10="","",IF(K10=E10,F10,E10)) -> AWG | K10: FAV | L10: chikin | M10: =S10+S11 -> 5 | N10: =T10+T11 -> 5 | O10: =M10+N10 -> 10 | P10: =IF(M10>N10,1,0) -> 0 | Q10: =IF(M10+N10=0,0,IF(M10=N10,1,0)) -> 1 | R10: =IF(M10<N10,1,0) -> 0 | S10: 0 | T10: 5 | U10: =_xlfn.IFS(S10+T10=0,"",S10>T10,IF(I10="主","屠","人"),S10<T10,IF(I10="主","人","屠"),S10=T10,"平") -> 屠 | V10: 月亮河公园 | W10: 里奥的回忆 | AD10: 佣兵 | AE10: 大副 | AI10: 野人 | AJ10: 木偶师 | AK10: 飞行家 | AL10: 先知 | AM10: 拉拉队员 | AN10: 空军 | AO10: 时空之影 | AP10: =_xlfn.IFS(AQ10="","",AQ10=E10,"主",AQ10=F10,"客") -> 主 | AQ10: =IF(说明!$F$11=3,_xlfn.IFS($G10=1,$E10,$G10=2,$F10,$G10=3,(IF(S10+T10=0,"",$E10)),$G10="加",(IF(S10+T10=0,"",$F10))),_xlfn.IFS($G10=1,$E10,$G10=2,$F10,$G10=3,$E10,$G10=4,(IF(S10+T10=0,"",$F10)),$G10=5,(IF(S10+T10=0,"",$E10)),$G10="加",(IF(S10+T10=0,"",$F10)))) -> AWG | AR10: =_xlfn.IFS(AQ10="","",AQ10=E10,F10,AQ10=F10,E10) -> FAV
A11: =输入错误检查!A11 -> 0 | B11: 5 | C11: 31 | D11: =D10 -> 1500 | E11: =E10 -> AWG | F11: =F10 -> FAV | G11: 1 | H11: 下 | I11: =IF(K11="","",IF(K11=E11,"主","客")) -> 主 | J11: =IF(K11="","",IF(K11=E11,F11,E11)) -> FAV | K11: AWG | L11: irohasu | S11: 5 | T11: 0 | U11: =_xlfn.IFS(S11+T11=0,"",S11>T11,IF(I11="主","屠","人"),S11<T11,IF(I11="主","人","屠"),S11=T11,"平") -> 屠 | V11: 月亮河公园 | W11: 里奥的回忆 | AD11: 先知 | AE11: 入殓师 | AI11: 杂技演员 | AJ11: 律师 | AK11: 木偶师 | AL11: 飞行家 | AM11: 佣兵 | AN11: 大副 | AO11: 时空之影 | AP11: =_xlfn.IFS(AQ11="","",AQ11=E11,"主",AQ11=F11,"客") -> 主 | AQ11: =IF(说明!$F$11=3,_xlfn.IFS($G11=1,$E11,$G11=2,$F11,$G11=3,(IF(S11+T11=0,"",$E11)),$G11="加",(IF(S11+T11=0,"",$F11))),_xlfn.IFS($G11=1,$E11,$G11=2,$F11,$G11=3,$E11,$G11=4,(IF(S11+T11=0,"",$F11)),$G11=5,(IF(S11+T11=0,"",$E11)),$G11="加",(IF(S11+T11=0,"",$F11)))) -> AWG | AR11: =_xlfn.IFS(AQ11="","",AQ11=E11,F11,AQ11=F11,E11) -> FAV
A12: =输入错误检查!A12 -> 0 | B12: 5 | C12: 31 | D12: =D11 -> 1500 | E12: =E11 -> AWG | F12: =F11 -> FAV | G12: 2 | H12: 上 | I12: =IF(K12="","",IF(K12=E12,"主","客")) -> 主 | J12: =IF(K12="","",IF(K12=E12,F12,E12)) -> FAV | K12: AWG | L12: yukakina | M12: =S12+S13 -> 1 | N12: =T12+T13 -> 8 | O12: =M12+N12 -> 9 | P12: =IF(M12>N12,1,0) -> 0 | Q12: =IF(M12+N12=0,0,IF(M12=N12,1,0)) -> 0 | R12: =IF(M12<N12,1,0) -> 1 | S12: 1 | T12: 3 | U12: =_xlfn.IFS(S12+T12=0,"",S12>T12,IF(I12="主","屠","人"),S12<T12,IF(I12="主","人","屠"),S12=T12,"平") -> 人 | V12: 月亮河公园 | W12: 湖景村 | X12: =IF($K12="","",IF($K12=$K10,AI10,AI11)) -> 杂技演员 | Y12: =IF($K12="","",IF($K12=$K10,AJ10,AJ11)) -> 律师 | AD12: 先知 | AE12: 古董商 | AF12: 歌剧演员 | AI12: 飞行家 | AJ12: 心理学家 | AK12: 勘探员 | AL12: 佣兵 | AM12: 祭司 | AN12: 昆虫学者 | AO12: 守夜人 | AP12: =_xlfn.IFS(AQ12="","",AQ12=E12,"主",AQ12=F12,"客") -> 客 | AQ12: =IF(说明!$F$11=3,_xlfn.IFS($G12=1,$E12,$G12=2,$F12,$G12=3,(IF(S12+T12=0,"",$E12)),$G12="加",(IF(S12+T12=0,"",$F12))),_xlfn.IFS($G12=1,$E12,$G12=2,$F12,$G12=3,$E12,$G12=4,(IF(S12+T12=0,"",$F12)),$G12=5,(IF(S12+T12=0,"",$E12)),$G12="加",(IF(S12+T12=0,"",$F12)))) -> FAV | AR12: =_xlfn.IFS(AQ12="","",AQ12=E12,F12,AQ12=F12,E12) -> AWG
A13: =输入错误检查!A13 -> 0 | B13: 5 | C13: 31 | D13: =D12 -> 1500 | E13: =E12 -> AWG | F13: =F12 -> FAV | G13: 2 | H13: 下 | I13: =IF(K13="","",IF(K13=E13,"主","客")) -> 客 | J13: =IF(K13="","",IF(K13=E13,F13,E13)) -> AWG | K13: FAV | L13: chikin | S13: 0 | T13: 5 | U13: =_xlfn.IFS(S13+T13=0,"",S13>T13,IF(I13="主","屠","人"),S13<T13,IF(I13="主","人","屠"),S13=T13,"平") -> 屠 | V13: 月亮河公园 | W13: 湖景村 | X13: =IF($K13="","",IF($K13=$K11,AI11,AI10)) -> 野人 | Y13: =IF($K13="","",IF($K13=$K11,AJ11,AJ10)) -> 木偶师 | AD13: 佣兵 | AE13: 古董商 | AF13: 歌剧演员 | AI13: 先知 | AJ13: 勘探员 | AK13: 心理学家 | AL13: 前锋 | AM13: 飞行家 | AN13: 舞女 | AO13: 时空之影 | AP13: =_xlfn.IFS(AQ13="","",AQ13=E13,"主",AQ13=F13,"客") -> 客 | AQ13: =IF(说明!$F$11=3,_xlfn.IFS($G13=1,$E13,$G13=2,$F13,$G13=3,(IF(S13+T13=0,"",$E13)),$G13="加",(IF(S13+T13=0,"",$F13))),_xlfn.IFS($G13=1,$E13,$G13=2,$F13,$G13=3,$E13,$G13=4,(IF(S13+T13=0,"",$F13)),$G13=5,(IF(S13+T13=0,"",$E13)),$G13="加",(IF(S13+T13=0,"",$F13)))) -> FAV | AR13: =_xlfn.IFS(AQ13="","",AQ13=E13,F13,AQ13=F13,E13) -> AWG
A14: =输入错误检查!A14 -> 0 | B14: 5 | C14: 31 | D14: =D13 -> 1500 | E14: =E13 -> AWG | F14: =F13 -> FAV | G14: 3 | H14: 上 | I14: =IF(K14="","",IF(K14=E14,"主","客")) -> 主 | J14: =IF(K14="","",IF(K14=E14,F14,E14)) -> FAV | K14: AWG | L14: yukakina | M14: =S14+S15 -> 4 | N14: =T14+T15 -> 4 | O14: =M14+N14 -> 8 | P14: =IF(M14>N14,1,0) -> 0 | Q14: =IF(M14+N14=0,0,IF(M14=N14,1,0)) -> 1 | R14: =IF(M14<N14,1,0) -> 0 | S14: 2 | T14: 2 | U14: =_xlfn.IFS(S14+T14=0,"",S14>T14,IF(I14="主","屠","人"),S14<T14,IF(I14="主","人","屠"),S14=T14,"平") -> 平 | W14: 永眠镇 | X14: =IF($K14="","",IF($K14=$K12,AI12,AI13)) -> 飞行家 | Y14: =IF($K14="","",IF($K14=$K12,AJ12,AJ13)) -> 心理学家 | Z14: =IF($K14="","",IF($K14=$K12,X12,X13)) -> 杂技演员 | AA14: =IF($K14="","",IF($K14=$K12,Y12,Y13)) -> 律师 | AD14: 先知 | AE14: 祭司 | AF14: 时空之影 | AG14: 歌剧演员 | AI14: 调酒师 | AJ14: 昆虫学者 | AK14: 古董商 | AL14: 前锋 | AM14: 入殓师 | AN14: 病患 | AO14: 守夜人 | AP14: =_xlfn.IFS(AQ14="","",AQ14=E14,"主",AQ14=F14,"客") -> 主 | AQ14: =IF(说明!$F$11=3,_xlfn.IFS($G14=1,$E14,$G14=2,$F14,$G14=3,(IF(S14+T14=0,"",$E14)),$G14="加",(IF(S14+T14=0,"",$F14))),_xlfn.IFS($G14=1,$E14,$G14=2,$F14,$G14=3,$E14,$G14=4,(IF(S14+T14=0,"",$F14)),$G14=5,(IF(S14+T14=0,"",$E14)),$G14="加",(IF(S14+T14=0,"",$F14)))) -> AWG | AR14: =_xlfn.IFS(AQ14="","",AQ14=E14,F14,AQ14=F14,E14) -> FAV
A15: =输入错误检查!A15 -> 0 | B15: 5 | C15: 31 | D15: =D14 -> 1500 | E15: =E14 -> AWG | F15: =F14 -> FAV | G15: 3 | H15: 下 | I15: =IF(K15="","",IF(K15=E15,"主","客")) -> 客 | J15: =IF(K15="","",IF(K15=E15,F15,E15)) -> AWG | K15: FAV | L15: chikin | S15: 2 | T15: 2 | U15: =_xlfn.IFS(S15+T15=0,"",S15>T15,IF(I15="主","屠","人"),S15<T15,IF(I15="主","人","屠"),S15=T15,"平") -> 平 | W15: 永眠镇 | X15: =IF($K15="","",IF($K15=$K13,AI13,AI12)) -> 先知 | Y15: =IF($K15="","",IF($K15=$K13,AJ13,AJ12)) -> 勘探员 | Z15: =IF($K15="","",IF($K15=$K13,X13,X12)) -> 野人 | AA15: =IF($K15="","",IF($K15=$K13,Y13,Y12)) -> 木偶师 | AD15: 前锋 | AE15: 古董商 | AF15: 歌剧演员 | AG15: 时空之影 | AI15: 佣兵 | AJ15: 舞女 | AK15: 祭司 | AL15: 调酒师 | AM15: 杂技演员 | AN15: 小说家 | AO15: 梦之女巫 | AP15: =_xlfn.IFS(AQ15="","",AQ15=E15,"主",AQ15=F15,"客") -> 主 | AQ15: =IF(说明!$F$11=3,_xlfn.IFS($G15=1,$E15,$G15=2,$F15,$G15=3,(IF(S15+T15=0,"",$E15)),$G15="加",(IF(S15+T15=0,"",$F15))),_xlfn.IFS($G15=1,$E15,$G15=2,$F15,$G15=3,$E15,$G15=4,(IF(S15+T15=0,"",$F15)),$G15=5,(IF(S15+T15=0,"",$E15)),$G15="加",(IF(S15+T15=0,"",$F15)))) -> AWG | AR15: =_xlfn.IFS(AQ15="","",AQ15=E15,F15,AQ15=F15,E15) -> FAV
A16: =输入错误检查!A16 -> 0 | B16: 5 | C16: 31 | D16: =D15 -> 1500 | E16: =E15 -> AWG | F16: =F15 -> FAV | G16: 加 | H16: 上 | I16: =IF(K16="","",IF(K16=E16,"主","客")) | J16: =IF(K16="","",IF(K16=E16,F16,E16)) | M16: =S16+S17 -> 0 | N16: =T16+T17 -> 0 | O16: =M16+N16 -> 0 | P16: =IF(M16>N16,1,0) -> 0 | Q16: =IF(M16+N16=0,0,IF(M16=N16,1,0)) -> 0 | R16: =IF(M16<N16,1,0) -> 0 | S16: 0 | T16: 0 | U16: =_xlfn.IFS(S16+T16=0,"",S16>T16,IF(I16="主","屠","人"),S16<T16,IF(I16="主","人","屠"),S16=T16,"平") | X16: =IF($K16="","",IF($K16=$K14,AI14,AI15)) | Y16: =IF($K16="","",IF($K16=$K14,AJ14,AJ15)) | Z16: =IF($K16="","",IF($K16=$K14,X14,X15)) | AA16: =IF($K16="","",IF($K16=$K14,Y14,Y15)) | AB16: =IF($K16="","",IF($K16=$K14,Z14,Z15)) | AC16: =IF($K16="","",IF($K16=$K14,AA14,AA15)) | AP16: =_xlfn.IFS(AQ16="","",AQ16=E16,"主",AQ16=F16,"客") | AQ16: =IF(说明!$F$11=3,_xlfn.IFS($G16=1,$E16,$G16=2,$F16,$G16=3,(IF(S16+T16=0,"",$E16)),$G16="加",(IF(S16+T16=0,"",$F16))),_xlfn.IFS($G16=1,$E16,$G16=2,$F16,$G16=3,$E16,$G16=4,(IF(S16+T16=0,"",$F16)),$G16=5,(IF(S16+T16=0,"",$E16)),$G16="加",(IF(S16+T16=0,"",$F16)))) | AR16: =_xlfn.IFS(AQ16="","",AQ16=E16,F16,AQ16=F16,E16)
A17: =输入错误检查!A17 -> 0 | B17: 5 | C17: 31 | D17: =D16 -> 1500 | E17: =E16 -> AWG | F17: =F16 -> FAV | G17: 加 | H17: 下 | I17: =IF(K17="","",IF(K17=E17,"主","客")) | J17: =IF(K17="","",IF(K17=E17,F17,E17)) | S17: 0 | T17: 0 | U17: =_xlfn.IFS(S17+T17=0,"",S17>T17,IF(I17="主","屠","人"),S17<T17,IF(I17="主","人","屠"),S17=T17,"平") | X17: =IF($K17="","",IF($K17=$K15,AI15,AI14)) | Y17: =IF($K17="","",IF($K17=$K15,AJ15,AJ14)) | Z17: =IF($K17="","",IF($K17=$K15,X15,X14)) | AA17: =IF($K17="","",IF($K17=$K15,Y15,Y14)) | AB17: =IF($K17="","",IF($K17=$K15,Z15,Z14)) | AC17: =IF($K17="","",IF($K17=$K15,AA15,AA14)) | AP17: =_xlfn.IFS(AQ17="","",AQ17=E17,"主",AQ17=F17,"客") | AQ17: =IF(说明!$F$11=3,_xlfn.IFS($G17=1,$E17,$G17=2,$F17,$G17=3,(IF(S17+T17=0,"",$E17)),$G17="加",(IF(S17+T17=0,"",$F17))),_xlfn.IFS($G17=1,$E17,$G17=2,$F17,$G17=3,$E17,$G17=4,(IF(S17+T17=0,"",$F17)),$G17=5,(IF(S17+T17=0,"",$E17)),$G17="加",(IF(S17+T17=0,"",$F17)))) | AR17: =_xlfn.IFS(AQ17="","",AQ17=E17,F17,AQ17=F17,E17)
A18: =输入错误检查!A18 -> 0 | B18: 5 | C18: 31 | D18: 1700 | E18: AXIZ | F18: SZ | G18: 1 | H18: 上 | I18: =IF(K18="","",IF(K18=E18,"主","客")) -> 客 | J18: =IF(K18="","",IF(K18=E18,F18,E18)) -> AXIZ | K18: SZ | L18: burio | M18: =S18+S19 -> 5 | N18: =T18+T19 -> 3 | O18: =M18+N18 -> 8 | P18: =IF(M18>N18,1,0) -> 1 | Q18: =IF(M18+N18=0,0,IF(M18=N18,1,0)) -> 0 | R18: =IF(M18<N18,1,0) -> 0 | S18: 3 | T18: 1 | U18: =_xlfn.IFS(S18+T18=0,"",S18>T18,IF(I18="主","屠","人"),S18<T18,IF(I18="主","人","屠"),S18=T18,"平") -> 人 | V18: 圣心医院 | W18: 湖景村 | AD18: 病患 | AE18: 古董商 | AI18: 空军 | AJ18: 木偶师 | AK18: 先知 | AL18: 野人 | AM18: 飞行家 | AN18: 魔术师 | AO18: 歌剧演员 | AP18: =_xlfn.IFS(AQ18="","",AQ18=E18,"主",AQ18=F18,"客") -> 主 | AQ18: =IF(说明!$F$11=3,_xlfn.IFS($G18=1,$E18,$G18=2,$F18,$G18=3,(IF(S18+T18=0,"",$E18)),$G18="加",(IF(S18+T18=0,"",$F18))),_xlfn.IFS($G18=1,$E18,$G18=2,$F18,$G18=3,$E18,$G18=4,(IF(S18+T18=0,"",$F18)),$G18=5,(IF(S18+T18=0,"",$E18)),$G18="加",(IF(S18+T18=0,"",$F18)))) -> AXIZ | AR18: =_xlfn.IFS(AQ18="","",AQ18=E18,F18,AQ18=F18,E18) -> SZ
A19: =输入错误检查!A19 -> 0 | B19: =B18 -> 5 | C19: =C18 -> 31 | D19: =D18 -> 1700 | E19: =E18 -> AXIZ | F19: =F18 -> SZ | G19: 1 | H19: 下 | I19: =IF(K19="","",IF(K19=E19,"主","客")) -> 主 | J19: =IF(K19="","",IF(K19=E19,F19,E19)) -> SZ | K19: AXIZ | L19: kakaka | S19: 2 | T19: 2 | U19: =_xlfn.IFS(S19+T19=0,"",S19>T19,IF(I19="主","屠","人"),S19<T19,IF(I19="主","人","屠"),S19=T19,"平") -> 平 | V19: 圣心医院 | W19: 湖景村 | AD19: 空军 | AE19: 古董商 | AI19: 野人 | AJ19: 病患 | AK19: 飞行家 | AL19: 心理学家 | AM19: 杂技演员 | AN19: 律师 | AO19: 时空之影 | AP19: =_xlfn.IFS(AQ19="","",AQ19=E19,"主",AQ19=F19,"客") -> 主 | AQ19: =IF(说明!$F$11=3,_xlfn.IFS($G19=1,$E19,$G19=2,$F19,$G19=3,(IF(S19+T19=0,"",$E19)),$G19="加",(IF(S19+T19=0,"",$F19))),_xlfn.IFS($G19=1,$E19,$G19=2,$F19,$G19=3,$E19,$G19=4,(IF(S19+T19=0,"",$F19)),$G19=5,(IF(S19+T19=0,"",$E19)),$G19="加",(IF(S19+T19=0,"",$F19)))) -> AXIZ | AR19: =_xlfn.IFS(AQ19="","",AQ19=E19,F19,AQ19=F19,E19) -> SZ
A20: =输入错误检查!A20 -> 0 | B20: =B19 -> 5 | C20: =C19 -> 31 | D20: =D19 -> 1700 | E20: =E19 -> AXIZ | F20: =F19 -> SZ | G20: 2 | H20: 上 | I20: =IF(K20="","",IF(K20=E20,"主","客")) -> 客 | J20: =IF(K20="","",IF(K20=E20,F20,E20)) -> AXIZ | K20: SZ | L20: miraik | M20: =S20+S21 -> 5 | N20: =T20+T21 -> 3 | O20: =M20+N20 -> 8 | P20: =IF(M20>N20,1,0) -> 1 | Q20: =IF(M20+N20=0,0,IF(M20=N20,1,0)) -> 0 | R20: =IF(M20<N20,1,0) -> 0 | S20: 2 | T20: 2 | U20: =_xlfn.IFS(S20+T20=0,"",S20>T20,IF(I20="主","屠","人"),S20<T20,IF(I20="主","人","屠"),S20=T20,"平") -> 平 | V20: 唐人街 | W20: 里奥的回忆 | X20: =IF($K20="","",IF($K20=$K18,AI18,AI19)) -> 空军 | Y20: =IF($K20="","",IF($K20=$K18,AJ18,AJ19)) -> 木偶师 | AD20: 先知 | AE20: 勘探员 | AF20: 歌剧演员 | AI20: 佣兵 | AJ20: 飞行家 | AK20: 心理学家 | AL20: 拉拉队员 | AM20: 病患 | AN20: 杂技演员 | AO20: 时空之影 | AP20: =_xlfn.IFS(AQ20="","",AQ20=E20,"主",AQ20=F20,"客") -> 客 | AQ20: =IF(说明!$F$11=3,_xlfn.IFS($G20=1,$E20,$G20=2,$F20,$G20=3,(IF(S20+T20=0,"",$E20)),$G20="加",(IF(S20+T20=0,"",$F20))),_xlfn.IFS($G20=1,$E20,$G20=2,$F20,$G20=3,$E20,$G20=4,(IF(S20+T20=0,"",$F20)),$G20=5,(IF(S20+T20=0,"",$E20)),$G20="加",(IF(S20+T20=0,"",$F20)))) -> SZ | AR20: =_xlfn.IFS(AQ20="","",AQ20=E20,F20,AQ20=F20,E20) -> AXIZ
A21: =输入错误检查!A21 -> 0 | B21: =B20 -> 5 | C21: =C20 -> 31 | D21: =D20 -> 1700 | E21: =E20 -> AXIZ | F21: =F20 -> SZ | G21: 2 | H21: 下 | I21: =IF(K21="","",IF(K21=E21,"主","客")) -> 主 | J21: =IF(K21="","",IF(K21=E21,F21,E21)) -> SZ | K21: AXIZ | L21: kakaka | S21: 3 | T21: 1 | U21: =_xlfn.IFS(S21+T21=0,"",S21>T21,IF(I21="主","屠","人"),S21<T21,IF(I21="主","人","屠"),S21=T21,"平") -> 屠 | V21: 唐人街 | W21: 里奥的回忆 | X21: =IF($K21="","",IF($K21=$K19,AI19,AI18)) -> 野人 | Y21: =IF($K21="","",IF($K21=$K19,AJ19,AJ18)) -> 病患 | AD21: 心理学家 | AE21: 古董商 | AF21: 时空之影 | AI21: 先知 | AJ21: 飞行家 | AK21: 空军 | AL21: 佣兵 | AM21: 杂技演员 | AN21: 入殓师 | AO21: 歌剧演员 | AP21: =_xlfn.IFS(AQ21="","",AQ21=E21,"主",AQ21=F21,"客") -> 客 | AQ21: =IF(说明!$F$11=3,_xlfn.IFS($G21=1,$E21,$G21=2,$F21,$G21=3,(IF(S21+T21=0,"",$E21)),$G21="加",(IF(S21+T21=0,"",$F21))),_xlfn.IFS($G21=1,$E21,$G21=2,$F21,$G21=3,$E21,$G21=4,(IF(S21+T21=0,"",$F21)),$G21=5,(IF(S21+T21=0,"",$E21)),$G21="加",(IF(S21+T21=0,"",$F21)))) -> SZ | AR21: =_xlfn.IFS(AQ21="","",AQ21=E21,F21,AQ21=F21,E21) -> AXIZ
A22: =输入错误检查!A22 -> 0 | B22: =B21 -> 5 | C22: =C21 -> 31 | D22: =D21 -> 1700 | E22: =E21 -> AXIZ | F22: =F21 -> SZ | G22: 3 | H22: 上 | I22: =IF(K22="","",IF(K22=E22,"主","客")) | J22: =IF(K22="","",IF(K22=E22,F22,E22)) | M22: =S22+S23 -> 0 | N22: =T22+T23 -> 0 | O22: =M22+N22 -> 0 | P22: =IF(M22>N22,1,0) -> 0 | Q22: =IF(M22+N22=0,0,IF(M22=N22,1,0)) -> 0 | R22: =IF(M22<N22,1,0) -> 0 | S22: 0 | T22: 0 | U22: =_xlfn.IFS(S22+T22=0,"",S22>T22,IF(I22="主","屠","人"),S22<T22,IF(I22="主","人","屠"),S22=T22,"平") | X22: =IF($K22="","",IF($K22=$K20,AI20,AI21)) | Y22: =IF($K22="","",IF($K22=$K20,AJ20,AJ21)) | Z22: =IF($K22="","",IF($K22=$K20,X20,X21)) | AA22: =IF($K22="","",IF($K22=$K20,Y20,Y21)) | AP22: =_xlfn.IFS(AQ22="","",AQ22=E22,"主",AQ22=F22,"客") | AQ22: =IF(说明!$F$11=3,_xlfn.IFS($G22=1,$E22,$G22=2,$F22,$G22=3,(IF(S22+T22=0,"",$E22)),$G22="加",(IF(S22+T22=0,"",$F22))),_xlfn.IFS($G22=1,$E22,$G22=2,$F22,$G22=3,$E22,$G22=4,(IF(S22+T22=0,"",$F22)),$G22=5,(IF(S22+T22=0,"",$E22)),$G22="加",(IF(S22+T22=0,"",$F22)))) | AR22: =_xlfn.IFS(AQ22="","",AQ22=E22,F22,AQ22=F22,E22)
A23: =输入错误检查!A23 -> 0 | B23: =B22 -> 5 | C23: =C22 -> 31 | D23: =D22 -> 1700 | E23: =E22 -> AXIZ | F23: =F22 -> SZ | G23: 3 | H23: 下 | I23: =IF(K23="","",IF(K23=E23,"主","客")) | J23: =IF(K23="","",IF(K23=E23,F23,E23)) | S23: 0 | T23: 0 | U23: =_xlfn.IFS(S23+T23=0,"",S23>T23,IF(I23="主","屠","人"),S23<T23,IF(I23="主","人","屠"),S23=T23,"平") | X23: =IF($K23="","",IF($K23=$K21,AI21,AI20)) | Y23: =IF($K23="","",IF($K23=$K21,AJ21,AJ20)) | Z23: =IF($K23="","",IF($K23=$K21,X21,X20)) | AA23: =IF($K23="","",IF($K23=$K21,Y21,Y20)) | AP23: =_xlfn.IFS(AQ23="","",AQ23=E23,"主",AQ23=F23,"客") | AQ23: =IF(说明!$F$11=3,_xlfn.IFS($G23=1,$E23,$G23=2,$F23,$G23=3,(IF(S23+T23=0,"",$E23)),$G23="加",(IF(S23+T23=0,"",$F23))),_xlfn.IFS($G23=1,$E23,$G23=2,$F23,$G23=3,$E23,$G23=4,(IF(S23+T23=0,"",$F23)),$G23=5,(IF(S23+T23=0,"",$E23)),$G23="加",(IF(S23+T23=0,"",$F23)))) | AR23: =_xlfn.IFS(AQ23="","",AQ23=E23,F23,AQ23=F23,E23)
A24: =输入错误检查!A24 -> 0 | B24: =B23 -> 5 | C24: =C23 -> 31 | D24: =D23 -> 1700 | E24: =E23 -> AXIZ | F24: =F23 -> SZ | G24: 加 | H24: 上 | I24: =IF(K24="","",IF(K24=E24,"主","客")) | J24: =IF(K24="","",IF(K24=E24,F24,E24)) | M24: =S24+S25 -> 0 | N24: =T24+T25 -> 0 | O24: =M24+N24 -> 0 | P24: =IF(M24>N24,1,0) -> 0 | Q24: =IF(M24+N24=0,0,IF(M24=N24,1,0)) -> 0 | R24: =IF(M24<N24,1,0) -> 0 | S24: 0 | T24: 0 | U24: =_xlfn.IFS(S24+T24=0,"",S24>T24,IF(I24="主","屠","人"),S24<T24,IF(I24="主","人","屠"),S24=T24,"平") | X24: =IF($K24="","",IF($K24=$K22,AI22,AI23)) | Y24: =IF($K24="","",IF($K24=$K22,AJ22,AJ23)) | Z24: =IF($K24="","",IF($K24=$K22,X22,X23)) | AA24: =IF($K24="","",IF($K24=$K22,Y22,Y23)) | AB24: =IF($K24="","",IF($K24=$K22,Z22,Z23)) | AC24: =IF($K24="","",IF($K24=$K22,AA22,AA23)) | AP24: =_xlfn.IFS(AQ24="","",AQ24=E24,"主",AQ24=F24,"客") | AQ24: =IF(说明!$F$11=3,_xlfn.IFS($G24=1,$E24,$G24=2,$F24,$G24=3,(IF(S24+T24=0,"",$E24)),$G24="加",(IF(S24+T24=0,"",$F24))),_xlfn.IFS($G24=1,$E24,$G24=2,$F24,$G24=3,$E24,$G24=4,(IF(S24+T24=0,"",$F24)),$G24=5,(IF(S24+T24=0,"",$E24)),$G24="加",(IF(S24+T24=0,"",$F24)))) | AR24: =_xlfn.IFS(AQ24="","",AQ24=E24,F24,AQ24=F24,E24)
A25: =输入错误检查!A25 -> 0 | B25: =B24 -> 5 | C25: =C24 -> 31 | D25: =D24 -> 1700 | E25: =E24 -> AXIZ | F25: =F24 -> SZ | G25: 加 | H25: 下 | I25: =IF(K25="","",IF(K25=E25,"主","客")) | J25: =IF(K25="","",IF(K25=E25,F25,E25)) | S25: 0 | T25: 0 | U25: =_xlfn.IFS(S25+T25=0,"",S25>T25,IF(I25="主","屠","人"),S25<T25,IF(I25="主","人","屠"),S25=T25,"平") | X25: =IF($K25="","",IF($K25=$K23,AI23,AI22)) | Y25: =IF($K25="","",IF($K25=$K23,AJ23,AJ22)) | Z25: =IF($K25="","",IF($K25=$K23,X23,X22)) | AA25: =IF($K25="","",IF($K25=$K23,Y23,Y22)) | AB25: =IF($K25="","",IF($K25=$K23,Z23,Z22)) | AC25: =IF($K25="","",IF($K25=$K23,AA23,AA22)) | AP25: =_xlfn.IFS(AQ25="","",AQ25=E25,"主",AQ25=F25,"客") | AQ25: =IF(说明!$F$11=3,_xlfn.IFS($G25=1,$E25,$G25=2,$F25,$G25=3,(IF(S25+T25=0,"",$E25)),$G25="加",(IF(S25+T25=0,"",$F25))),_xlfn.IFS($G25=1,$E25,$G25=2,$F25,$G25=3,$E25,$G25=4,(IF(S25+T25=0,"",$F25)),$G25=5,(IF(S25+T25=0,"",$E25)),$G25="加",(IF(S25+T25=0,"",$F25)))) | AR25: =_xlfn.IFS(AQ25="","",AQ25=E25,F25,AQ25=F25,E25)
A26: =输入错误检查!A26 -> 0 | B26: 6 | C26: 1 | D26: 1300 | E26: RC | F26: ZETA | G26: 1 | H26: 上 | I26: =IF(K26="","",IF(K26=E26,"主","客")) -> 主 | J26: =IF(K26="","",IF(K26=E26,F26,E26)) -> ZETA | K26: RC | L26: peter | M26: =S26+S27 -> 8 | N26: =T26+T27 -> 1 | O26: =M26+N26 -> 9 | P26: =IF(M26>N26,1,0) -> 1 | Q26: =IF(M26+N26=0,0,IF(M26=N26,1,0)) -> 0 | R26: =IF(M26<N26,1,0) -> 0 | S26: 5 | T26: 0 | U26: =_xlfn.IFS(S26+T26=0,"",S26>T26,IF(I26="主","屠","人"),S26<T26,IF(I26="主","人","屠"),S26=T26,"平") -> 屠 | V26: 圣心医院 | W26: 军工厂 | AD26: 先知 | AE26: 空军 | AI26: 园丁 | AJ26: 舞女 | AK26: 心理学家 | AL26: 大副 | AM26: 飞行家 | AN26: 杂技演员 | AO26: 时空之影 | AP26: =_xlfn.IFS(AQ26="","",AQ26=E26,"主",AQ26=F26,"客") -> 主 | AQ26: =IF(说明!$F$11=3,_xlfn.IFS($G26=1,$E26,$G26=2,$F26,$G26=3,(IF(S26+T26=0,"",$E26)),$G26="加",(IF(S26+T26=0,"",$F26))),_xlfn.IFS($G26=1,$E26,$G26=2,$F26,$G26=3,$E26,$G26=4,(IF(S26+T26=0,"",$F26)),$G26=5,(IF(S26+T26=0,"",$E26)),$G26="加",(IF(S26+T26=0,"",$F26)))) -> RC | AR26: =_xlfn.IFS(AQ26="","",AQ26=E26,F26,AQ26=F26,E26) -> ZETA
A27: =输入错误检查!A27 -> 0 | B27: =B26 -> 6 | C27: =C26 -> 1 | D27: =D26 -> 1300 | E27: =E26 -> RC | F27: =F26 -> ZETA | G27: 1 | H27: 下 | I27: =IF(K27="","",IF(K27=E27,"主","客")) -> 客 | J27: =IF(K27="","",IF(K27=E27,F27,E27)) -> RC | K27: ZETA | L27: alf | S27: 3 | T27: 1 | U27: =_xlfn.IFS(S27+T27=0,"",S27>T27,IF(I27="主","屠","人"),S27<T27,IF(I27="主","人","屠"),S27=T27,"平") -> 人 | V27: 圣心医院 | W27: 军工厂 | AD27: 先知 | AE27: 木偶师 | AI27: 杂技演员 | AJ27: 空军 | AK27: 心理学家 | AL27: 拉拉队员 | AM27: 佣兵 | AN27: 大副 | AO27: 时空之影 | AP27: =_xlfn.IFS(AQ27="","",AQ27=E27,"主",AQ27=F27,"客") -> 主 | AQ27: =IF(说明!$F$11=3,_xlfn.IFS($G27=1,$E27,$G27=2,$F27,$G27=3,(IF(S27+T27=0,"",$E27)),$G27="加",(IF(S27+T27=0,"",$F27))),_xlfn.IFS($G27=1,$E27,$G27=2,$F27,$G27=3,$E27,$G27=4,(IF(S27+T27=0,"",$F27)),$G27=5,(IF(S27+T27=0,"",$E27)),$G27="加",(IF(S27+T27=0,"",$F27)))) -> RC | AR27: =_xlfn.IFS(AQ27="","",AQ27=E27,F27,AQ27=F27,E27) -> ZETA
A28: =输入错误检查!A28 -> 0 | B28: =B27 -> 6 | C28: =C27 -> 1 | D28: =D27 -> 1300 | E28: =E27 -> RC | F28: =F27 -> ZETA | G28: 2 | H28: 上 | I28: =IF(K28="","",IF(K28=E28,"主","客")) -> 主 | J28: =IF(K28="","",IF(K28=E28,F28,E28)) -> ZETA | K28: RC | L28: peter | M28: =S28+S29 -> 6 | N28: =T28+T29 -> 3 | O28: =M28+N28 -> 9 | P28: =IF(M28>N28,1,0) -> 1 | Q28: =IF(M28+N28=0,0,IF(M28=N28,1,0)) -> 0 | R28: =IF(M28<N28,1,0) -> 0 | S28: 5 | T28: 0 | U28: =_xlfn.IFS(S28+T28=0,"",S28>T28,IF(I28="主","屠","人"),S28<T28,IF(I28="主","人","屠"),S28=T28,"平") -> 屠 | V28: 月亮河公园 | W28: 里奥的回忆 | X28: =IF($K28="","",IF($K28=$K26,AI26,AI27)) -> 园丁 | Y28: =IF($K28="","",IF($K28=$K26,AJ26,AJ27)) -> 舞女 | AD28: 古董商 | AE28: 木偶师 | AF28: 歌剧演员 | AI28: 病患 | AJ28: 勘探员 | AK28: 心理学家 | AL28: 医生 | AM28: 大副 | AN28: 佣兵 | AO28: 时空之影 | AP28: =_xlfn.IFS(AQ28="","",AQ28=E28,"主",AQ28=F28,"客") -> 客 | AQ28: =IF(说明!$F$11=3,_xlfn.IFS($G28=1,$E28,$G28=2,$F28,$G28=3,(IF(S28+T28=0,"",$E28)),$G28="加",(IF(S28+T28=0,"",$F28))),_xlfn.IFS($G28=1,$E28,$G28=2,$F28,$G28=3,$E28,$G28=4,(IF(S28+T28=0,"",$F28)),$G28=5,(IF(S28+T28=0,"",$E28)),$G28="加",(IF(S28+T28=0,"",$F28)))) -> ZETA | AR28: =_xlfn.IFS(AQ28="","",AQ28=E28,F28,AQ28=F28,E28) -> RC
A29: =输入错误检查!A29 -> 0 | B29: =B28 -> 6 | C29: =C28 -> 1 | D29: =D28 -> 1300 | E29: =E28 -> RC | F29: =F28 -> ZETA | G29: 2 | H29: 下 | I29: =IF(K29="","",IF(K29=E29,"主","客")) -> 客 | J29: =IF(K29="","",IF(K29=E29,F29,E29)) -> RC | K29: ZETA | L29: alf | S29: 1 | T29: 3 | U29: =_xlfn.IFS(S29+T29=0,"",S29>T29,IF(I29="主","屠","人"),S29<T29,IF(I29="主","人","屠"),S29=T29,"平") -> 屠 | V29: 月亮河公园 | W29: 里奥的回忆 | X29: =IF($K29="","",IF($K29=$K27,AI27,AI26)) -> 杂技演员 | Y29: =IF($K29="","",IF($K29=$K27,AJ27,AJ26)) -> 空军 | AD29: 先知 | AE29: 入殓师 | AF29: 时空之影 | AI29: 律师 | AJ29: 木偶师 | AK29: 古董商 | AL29: 病患 | AM29: 佣兵 | AN29: 野人 | AO29: 歌剧演员 | AP29: =_xlfn.IFS(AQ29="","",AQ29=E29,"主",AQ29=F29,"客") -> 客 | AQ29: =IF(说明!$F$11=3,_xlfn.IFS($G29=1,$E29,$G29=2,$F29,$G29=3,(IF(S29+T29=0,"",$E29)),$G29="加",(IF(S29+T29=0,"",$F29))),_xlfn.IFS($G29=1,$E29,$G29=2,$F29,$G29=3,$E29,$G29=4,(IF(S29+T29=0,"",$F29)),$G29=5,(IF(S29+T29=0,"",$E29)),$G29="加",(IF(S29+T29=0,"",$F29)))) -> ZETA | AR29: =_xlfn.IFS(AQ29="","",AQ29=E29,F29,AQ29=F29,E29) -> RC
A30: =输入错误检查!A30 -> 0 | B30: =B29 -> 6 | C30: =C29 -> 1 | D30: =D29 -> 1300 | E30: =E29 -> RC | F30: =F29 -> ZETA | G30: 3 | H30: 上 | I30: =IF(K30="","",IF(K30=E30,"主","客")) | J30: =IF(K30="","",IF(K30=E30,F30,E30)) | M30: =S30+S31 -> 0 | N30: =T30+T31 -> 0 | O30: =M30+N30 -> 0 | P30: =IF(M30>N30,1,0) -> 0 | Q30: =IF(M30+N30=0,0,IF(M30=N30,1,0)) -> 0 | R30: =IF(M30<N30,1,0) -> 0 | S30: 0 | T30: 0 | U30: =_xlfn.IFS(S30+T30=0,"",S30>T30,IF(I30="主","屠","人"),S30<T30,IF(I30="主","人","屠"),S30=T30,"平") | X30: =IF($K30="","",IF($K30=$K28,AI28,AI29)) | Y30: =IF($K30="","",IF($K30=$K28,AJ28,AJ29)) | Z30: =IF($K30="","",IF($K30=$K28,X28,X29)) | AA30: =IF($K30="","",IF($K30=$K28,Y28,Y29)) | AP30: =_xlfn.IFS(AQ30="","",AQ30=E30,"主",AQ30=F30,"客") | AQ30: =IF(说明!$F$11=3,_xlfn.IFS($G30=1,$E30,$G30=2,$F30,$G30=3,(IF(S30+T30=0,"",$E30)),$G30="加",(IF(S30+T30=0,"",$F30))),_xlfn.IFS($G30=1,$E30,$G30=2,$F30,$G30=3,$E30,$G30=4,(IF(S30+T30=0,"",$F30)),$G30=5,(IF(S30+T30=0,"",$E30)),$G30="加",(IF(S30+T30=0,"",$F30)))) | AR30: =_xlfn.IFS(AQ30="","",AQ30=E30,F30,AQ30=F30,E30)
A31: =输入错误检查!A31 -> 0 | B31: =B30 -> 6 | C31: =C30 -> 1 | D31: =D30 -> 1300 | E31: =E30 -> RC | F31: =F30 -> ZETA | G31: 3 | H31: 下 | I31: =IF(K31="","",IF(K31=E31,"主","客")) | J31: =IF(K31="","",IF(K31=E31,F31,E31)) | S31: 0 | T31: 0 | U31: =_xlfn.IFS(S31+T31=0,"",S31>T31,IF(I31="主","屠","人"),S31<T31,IF(I31="主","人","屠"),S31=T31,"平") | X31: =IF($K31="","",IF($K31=$K29,AI29,AI28)) | Y31: =IF($K31="","",IF($K31=$K29,AJ29,AJ28)) | Z31: =IF($K31="","",IF($K31=$K29,X29,X28)) | AA31: =IF($K31="","",IF($K31=$K29,Y29,Y28)) | AP31: =_xlfn.IFS(AQ31="","",AQ31=E31,"主",AQ31=F31,"客") | AQ31: =IF(说明!$F$11=3,_xlfn.IFS($G31=1,$E31,$G31=2,$F31,$G31=3,(IF(S31+T31=0,"",$E31)),$G31="加",(IF(S31+T31=0,"",$F31))),_xlfn.IFS($G31=1,$E31,$G31=2,$F31,$G31=3,$E31,$G31=4,(IF(S31+T31=0,"",$F31)),$G31=5,(IF(S31+T31=0,"",$E31)),$G31="加",(IF(S31+T31=0,"",$F31)))) | AR31: =_xlfn.IFS(AQ31="","",AQ31=E31,F31,AQ31=F31,E31)
A32: =输入错误检查!A32 -> 0 | B32: =B31 -> 6 | C32: =C31 -> 1 | D32: =D31 -> 1300 | E32: =E31 -> RC | F32: =F31 -> ZETA | G32: 加 | H32: 上 | I32: =IF(K32="","",IF(K32=E32,"主","客")) | J32: =IF(K32="","",IF(K32=E32,F32,E32)) | M32: =S32+S33 -> 0 | N32: =T32+T33 -> 0 | O32: =M32+N32 -> 0 | P32: =IF(M32>N32,1,0) -> 0 | Q32: =IF(M32+N32=0,0,IF(M32=N32,1,0)) -> 0 | R32: =IF(M32<N32,1,0) -> 0 | S32: 0 | T32: 0 | U32: =_xlfn.IFS(S32+T32=0,"",S32>T32,IF(I32="主","屠","人"),S32<T32,IF(I32="主","人","屠"),S32=T32,"平") | X32: =IF($K32="","",IF($K32=$K30,AI30,AI31)) | Y32: =IF($K32="","",IF($K32=$K30,AJ30,AJ31)) | Z32: =IF($K32="","",IF($K32=$K30,X30,X31)) | AA32: =IF($K32="","",IF($K32=$K30,Y30,Y31)) | AB32: =IF($K32="","",IF($K32=$K30,Z30,Z31)) | AC32: =IF($K32="","",IF($K32=$K30,AA30,AA31)) | AP32: =_xlfn.IFS(AQ32="","",AQ32=E32,"主",AQ32=F32,"客") | AQ32: =IF(说明!$F$11=3,_xlfn.IFS($G32=1,$E32,$G32=2,$F32,$G32=3,(IF(S32+T32=0,"",$E32)),$G32="加",(IF(S32+T32=0,"",$F32))),_xlfn.IFS($G32=1,$E32,$G32=2,$F32,$G32=3,$E32,$G32=4,(IF(S32+T32=0,"",$F32)),$G32=5,(IF(S32+T32=0,"",$E32)),$G32="加",(IF(S32+T32=0,"",$F32)))) | AR32: =_xlfn.IFS(AQ32="","",AQ32=E32,F32,AQ32=F32,E32)
A33: =输入错误检查!A33 -> 0 | B33: =B32 -> 6 | C33: =C32 -> 1 | D33: =D32 -> 1300 | E33: =E32 -> RC | F33: =F32 -> ZETA | G33: 加 | H33: 下 | I33: =IF(K33="","",IF(K33=E33,"主","客")) | J33: =IF(K33="","",IF(K33=E33,F33,E33)) | S33: 0 | T33: 0 | U33: =_xlfn.IFS(S33+T33=0,"",S33>T33,IF(I33="主","屠","人"),S33<T33,IF(I33="主","人","屠"),S33=T33,"平") | X33: =IF($K33="","",IF($K33=$K31,AI31,AI30)) | Y33: =IF($K33="","",IF($K33=$K31,AJ31,AJ30)) | Z33: =IF($K33="","",IF($K33=$K31,X31,X30)) | AA33: =IF($K33="","",IF($K33=$K31,Y31,Y30)) | AB33: =IF($K33="","",IF($K33=$K31,Z31,Z30)) | AC33: =IF($K33="","",IF($K33=$K31,AA31,AA30)) | AP33: =_xlfn.IFS(AQ33="","",AQ33=E33,"主",AQ33=F33,"客") | AQ33: =IF(说明!$F$11=3,_xlfn.IFS($G33=1,$E33,$G33=2,$F33,$G33=3,(IF(S33+T33=0,"",$E33)),$G33="加",(IF(S33+T33=0,"",$F33))),_xlfn.IFS($G33=1,$E33,$G33=2,$F33,$G33=3,$E33,$G33=4,(IF(S33+T33=0,"",$F33)),$G33=5,(IF(S33+T33=0,"",$E33)),$G33="加",(IF(S33+T33=0,"",$F33)))) | AR33: =_xlfn.IFS(AQ33="","",AQ33=E33,F33,AQ33=F33,E33)
A34: =输入错误检查!A34 -> 0 | B34: 6 | C34: 1 | D34: 1500 | E34: AXIZ | F34: AWG | G34: 1 | H34: 上 | I34: =IF(K34="","",IF(K34=E34,"主","客")) -> 主 | J34: =IF(K34="","",IF(K34=E34,F34,E34)) -> AWG | K34: AXIZ | L34: kakaka | M34: =S34+S35 -> 5 | N34: =T34+T35 -> 3 | O34: =M34+N34 -> 8 | P34: =IF(M34>N34,1,0) -> 1 | Q34: =IF(M34+N34=0,0,IF(M34=N34,1,0)) -> 0 | R34: =IF(M34<N34,1,0) -> 0 | S34: 2 | T34: 2 | U34: =_xlfn.IFS(S34+T34=0,"",S34>T34,IF(I34="主","屠","人"),S34<T34,IF(I34="主","人","屠"),S34=T34,"平") -> 平 | V34: 永眠镇 | W34: 湖景村 | AD34: 空军 | AE34: 古董商 | AI34: 木偶师 | AJ34: 杂技演员 | AK34: 飞行家 | AL34: 大副 | AM34: 心理学家 | AN34: 拉拉队员 | AO34: 歌剧演员 | AP34: =_xlfn.IFS(AQ34="","",AQ34=E34,"主",AQ34=F34,"客") -> 主 | AQ34: =IF(说明!$F$11=3,_xlfn.IFS($G34=1,$E34,$G34=2,$F34,$G34=3,(IF(S34+T34=0,"",$E34)),$G34="加",(IF(S34+T34=0,"",$F34))),_xlfn.IFS($G34=1,$E34,$G34=2,$F34,$G34=3,$E34,$G34=4,(IF(S34+T34=0,"",$F34)),$G34=5,(IF(S34+T34=0,"",$E34)),$G34="加",(IF(S34+T34=0,"",$F34)))) -> AXIZ | AR34: =_xlfn.IFS(AQ34="","",AQ34=E34,F34,AQ34=F34,E34) -> AWG
A35: =输入错误检查!A35 -> 0 | B35: =B34 -> 6 | C35: =C34 -> 1 | D35: =D34 -> 1500 | E35: =E34 -> AXIZ | F35: =F34 -> AWG | G35: 1 | H35: 下 | I35: =IF(K35="","",IF(K35=E35,"主","客")) -> 客 | J35: =IF(K35="","",IF(K35=E35,F35,E35)) -> AXIZ | K35: AWG | L35: irohasu | S35: 3 | T35: 1 | U35: =_xlfn.IFS(S35+T35=0,"",S35>T35,IF(I35="主","屠","人"),S35<T35,IF(I35="主","人","屠"),S35=T35,"平") -> 人 | V35: 永眠镇 | W35: 湖景村 | AD35: 空军 | AE35: 木偶师 | AI35: 魔术师 | AJ35: 飞行家 | AK35: 古董商 | AL35: 拉拉队员 | AM35: 野人 | AN35: 佣兵 | AO35: 歌剧演员 | AP35: =_xlfn.IFS(AQ35="","",AQ35=E35,"主",AQ35=F35,"客") -> 主 | AQ35: =IF(说明!$F$11=3,_xlfn.IFS($G35=1,$E35,$G35=2,$F35,$G35=3,(IF(S35+T35=0,"",$E35)),$G35="加",(IF(S35+T35=0,"",$F35))),_xlfn.IFS($G35=1,$E35,$G35=2,$F35,$G35=3,$E35,$G35=4,(IF(S35+T35=0,"",$F35)),$G35=5,(IF(S35+T35=0,"",$E35)),$G35="加",(IF(S35+T35=0,"",$F35)))) -> AXIZ | AR35: =_xlfn.IFS(AQ35="","",AQ35=E35,F35,AQ35=F35,E35) -> AWG
A36: =输入错误检查!A36 -> 0 | B36: =B35 -> 6 | C36: =C35 -> 1 | D36: =D35 -> 1500 | E36: =E35 -> AXIZ | F36: =F35 -> AWG | G36: 2 | H36: 上 | I36: =IF(K36="","",IF(K36=E36,"主","客")) -> 客 | J36: =IF(K36="","",IF(K36=E36,F36,E36)) -> AXIZ | K36: AWG | L36: irohasu | M36: =S36+S37 -> 5 | N36: =T36+T37 -> 3 | O36: =M36+N36 -> 8 | P36: =IF(M36>N36,1,0) -> 1 | Q36: =IF(M36+N36=0,0,IF(M36=N36,1,0)) -> 0 | R36: =IF(M36<N36,1,0) -> 0 | S36: 3 | T36: 1 | U36: =_xlfn.IFS(S36+T36=0,"",S36>T36,IF(I36="主","屠","人"),S36<T36,IF(I36="主","人","屠"),S36=T36,"平") -> 人 | V36: 军工厂 | W36: 月亮河公园 | X36: =IF($K36="","",IF($K36=$K34,AI34,AI35)) -> 魔术师 | Y36: =IF($K36="","",IF($K36=$K34,AJ34,AJ35)) -> 飞行家 | AD36: 古董商 | AE36: 祭司 | AF36: 歌剧演员 | AI36: 拉拉队员 | AJ36: 杂技演员 | AK36: 先知 | AL36: 佣兵 | AM36: 律师 | AN36: 勘探员 | AO36: 时空之影 | AP36: =_xlfn.IFS(AQ36="","",AQ36=E36,"主",AQ36=F36,"客") -> 客 | AQ36: =IF(说明!$F$11=3,_xlfn.IFS($G36=1,$E36,$G36=2,$F36,$G36=3,(IF(S36+T36=0,"",$E36)),$G36="加",(IF(S36+T36=0,"",$F36))),_xlfn.IFS($G36=1,$E36,$G36=2,$F36,$G36=3,$E36,$G36=4,(IF(S36+T36=0,"",$F36)),$G36=5,(IF(S36+T36=0,"",$E36)),$G36="加",(IF(S36+T36=0,"",$F36)))) -> AWG | AR36: =_xlfn.IFS(AQ36="","",AQ36=E36,F36,AQ36=F36,E36) -> AXIZ
A37: =输入错误检查!A37 -> 0 | B37: =B36 -> 6 | C37: =C36 -> 1 | D37: =D36 -> 1500 | E37: =E36 -> AXIZ | F37: =F36 -> AWG | G37: 2 | H37: 下 | I37: =IF(K37="","",IF(K37=E37,"主","客")) -> 主 | J37: =IF(K37="","",IF(K37=E37,F37,E37)) -> AWG | K37: AXIZ | L37: kakaka | S37: 2 | T37: 2 | U37: =_xlfn.IFS(S37+T37=0,"",S37>T37,IF(I37="主","屠","人"),S37<T37,IF(I37="主","人","屠"),S37=T37,"平") -> 平 | V37: 军工厂 | W37: 月亮河公园 | X37: =IF($K37="","",IF($K37=$K35,AI35,AI34)) -> 木偶师 | Y37: =IF($K37="","",IF($K37=$K35,AJ35,AJ34)) -> 杂技演员 | AD37: 祭司 | AE37: 古董商 | AF37: 歌剧演员 | AI37: 拉拉队员 | AJ37: 空军 | AK37: 心理学家 | AL37: 调酒师 | AM37: 大副 | AN37: 佣兵 | AO37: 时空之影 | AP37: =_xlfn.IFS(AQ37="","",AQ37=E37,"主",AQ37=F37,"客") -> 客 | AQ37: =IF(说明!$F$11=3,_xlfn.IFS($G37=1,$E37,$G37=2,$F37,$G37=3,(IF(S37+T37=0,"",$E37)),$G37="加",(IF(S37+T37=0,"",$F37))),_xlfn.IFS($G37=1,$E37,$G37=2,$F37,$G37=3,$E37,$G37=4,(IF(S37+T37=0,"",$F37)),$G37=5,(IF(S37+T37=0,"",$E37)),$G37="加",(IF(S37+T37=0,"",$F37)))) -> AWG | AR37: =_xlfn.IFS(AQ37="","",AQ37=E37,F37,AQ37=F37,E37) -> AXIZ
A38: =输入错误检查!A38 -> 0 | B38: =B37 -> 6 | C38: =C37 -> 1 | D38: =D37 -> 1500 | E38: =E37 -> AXIZ | F38: =F37 -> AWG | G38: 3 | H38: 上 | I38: =IF(K38="","",IF(K38=E38,"主","客")) | J38: =IF(K38="","",IF(K38=E38,F38,E38)) | M38: =S38+S39 -> 0 | N38: =T38+T39 -> 0 | O38: =M38+N38 -> 0 | P38: =IF(M38>N38,1,0) -> 0 | Q38: =IF(M38+N38=0,0,IF(M38=N38,1,0)) -> 0 | R38: =IF(M38<N38,1,0) -> 0 | S38: 0 | T38: 0 | U38: =_xlfn.IFS(S38+T38=0,"",S38>T38,IF(I38="主","屠","人"),S38<T38,IF(I38="主","人","屠"),S38=T38,"平") | X38: =IF($K38="","",IF($K38=$K36,AI36,AI37)) | Y38: =IF($K38="","",IF($K38=$K36,AJ36,AJ37)) | Z38: =IF($K38="","",IF($K38=$K36,X36,X37)) | AA38: =IF($K38="","",IF($K38=$K36,Y36,Y37)) | AP38: =_xlfn.IFS(AQ38="","",AQ38=E38,"主",AQ38=F38,"客") | AQ38: =IF(说明!$F$11=3,_xlfn.IFS($G38=1,$E38,$G38=2,$F38,$G38=3,(IF(S38+T38=0,"",$E38)),$G38="加",(IF(S38+T38=0,"",$F38))),_xlfn.IFS($G38=1,$E38,$G38=2,$F38,$G38=3,$E38,$G38=4,(IF(S38+T38=0,"",$F38)),$G38=5,(IF(S38+T38=0,"",$E38)),$G38="加",(IF(S38+T38=0,"",$F38)))) | AR38: =_xlfn.IFS(AQ38="","",AQ38=E38,F38,AQ38=F38,E38)
A39: =输入错误检查!A39 -> 0 | B39: =B38 -> 6 | C39: =C38 -> 1 | D39: =D38 -> 1500 | E39: =E38 -> AXIZ | F39: =F38 -> AWG | G39: 3 | H39: 下 | I39: =IF(K39="","",IF(K39=E39,"主","客")) | J39: =IF(K39="","",IF(K39=E39,F39,E39)) | S39: 0 | T39: 0 | U39: =_xlfn.IFS(S39+T39=0,"",S39>T39,IF(I39="主","屠","人"),S39<T39,IF(I39="主","人","屠"),S39=T39,"平") | X39: =IF($K39="","",IF($K39=$K37,AI37,AI36)) | Y39: =IF($K39="","",IF($K39=$K37,AJ37,AJ36)) | Z39: =IF($K39="","",IF($K39=$K37,X37,X36)) | AA39: =IF($K39="","",IF($K39=$K37,Y37,Y36)) | AP39: =_xlfn.IFS(AQ39="","",AQ39=E39,"主",AQ39=F39,"客") | AQ39: =IF(说明!$F$11=3,_xlfn.IFS($G39=1,$E39,$G39=2,$F39,$G39=3,(IF(S39+T39=0,"",$E39)),$G39="加",(IF(S39+T39=0,"",$F39))),_xlfn.IFS($G39=1,$E39,$G39=2,$F39,$G39=3,$E39,$G39=4,(IF(S39+T39=0,"",$F39)),$G39=5,(IF(S39+T39=0,"",$E39)),$G39="加",(IF(S39+T39=0,"",$F39)))) | AR39: =_xlfn.IFS(AQ39="","",AQ39=E39,F39,AQ39=F39,E39)
A40: =输入错误检查!A40 -> 0 | B40: =B39 -> 6 | C40: =C39 -> 1 | D40: =D39 -> 1500 | E40: =E39 -> AXIZ | F40: =F39 -> AWG | G40: 加 | H40: 上 | I40: =IF(K40="","",IF(K40=E40,"主","客")) | J40: =IF(K40="","",IF(K40=E40,F40,E40)) | M40: =S40+S41 -> 0 | N40: =T40+T41 -> 0 | O40: =M40+N40 -> 0 | P40: =IF(M40>N40,1,0) -> 0 | Q40: =IF(M40+N40=0,0,IF(M40=N40,1,0)) -> 0 | R40: =IF(M40<N40,1,0) -> 0 | S40: 0 | T40: 0 | U40: =_xlfn.IFS(S40+T40=0,"",S40>T40,IF(I40="主","屠","人"),S40<T40,IF(I40="主","人","屠"),S40=T40,"平") | X40: =IF($K40="","",IF($K40=$K38,AI38,AI39)) | Y40: =IF($K40="","",IF($K40=$K38,AJ38,AJ39)) | Z40: =IF($K40="","",IF($K40=$K38,X38,X39)) | AA40: =IF($K40="","",IF($K40=$K38,Y38,Y39)) | AB40: =IF($K40="","",IF($K40=$K38,Z38,Z39)) | AC40: =IF($K40="","",IF($K40=$K38,AA38,AA39)) | AP40: =_xlfn.IFS(AQ40="","",AQ40=E40,"主",AQ40=F40,"客") | AQ40: =IF(说明!$F$11=3,_xlfn.IFS($G40=1,$E40,$G40=2,$F40,$G40=3,(IF(S40+T40=0,"",$E40)),$G40="加",(IF(S40+T40=0,"",$F40))),_xlfn.IFS($G40=1,$E40,$G40=2,$F40,$G40=3,$E40,$G40=4,(IF(S40+T40=0,"",$F40)),$G40=5,(IF(S40+T40=0,"",$E40)),$G40="加",(IF(S40+T40=0,"",$F40)))) | AR40: =_xlfn.IFS(AQ40="","",AQ40=E40,F40,AQ40=F40,E40)
A41: =输入错误检查!A41 -> 0 | B41: =B40 -> 6 | C41: =C40 -> 1 | D41: =D40 -> 1500 | E41: =E40 -> AXIZ | F41: =F40 -> AWG | G41: 加 | H41: 下 | I41: =IF(K41="","",IF(K41=E41,"主","客")) | J41: =IF(K41="","",IF(K41=E41,F41,E41)) | S41: 0 | T41: 0 | U41: =_xlfn.IFS(S41+T41=0,"",S41>T41,IF(I41="主","屠","人"),S41<T41,IF(I41="主","人","屠"),S41=T41,"平") | X41: =IF($K41="","",IF($K41=$K39,AI39,AI38)) | Y41: =IF($K41="","",IF($K41=$K39,AJ39,AJ38)) | Z41: =IF($K41="","",IF($K41=$K39,X39,X38)) | AA41: =IF($K41="","",IF($K41=$K39,Y39,Y38)) | AB41: =IF($K41="","",IF($K41=$K39,Z39,Z38)) | AC41: =IF($K41="","",IF($K41=$K39,AA39,AA38)) | AP41: =_xlfn.IFS(AQ41="","",AQ41=E41,"主",AQ41=F41,"客") | AQ41: =IF(说明!$F$11=3,_xlfn.IFS($G41=1,$E41,$G41=2,$F41,$G41=3,(IF(S41+T41=0,"",$E41)),$G41="加",(IF(S41+T41=0,"",$F41))),_xlfn.IFS($G41=1,$E41,$G41=2,$F41,$G41=3,$E41,$G41=4,(IF(S41+T41=0,"",$F41)),$G41=5,(IF(S41+T41=0,"",$E41)),$G41="加",(IF(S41+T41=0,"",$F41)))) | AR41: =_xlfn.IFS(AQ41="","",AQ41=E41,F41,AQ41=F41,E41)
A42: =输入错误检查!A42 -> 0 | B42: 6 | C42: 1 | D42: 1700 | E42: FAV | F42: FL | G42: 1 | H42: 上 | I42: =IF(K42="","",IF(K42=E42,"主","客")) -> 客 | J42: =IF(K42="","",IF(K42=E42,F42,E42)) -> FAV | K42: FL | L42: hasha | M42: =S42+S43 -> 6 | N42: =T42+T43 -> 3 | O42: =M42+N42 -> 9 | P42: =IF(M42>N42,1,0) -> 1 | Q42: =IF(M42+N42=0,0,IF(M42=N42,1,0)) -> 0 | R42: =IF(M42<N42,1,0) -> 0 | S42: 1 | T42: 3 | U42: =_xlfn.IFS(S42+T42=0,"",S42>T42,IF(I42="主","屠","人"),S42<T42,IF(I42="主","人","屠"),S42=T42,"平") -> 屠 | V42: 月亮河公园 | W42: 湖景村 | AD42: 佣兵 | AE42: 大副 | AI42: 心理学家 | AJ42: 入殓师 | AK42: 飞行家 | AL42: 魔术师 | AM42: 拉拉队员 | AN42: 野人 | AO42: 时空之影 | AP42: =_xlfn.IFS(AQ42="","",AQ42=E42,"主",AQ42=F42,"客") -> 主 | AQ42: =IF(说明!$F$11=3,_xlfn.IFS($G42=1,$E42,$G42=2,$F42,$G42=3,(IF(S42+T42=0,"",$E42)),$G42="加",(IF(S42+T42=0,"",$F42))),_xlfn.IFS($G42=1,$E42,$G42=2,$F42,$G42=3,$E42,$G42=4,(IF(S42+T42=0,"",$F42)),$G42=5,(IF(S42+T42=0,"",$E42)),$G42="加",(IF(S42+T42=0,"",$F42)))) -> FAV | AR42: =_xlfn.IFS(AQ42="","",AQ42=E42,F42,AQ42=F42,E42) -> FL
A43: =输入错误检查!A43 -> 0 | B43: =B42 -> 6 | C43: =C42 -> 1 | D43: =D42 -> 1700 | E43: =E42 -> FAV | F43: =F42 -> FL | G43: 1 | H43: 下 | I43: =IF(K43="","",IF(K43=E43,"主","客")) -> 主 | J43: =IF(K43="","",IF(K43=E43,F43,E43)) -> FL | K43: FAV | L43: chikin | S43: 5 | T43: 0 | U43: =_xlfn.IFS(S43+T43=0,"",S43>T43,IF(I43="主","屠","人"),S43<T43,IF(I43="主","人","屠"),S43=T43,"平") -> 屠 | V43: 月亮河公园 | W43: 湖景村 | AD43: 佣兵 | AE43: 大副 | AI43: 野人 | AJ43: 飞行家 | AK43: 心理学家 | AL43: 魔术师 | AM43: 拉拉队员 | AN43: 杂技演员 | AO43: 时空之影 | AP43: =_xlfn.IFS(AQ43="","",AQ43=E43,"主",AQ43=F43,"客") -> 主 | AQ43: =IF(说明!$F$11=3,_xlfn.IFS($G43=1,$E43,$G43=2,$F43,$G43=3,(IF(S43+T43=0,"",$E43)),$G43="加",(IF(S43+T43=0,"",$F43))),_xlfn.IFS($G43=1,$E43,$G43=2,$F43,$G43=3,$E43,$G43=4,(IF(S43+T43=0,"",$F43)),$G43=5,(IF(S43+T43=0,"",$E43)),$G43="加",(IF(S43+T43=0,"",$F43)))) -> FAV | AR43: =_xlfn.IFS(AQ43="","",AQ43=E43,F43,AQ43=F43,E43) -> FL
A44: =输入错误检查!A44 -> 0 | B44: =B43 -> 6 | C44: =C43 -> 1 | D44: =D43 -> 1700 | E44: =E43 -> FAV | F44: =F43 -> FL | G44: 2 | H44: 上 | I44: =IF(K44="","",IF(K44=E44,"主","客")) -> 主 | J44: =IF(K44="","",IF(K44=E44,F44,E44)) -> FL | K44: FAV | L44: chikin | M44: =S44+S45 -> 5 | N44: =T44+T45 -> 5 | O44: =M44+N44 -> 10 | P44: =IF(M44>N44,1,0) -> 0 | Q44: =IF(M44+N44=0,0,IF(M44=N44,1,0)) -> 1 | R44: =IF(M44<N44,1,0) -> 0 | S44: 5 | T44: 0 | U44: =_xlfn.IFS(S44+T44=0,"",S44>T44,IF(I44="主","屠","人"),S44<T44,IF(I44="主","人","屠"),S44=T44,"平") -> 屠 | V44: 红教堂 | W44: 里奥的回忆 | X44: =IF($K44="","",IF($K44=$K42,AI42,AI43)) -> 野人 | Y44: =IF($K44="","",IF($K44=$K42,AJ42,AJ43)) -> 飞行家 | AD44: 空军 | AE44: 古董商 | AF44: 时空之影 | AI44: 杂技演员 | AJ44: 园丁 | AK44: 大副 | AL44: 佣兵 | AM44: 入殓师 | AN44: 病患 | AO44: 歌剧演员 | AP44: =_xlfn.IFS(AQ44="","",AQ44=E44,"主",AQ44=F44,"客") -> 客 | AQ44: =IF(说明!$F$11=3,_xlfn.IFS($G44=1,$E44,$G44=2,$F44,$G44=3,(IF(S44+T44=0,"",$E44)),$G44="加",(IF(S44+T44=0,"",$F44))),_xlfn.IFS($G44=1,$E44,$G44=2,$F44,$G44=3,$E44,$G44=4,(IF(S44+T44=0,"",$F44)),$G44=5,(IF(S44+T44=0,"",$E44)),$G44="加",(IF(S44+T44=0,"",$F44)))) -> FL | AR44: =_xlfn.IFS(AQ44="","",AQ44=E44,F44,AQ44=F44,E44) -> FAV
A45: =输入错误检查!A45 -> 0 | B45: =B44 -> 6 | C45: =C44 -> 1 | D45: =D44 -> 1700 | E45: =E44 -> FAV | F45: =F44 -> FL | G45: 2 | H45: 下 | I45: =IF(K45="","",IF(K45=E45,"主","客")) -> 客 | J45: =IF(K45="","",IF(K45=E45,F45,E45)) -> FAV | K45: FL | L45: hasha | S45: 0 | T45: 5 | U45: =_xlfn.IFS(S45+T45=0,"",S45>T45,IF(I45="主","屠","人"),S45<T45,IF(I45="主","人","屠"),S45=T45,"平") -> 屠 | V45: 红教堂 | W45: 里奥的回忆 | X45: =IF($K45="","",IF($K45=$K43,AI43,AI42)) -> 心理学家 | Y45: =IF($K45="","",IF($K45=$K43,AJ43,AJ42)) -> 入殓师 | AD45: 空军 | AE45: 古董商 | AF45: 时空之影 | AI45: 记者 | AJ45: 飞行家 | AK45: 杂技演员 | AL45: 先知 | AM45: 佣兵 | AN45: 大副 | AO45: 歌剧演员 | AP45: =_xlfn.IFS(AQ45="","",AQ45=E45,"主",AQ45=F45,"客") -> 客 | AQ45: =IF(说明!$F$11=3,_xlfn.IFS($G45=1,$E45,$G45=2,$F45,$G45=3,(IF(S45+T45=0,"",$E45)),$G45="加",(IF(S45+T45=0,"",$F45))),_xlfn.IFS($G45=1,$E45,$G45=2,$F45,$G45=3,$E45,$G45=4,(IF(S45+T45=0,"",$F45)),$G45=5,(IF(S45+T45=0,"",$E45)),$G45="加",(IF(S45+T45=0,"",$F45)))) -> FL | AR45: =_xlfn.IFS(AQ45="","",AQ45=E45,F45,AQ45=F45,E45) -> FAV
A46: =输入错误检查!A46 -> 0 | B46: =B45 -> 6 | C46: =C45 -> 1 | D46: =D45 -> 1700 | E46: =E45 -> FAV | F46: =F45 -> FL | G46: 3 | H46: 上 | I46: =IF(K46="","",IF(K46=E46,"主","客")) -> 客 | J46: =IF(K46="","",IF(K46=E46,F46,E46)) -> FAV | K46: FL | L46: hasha | M46: =S46+S47 -> 5 | N46: =T46+T47 -> 3 | O46: =M46+N46 -> 8 | P46: =IF(M46>N46,1,0) -> 1 | Q46: =IF(M46+N46=0,0,IF(M46=N46,1,0)) -> 0 | R46: =IF(M46<N46,1,0) -> 0 | S46: 3 | T46: 1 | U46: =_xlfn.IFS(S46+T46=0,"",S46>T46,IF(I46="主","屠","人"),S46<T46,IF(I46="主","人","屠"),S46=T46,"平") -> 人 | W46: 唐人街 | X46: =IF($K46="","",IF($K46=$K44,AI44,AI45)) -> 记者 | Y46: =IF($K46="","",IF($K46=$K44,AJ44,AJ45)) -> 飞行家 | Z46: =IF($K46="","",IF($K46=$K44,X44,X45)) -> 心理学家 | AA46: =IF($K46="","",IF($K46=$K44,Y44,Y45)) -> 入殓师 | AD46: 先知 | AE46: 祭司 | AF46: 歌剧演员 | AG46: 时空之影 | AI46: 佣兵 | AJ46: 昆虫学者 | AK46: 古董商 | AL46: 勘探员 | AM46: 调酒师 | AN46: 杂技演员 | AO46: 梦之女巫 | AP46: =_xlfn.IFS(AQ46="","",AQ46=E46,"主",AQ46=F46,"客") -> 主 | AQ46: =IF(说明!$F$11=3,_xlfn.IFS($G46=1,$E46,$G46=2,$F46,$G46=3,(IF(S46+T46=0,"",$E46)),$G46="加",(IF(S46+T46=0,"",$F46))),_xlfn.IFS($G46=1,$E46,$G46=2,$F46,$G46=3,$E46,$G46=4,(IF(S46+T46=0,"",$F46)),$G46=5,(IF(S46+T46=0,"",$E46)),$G46="加",(IF(S46+T46=0,"",$F46)))) -> FAV | AR46: =_xlfn.IFS(AQ46="","",AQ46=E46,F46,AQ46=F46,E46) -> FL
A47: =输入错误检查!A47 -> 0 | B47: =B46 -> 6 | C47: =C46 -> 1 | D47: =D46 -> 1700 | E47: =E46 -> FAV | F47: =F46 -> FL | G47: 3 | H47: 下 | I47: =IF(K47="","",IF(K47=E47,"主","客")) -> 主 | J47: =IF(K47="","",IF(K47=E47,F47,E47)) -> FL | K47: FAV | L47: chikin | S47: 2 | T47: 2 | U47: =_xlfn.IFS(S47+T47=0,"",S47>T47,IF(I47="主","屠","人"),S47<T47,IF(I47="主","人","屠"),S47=T47,"平") -> 平 | W47: 唐人街 | X47: =IF($K47="","",IF($K47=$K45,AI45,AI44)) -> 杂技演员 | Y47: =IF($K47="","",IF($K47=$K45,AJ45,AJ44)) -> 园丁 | Z47: =IF($K47="","",IF($K47=$K45,X45,X44)) -> 野人 | AA47: =IF($K47="","",IF($K47=$K45,Y45,Y44)) -> 飞行家 | AD47: 祭司 | AE47: 昆虫学者 | AF47: 时空之影 | AG47: 歌剧演员 | AI47: 古董商 | AJ47: 佣兵 | AK47: 先知 | AL47: 病患 | AM47: 勘探员 | AN47: 魔术师 | AO47: 隐士 | AP47: =_xlfn.IFS(AQ47="","",AQ47=E47,"主",AQ47=F47,"客") -> 主 | AQ47: =IF(说明!$F$11=3,_xlfn.IFS($G47=1,$E47,$G47=2,$F47,$G47=3,(IF(S47+T47=0,"",$E47)),$G47="加",(IF(S47+T47=0,"",$F47))),_xlfn.IFS($G47=1,$E47,$G47=2,$F47,$G47=3,$E47,$G47=4,(IF(S47+T47=0,"",$F47)),$G47=5,(IF(S47+T47=0,"",$E47)),$G47="加",(IF(S47+T47=0,"",$F47)))) -> FAV | AR47: =_xlfn.IFS(AQ47="","",AQ47=E47,F47,AQ47=F47,E47) -> FL
A48: =输入错误检查!A48 -> 0 | B48: =B47 -> 6 | C48: =C47 -> 1 | D48: =D47 -> 1700 | E48: =E47 -> FAV | F48: =F47 -> FL | G48: 加 | H48: 上 | I48: =IF(K48="","",IF(K48=E48,"主","客")) | J48: =IF(K48="","",IF(K48=E48,F48,E48)) | M48: =S48+S49 -> 0 | N48: =T48+T49 -> 0 | O48: =M48+N48 -> 0 | P48: =IF(M48>N48,1,0) -> 0 | Q48: =IF(M48+N48=0,0,IF(M48=N48,1,0)) -> 0 | R48: =IF(M48<N48,1,0) -> 0 | S48: 0 | T48: 0 | U48: =_xlfn.IFS(S48+T48=0,"",S48>T48,IF(I48="主","屠","人"),S48<T48,IF(I48="主","人","屠"),S48=T48,"平") | X48: =IF($K48="","",IF($K48=$K46,AI46,AI47)) | Y48: =IF($K48="","",IF($K48=$K46,AJ46,AJ47)) | Z48: =IF($K48="","",IF($K48=$K46,X46,X47)) | AA48: =IF($K48="","",IF($K48=$K46,Y46,Y47)) | AB48: =IF($K48="","",IF($K48=$K46,Z46,Z47)) | AC48: =IF($K48="","",IF($K48=$K46,AA46,AA47)) | AP48: =_xlfn.IFS(AQ48="","",AQ48=E48,"主",AQ48=F48,"客") | AQ48: =IF(说明!$F$11=3,_xlfn.IFS($G48=1,$E48,$G48=2,$F48,$G48=3,(IF(S48+T48=0,"",$E48)),$G48="加",(IF(S48+T48=0,"",$F48))),_xlfn.IFS($G48=1,$E48,$G48=2,$F48,$G48=3,$E48,$G48=4,(IF(S48+T48=0,"",$F48)),$G48=5,(IF(S48+T48=0,"",$E48)),$G48="加",(IF(S48+T48=0,"",$F48)))) | AR48: =_xlfn.IFS(AQ48="","",AQ48=E48,F48,AQ48=F48,E48)
A49: =输入错误检查!A49 -> 0 | B49: =B48 -> 6 | C49: =C48 -> 1 | D49: =D48 -> 1700 | E49: =E48 -> FAV | F49: =F48 -> FL | G49: 加 | H49: 下 | I49: =IF(K49="","",IF(K49=E49,"主","客")) | J49: =IF(K49="","",IF(K49=E49,F49,E49)) | S49: 0 | T49: 0 | U49: =_xlfn.IFS(S49+T49=0,"",S49>T49,IF(I49="主","屠","人"),S49<T49,IF(I49="主","人","屠"),S49=T49,"平") | X49: =IF($K49="","",IF($K49=$K47,AI47,AI46)) | Y49: =IF($K49="","",IF($K49=$K47,AJ47,AJ46)) | Z49: =IF($K49="","",IF($K49=$K47,X47,X46)) | AA49: =IF($K49="","",IF($K49=$K47,Y47,Y46)) | AB49: =IF($K49="","",IF($K49=$K47,Z47,Z46)) | AC49: =IF($K49="","",IF($K49=$K47,AA47,AA46)) | AP49: =_xlfn.IFS(AQ49="","",AQ49=E49,"主",AQ49=F49,"客") | AQ49: =IF(说明!$F$11=3,_xlfn.IFS($G49=1,$E49,$G49=2,$F49,$G49=3,(IF(S49+T49=0,"",$E49)),$G49="加",(IF(S49+T49=0,"",$F49))),_xlfn.IFS($G49=1,$E49,$G49=2,$F49,$G49=3,$E49,$G49=4,(IF(S49+T49=0,"",$F49)),$G49=5,(IF(S49+T49=0,"",$E49)),$G49="加",(IF(S49+T49=0,"",$F49)))) | AR49: =_xlfn.IFS(AQ49="","",AQ49=E49,F49,AQ49=F49,E49)
A50: =输入错误检查!A50 -> 0 | B50: 6 | C50: 2 | D50: 1300 | E50: ZETA | F50: AWG | G50: 1 | H50: 上 | I50: =IF(K50="","",IF(K50=E50,"主","客")) -> 主 | J50: =IF(K50="","",IF(K50=E50,F50,E50)) -> AWG | K50: ZETA | L50: alf | M50: =S50+S51 -> 3 | N50: =T50+T51 -> 5 | O50: =M50+N50 -> 8 | P50: =IF(M50>N50,1,0) -> 0 | Q50: =IF(M50+N50=0,0,IF(M50=N50,1,0)) -> 0 | R50: =IF(M50<N50,1,0) -> 1 | S50: 2 | T50: 2 | U50: =_xlfn.IFS(S50+T50=0,"",S50>T50,IF(I50="主","屠","人"),S50<T50,IF(I50="主","人","屠"),S50=T50,"平") -> 平 | V50: 圣心医院 | W50: 唐人街 | AD50: 先知 | AE50: 木偶师 | AI50: 律师 | AJ50: 空军 | AK50: 古董商 | AL50: 大副 | AM50: 病患 | AN50: 园丁 | AO50: 歌剧演员 | AP50: =_xlfn.IFS(AQ50="","",AQ50=E50,"主",AQ50=F50,"客") -> 主 | AQ50: =IF(说明!$F$11=3,_xlfn.IFS($G50=1,$E50,$G50=2,$F50,$G50=3,(IF(S50+T50=0,"",$E50)),$G50="加",(IF(S50+T50=0,"",$F50))),_xlfn.IFS($G50=1,$E50,$G50=2,$F50,$G50=3,$E50,$G50=4,(IF(S50+T50=0,"",$F50)),$G50=5,(IF(S50+T50=0,"",$E50)),$G50="加",(IF(S50+T50=0,"",$F50)))) -> ZETA | AR50: =_xlfn.IFS(AQ50="","",AQ50=E50,F50,AQ50=F50,E50) -> AWG
