Workbook

Sheet 说明
A1: 制作者信息 | E1: 当前赛事 | K1: =E3&F3 -> 2025COA全球总决赛小组赛
A2: 名称 | B2: 第五人格赛事信息记录表 | C2: 比分记录 for BWIKI V2.0 | E2: 年份 | F2: 类型 | K2: 总结
A3: BWIKI欢迎各位加入w点击此表格了解BWIKI | E3: 2025 | F3: COA全球总决赛小组赛 | K3: 总场次 | M3: 总局数 | N3: 2局 | O3: 3局 | P3: BO3加赛
A4: 主分、客分列，哪怕是2：0带走，第三局和加赛那一行也必须填上数字，没比的局局分填0就行 | E4: 可上场监管者角色数 | F4: 29 | G4: 监管者indirect区域 | H4: ="'各类选项'!C3:C"&(F4+3) -> '各类选项'!C3:C32 | K4: =90-COUNTIF(赛果!K$2:K$91,"") -> 40 | M4: =720-COUNTIF(原始数据!L3:L722,"") -> 206 | N4: =COUNTIF(赛果!O2:O91,"2") -> 0 | O4: =COUNTIF(赛果!O2:O91,"3") -> 40 | P4: =COUNTIF(赛果!O2:O91,"4") -> 0
E5: 可上场求生者角色数 | F5: 43 | G5: 求生者indirect区域 | H5: ="'各类选项'!E3:E"&(F5+3) -> '各类选项'!E3:E46 | K5: 监管者BAN | M5: 求生者BAN | O5: 监管者 胜利 | P5: 胜率 | Q5: 求生者 胜利 | R5: 胜率 | S5: 平局 | T5: 平率
A6: 只有与本格子颜色相同的部分才开放编辑权限噢~记录赛事时，原始数据、牵制时长这两个表是都需要填的。若两队通过加时赛的时长比对才分出胜负，那么需要在大分&小分表格寻找和本格子颜色一样的区域，手动填写最终获胜者。除此以外，本表格其他区域所有内容均使用excel函数自动生成，无需进行任何操作~ | E6: 队伍数量 | F6: 20 | G6: indirect区域 | H6: ="'各类选项'!F2:F"&(F6+1) -> '各类选项'!F2:F21
E7: 监管者阵营人数 | F7: 30 | G7: ="'各类选项'!K2:K"&(F7+1) -> '各类选项'!K2:K31 | H7: ="'各类选项'!L2:L"&(F7+1) -> '各类选项'!L2:L31 | O7: =COUNTIFS(原始数据!U3:U722,"屠") -> 102 | P7: =O7/M4 -> 0.49514563 | Q7: =COUNTIFS(原始数据!U3:U722,"人") -> 31 | R7: =Q7/M4 -> 0.15048544 | S7: =COUNTIFS(原始数据!U3:U722,"平") -> 73 | T7: =S7/M4 -> 0.35436893
E8: 求生者阵营人数 | F8: 76 | G8: 求生者indirect区域 | H8: ="'各类选项'!J2:J"&(F8+1) -> '各类选项'!J2:J77 | K8: 第五人格BWIKI赛事组制作 | R8: 45347
A9: 填写原始数据时，如第一轮第一场上半场由DOU5队东玄先上屠夫，则在屠队列填写D5（全大写），在屠名列填写东玄id（全小写）dx。第一轮是ZQ打DOU5，因此如果东玄被三跑，则ZQ:DOU5比分为3:1，主分填3，客分填1即可。地图名字请填写全名，请勿做任何省略。地图方主客即选择地图的一方本轮处于主场或者客场。如第一轮第一场若由DOU5选图，则此处填客字即可，主/客一个字就行！！倒数第二列的剩余台数就是填写剩余密码机数量。最后一列名字是错误，这是一个简单的纠错，一旦有常见的名字输入错误的问题，这里便会计数，但只是能查到，并不是100%查得到！牵制时长表格和原始数据用类似方法填写，但求生者ID不需要带队名。 | E9: 地图数量 | F9: 8 | G9: 地图区域 | H9: ="'各类选项'!G2:G"&(F9+2) -> '各类选项'!G2:G10
E10: 辅助特质 | F10: 8 | G10: 辅助特质校验 | H10: ="'各类选项'!H2:H"&(F10+2) -> '各类选项'!H2:H10
E11: BO数 | F11: 3
A21: 当参赛的选手、角色有更新时，请更改右上黄色区域 并修改【各类选项】sheet

Sheet 原始数据
A2: 本页出错 | B2: 月 | C2: 日 | D2: 时间 | E2: 主场 | F2: 客场 | G2: 局 | H2: 半场 | I2: 屠队主客 | J2: 人队 | K2: 屠队 | L2: 屠名 | M2: 局分 | O2: 局总分 | P2: 场分 | S2: 主分 | T2: 客分 | U2: 胜利 | W2: BAN图 | X2: 地图 | Y2: 求生者全局禁用【自动生成】 | AH2: 监管者全局禁用【自动生成】 | AK2: 第一阶段人BAN | AM2: 第一阶段屠BAN | AP2: 第一阶段人PICK | AR2: 第二阶段人BAN | AS2: 第二阶段人PICK | AT2: 第三阶段人BAN | AU2: 第三阶段人PICK | AV2: 屠选 | AW2: 地图主客 | AX2: 选图队伍 | AY2: 选边队伍
A3: =输入错误检查!A2 -> 0 | B3: 4 | C3: 11 | D3: 12 | E3: AXIZ | F3: TE | G3: 1 | H3: 上 | I3: =IF(K3="","",IF(K3=E3,"主","客")) -> 客 | J3: =IF(K3="","",IF(K3=E3,F3,E3)) -> AXIZ | K3: TE | L3: ppei | M3: =S3+S4 -> 4 | N3: =T3+T4 -> 4 | O3: =M3+N3 -> 8 | P3: =IF(M3>N3,1,0) -> 0 | Q3: =IF(M3+N3=0,0,IF(M3=N3,1,0)) -> 1 | R3: =IF(M3<N3,1,0) -> 0 | S3: 1 | T3: 3 | U3: =_xlfn.IFS(S3+T3=0,"",S3>T3,IF(I3="主","屠","人"),S3<T3,IF(I3="主","人","屠"),S3=T3,"平") -> 屠 | V3: {=_xlfn.IFS(S3+T3=0,"",S3>T3,IF(I3="主",IF(S3=5,4,3),IF(S3=5,0,1)),S3<T3,IF(I3="主",IF(T3=5,0,1),IF(T3=5,4,3)),S3=T3,2)} -> 3 | W3: 月亮河公园 | X3: 里奥的回忆 | AK3: 先知 | AL3: 机械师 | AP3: 大副 | AQ3: 飞行家 | AR3: 古董商 | AS3: 咒术师 | AT3: 入殓师 | AU3: 冒险家 | AV3: 跛脚羊 | AW3: =_xlfn.IFS(AX3="","",AX3=E3,"主",AX3=F3,"客") -> 主 | AX3: =IF(说明!$F$11=3,_xlfn.IFS($G3=1,$E3,$G3=2,$F3,$G3=3,(IF(S3+T3=0,"",$E3)),$G3="加",(IF(S3+T3=0,"",$F3))),_xlfn.IFS($G3=1,$E3,$G3=2,$F3,$G3=3,$E3,$G3=4,(IF(S3+T3=0,"",$F3)),$G3=5,(IF(S3+T3=0,"",$E3)),$G3="加",(IF(S3+T3=0,"",$F3)))) -> AXIZ | AY3: =_xlfn.IFS(AX3="","",AX3=E3,F3,AX3=F3,E3) -> TE
A4: =输入错误检查!A3 -> 0 | B4: =B3 -> 4 | C4: =C3 -> 11 | D4: =D3 -> 12 | E4: =E3 -> AXIZ | F4: TE | G4: 1 | H4: 下 | I4: =IF(K4="","",IF(K4=E4,"主","客")) -> 主 | J4: =IF(K4="","",IF(K4=E4,F4,E4)) -> TE | K4: AXIZ | L4: kakiri | S4: 3 | T4: 1 | U4: =_xlfn.IFS(S4+T4=0,"",S4>T4,IF(I4="主","屠","人"),S4<T4,IF(I4="主","人","屠"),S4=T4,"平") -> 屠 | V4: {=_xlfn.IFS(S4+T4=0,"",S4>T4,IF(I4="主",IF(S4=5,4,3),IF(S4=5,0,1)),S4<T4,IF(I4="主",IF(T4=5,0,1),IF(T4=5,4,3)),S4=T4,2)} -> 3 | W4: =IF(W3="","",W3) -> 月亮河公园 | X4: =IF(X3="","",X3) -> 里奥的回忆 | AK4: 机械师 | AL4: 大副 | AP4: 冒险家 | AQ4: 入殓师 | AR4: 先知 | AS4: 木偶师 | AT4: 古董商 | AU4: 心理学家 | AV4: 跛脚羊 | AW4: =_xlfn.IFS(AX4="","",AX4=E4,"主",AX4=F4,"客") -> 主 | AX4: =IF(说明!$F$11=3,_xlfn.IFS($G4=1,$E4,$G4=2,$F4,$G4=3,(IF(S4+T4=0,"",$E4)),$G4="加",(IF(S4+T4=0,"",$F4))),_xlfn.IFS($G4=1,$E4,$G4=2,$F4,$G4=3,$E4,$G4=4,(IF(S4+T4=0,"",$F4)),$G4=5,(IF(S4+T4=0,"",$E4)),$G4="加",(IF(S4+T4=0,"",$F4)))) -> AXIZ | AY4: =_xlfn.IFS(AX4="","",AX4=E4,F4,AX4=F4,E4) -> TE
A5: =输入错误检查!A4 -> 0 | B5: =B4 -> 4 | C5: =C4 -> 11 | D5: =D4 -> 12 | E5: =E4 -> AXIZ | F5: =F4 -> TE | G5: 2 | H5: 上 | I5: =IF(K5="","",IF(K5=E5,"主","客")) -> 主 | J5: =IF(K5="","",IF(K5=E5,F5,E5)) -> TE | K5: AXIZ | L5: kakiri | M5: =S5+S6 -> 7 | N5: =T5+T6 -> 2 | O5: =M5+N5 -> 9 | P5: =IF(M5>N5,1,0) -> 1 | Q5: =IF(M5+N5=0,0,IF(M5=N5,1,0)) -> 0 | R5: =IF(M5<N5,1,0) -> 0 | S5: 5 | T5: 0 | U5: =_xlfn.IFS(S5+T5=0,"",S5>T5,IF(I5="主","屠","人"),S5<T5,IF(I5="主","人","屠"),S5=T5,"平") -> 屠 | V5: {=_xlfn.IFS(S5+T5=0,"",S5>T5,IF(I5="主",IF(S5=5,4,3),IF(S5=5,0,1)),S5<T5,IF(I5="主",IF(T5=5,0,1),IF(T5=5,4,3)),S5=T5,2)} -> 4 | W5: 月亮河公园 | X5: 唐人街 | Y5: =IF($K5="","",IF($K5=$K3,AP3,AP4)) -> 冒险家 | Z5: =IF($K5="","",IF($K5=$K3,AQ3,AQ4)) -> 入殓师 | AA5: =IF($K5="","",IF($K5=$K3,AS3,AS4)) -> 木偶师 | AH5: =IF($K5="","",IF($K5=$K3,AV3,AV4)) -> 跛脚羊 | AK5: 囚徒 | AL5: 古董商 | AM5: 喧嚣 | AP5: 病患 | AQ5: 作曲家 | AR5: 空军 | AS5: 大副 | AT5: 祭司 | AU5: 哭泣小丑 | AV5: 小丑 | AW5: =_xlfn.IFS(AX5="","",AX5=E5,"主",AX5=F5,"客") -> 客 | AX5: =IF(说明!$F$11=3,_xlfn.IFS($G5=1,$E5,$G5=2,$F5,$G5=3,(IF(S5+T5=0,"",$E5)),$G5="加",(IF(S5+T5=0,"",$F5))),_xlfn.IFS($G5=1,$E5,$G5=2,$F5,$G5=3,$E5,$G5=4,(IF(S5+T5=0,"",$F5)),$G5=5,(IF(S5+T5=0,"",$E5)),$G5="加",(IF(S5+T5=0,"",$F5)))) -> TE | AY5: =_xlfn.IFS(AX5="","",AX5=E5,F5,AX5=F5,E5) -> AXIZ
A6: =输入错误检查!A5 -> 0 | B6: =B5 -> 4 | C6: =C5 -> 11 | D6: =D5 -> 12 | E6: =E5 -> AXIZ | F6: =F5 -> TE | G6: 2 | H6: 下 | I6: =IF(K6="","",IF(K6=E6,"主","客")) -> 客 | J6: =IF(K6="","",IF(K6=E6,F6,E6)) -> AXIZ | K6: TE | L6: ppei | S6: 2 | T6: 2 | U6: =_xlfn.IFS(S6+T6=0,"",S6>T6,IF(I6="主","屠","人"),S6<T6,IF(I6="主","人","屠"),S6=T6,"平") -> 平 | V6: {=_xlfn.IFS(S6+T6=0,"",S6>T6,IF(I6="主",IF(S6=5,4,3),IF(S6=5,0,1)),S6<T6,IF(I6="主",IF(T6=5,0,1),IF(T6=5,4,3)),S6=T6,2)} -> 2 | W6: =IF(W5="","",W5) -> 月亮河公园 | X6: =IF(X5="","",X5) -> 唐人街 | Y6: =IF($K6="","",IF($K6=$K4,AP4,AP3)) -> 大副 | Z6: =IF($K6="","",IF($K6=$K4,AQ4,AQ3)) -> 飞行家 | AA6: =IF($K6="","",IF($K6=$K4,AS4,AS3)) -> 咒术师 | AH6: =IF($K6="","",IF($K6=$K4,AV4,AV3)) -> 跛脚羊 | AK6: 冒险家 | AL6: 古董商 | AM6: 喧嚣 | AP6: 野人 | AQ6: 囚徒 | AR6: 病患 | AS6: 空军 | AT6: 先知 | AU6: 木偶师 | AV6: 歌剧演员 | AW6: =_xlfn.IFS(AX6="","",AX6=E6,"主",AX6=F6,"客") -> 客 | AX6: =IF(说明!$F$11=3,_xlfn.IFS($G6=1,$E6,$G6=2,$F6,$G6=3,(IF(S6+T6=0,"",$E6)),$G6="加",(IF(S6+T6=0,"",$F6))),_xlfn.IFS($G6=1,$E6,$G6=2,$F6,$G6=3,$E6,$G6=4,(IF(S6+T6=0,"",$F6)),$G6=5,(IF(S6+T6=0,"",$E6)),$G6="加",(IF(S6+T6=0,"",$F6)))) -> TE | AY6: =_xlfn.IFS(AX6="","",AX6=E6,F6,AX6=F6,E6) -> AXIZ
A7: =输入错误检查!A6 -> 0 | B7: =B6 -> 4 | C7: =C6 -> 11 | D7: =D6 -> 12 | E7: =E6 -> AXIZ | F7: =F6 -> TE | G7: 3 | H7: 上 | I7: =IF(K7="","",IF(K7=E7,"主","客")) -> 客 | J7: =IF(K7="","",IF(K7=E7,F7,E7)) -> AXIZ | K7: TE | L7: ppei | M7: =S7+S8 -> 4 | N7: =T7+T8 -> 4 | O7: =M7+N7 -> 8 | P7: =IF(M7>N7,1,0) -> 0 | Q7: =IF(M7+N7=0,0,IF(M7=N7,1,0)) -> 1 | R7: =IF(M7<N7,1,0) -> 0 | S7: 1 | T7: 3 | U7: =_xlfn.IFS(S7+T7=0,"",S7>T7,IF(I7="主","屠","人"),S7<T7,IF(I7="主","人","屠"),S7=T7,"平") -> 屠 | V7: {=_xlfn.IFS(S7+T7=0,"",S7>T7,IF(I7="主",IF(S7=5,4,3),IF(S7=5,0,1)),S7<T7,IF(I7="主",IF(T7=5,0,1),IF(T7=5,4,3)),S7=T7,2)} -> 3 | W7: 军工厂 | X7: 红教堂 | Y7: =IF($K7="","",IF($K7=$K5,AP5,AP6)) -> 野人 | Z7: =IF($K7="","",IF($K7=$K5,AQ5,AQ6)) -> 囚徒 | AA7: =IF($K7="","",IF($K7=$K5,AS5,AS6)) -> 空军 | AB7: =IF($K7="","",IF($K7=$K5,Y5,Y6)) -> 大副 | AC7: =IF($K7="","",IF($K7=$K5,Z5,Z6)) -> 飞行家 | AD7: =IF($K7="","",IF($K7=$K5,AA5,AA6)) -> 咒术师 | AH7: =IF($K7="","",IF($K7=$K5,AV5,AV6)) -> 歌剧演员 | AI7: =IF($K7="","",IF($K7=$K5,AH5,AH6)) -> 跛脚羊 | AK7: 前锋 | AL7: 机械师 | AM7: 喧嚣 | AN7: 时空之影 | AP7: 先知 | AQ7: 古董商 | AR7: 入殓师 | AS7: 佣兵 | AT7: 小说家 | AU7: 火灾调查员 | AV7: 鹿头 | AW7: =_xlfn.IFS(AX7="","",AX7=E7,"主",AX7=F7,"客") -> 主 | AX7: =IF(说明!$F$11=3,_xlfn.IFS($G7=1,$E7,$G7=2,$F7,$G7=3,(IF(S7+T7=0,"",$E7)),$G7="加",(IF(S7+T7=0,"",$F7))),_xlfn.IFS($G7=1,$E7,$G7=2,$F7,$G7=3,$E7,$G7=4,(IF(S7+T7=0,"",$F7)),$G7=5,(IF(S7+T7=0,"",$E7)),$G7="加",(IF(S7+T7=0,"",$F7)))) -> AXIZ | AY7: =_xlfn.IFS(AX7="","",AX7=E7,F7,AX7=F7,E7) -> TE
A8: =输入错误检查!A7 -> 0 | B8: =B7 -> 4 | C8: =C7 -> 11 | D8: =D7 -> 12 | E8: =E7 -> AXIZ | F8: =F7 -> TE | G8: 3 | H8: 下 | I8: =IF(K8="","",IF(K8=E8,"主","客")) -> 主 | J8: =IF(K8="","",IF(K8=E8,F8,E8)) -> TE | K8: AXIZ | L8: kakaka | S8: 3 | T8: 1 | U8: =_xlfn.IFS(S8+T8=0,"",S8>T8,IF(I8="主","屠","人"),S8<T8,IF(I8="主","人","屠"),S8=T8,"平") -> 屠 | V8: {=_xlfn.IFS(S8+T8=0,"",S8>T8,IF(I8="主",IF(S8=5,4,3),IF(S8=5,0,1)),S8<T8,IF(I8="主",IF(T8=5,0,1),IF(T8=5,4,3)),S8=T8,2)} -> 3 | W8: 军工厂 | X8: =IF(X7="","",X7) -> 红教堂 | Y8: =IF($K8="","",IF($K8=$K6,AP6,AP5)) -> 病患 | Z8: =IF($K8="","",IF($K8=$K6,AQ6,AQ5)) -> 作曲家 | AA8: =IF($K8="","",IF($K8=$K6,AS6,AS5)) -> 大副 | AB8: =IF($K8="","",IF($K8=$K6,Y6,Y5)) -> 冒险家 | AC8: =IF($K8="","",IF($K8=$K6,Z6,Z5)) -> 入殓师 | AD8: =IF($K8="","",IF($K8=$K6,AA6,AA5)) -> 木偶师 | AH8: =IF($K8="","",IF($K8=$K6,AV6,AV5)) -> 小丑 | AI8: =IF($K8="","",IF($K8=$K6,AH6,AH5)) -> 跛脚羊 | AK8: 空军 | AL8: 火灾调查员 | AM8: 时空之影 | AN8: 喧嚣 | AP8: 佣兵 | AQ8: 小说家 | AR8: 古董商 | AS8: 杂技演员 | AT8: 先知 | AU8: 邮差 | AV8: 歌剧演员 | AW8: =_xlfn.IFS(AX8="","",AX8=E8,"主",AX8=F8,"客") -> 主 | AX8: =IF(说明!$F$11=3,_xlfn.IFS($G8=1,$E8,$G8=2,$F8,$G8=3,(IF(S8+T8=0,"",$E8)),$G8="加",(IF(S8+T8=0,"",$F8))),_xlfn.IFS($G8=1,$E8,$G8=2,$F8,$G8=3,$E8,$G8=4,(IF(S8+T8=0,"",$F8)),$G8=5,(IF(S8+T8=0,"",$E8)),$G8="加",(IF(S8+T8=0,"",$F8)))) -> AXIZ | AY8: =_xlfn.IFS(AX8="","",AX8=E8,F8,AX8=F8,E8) -> TE
A9: =输入错误检查!A8 -> 0 | B9: =B8 -> 4 | C9: =C8 -> 11 | D9: =D8 -> 12 | E9: =E8 -> AXIZ | F9: =F8 -> TE | G9: 加 | H9: 上 | I9: =IF(K9="","",IF(K9=E9,"主","客")) | J9: =IF(K9="","",IF(K9=E9,F9,E9)) | M9: =S9+S10 -> 0 | N9: =T9+T10 -> 0 | O9: =M9+N9 -> 0 | P9: =IF(M9>N9,1,0) -> 0 | Q9: =IF(M9+N9=0,0,IF(M9=N9,1,0)) -> 0 | R9: =IF(M9<N9,1,0) -> 0 | U9: =_xlfn.IFS(S9+T9=0,"",S9>T9,IF(I9="主","屠","人"),S9<T9,IF(I9="主","人","屠"),S9=T9,"平") | V9: {=_xlfn.IFS(S9+T9=0,"",S9>T9,IF(I9="主",IF(S9=5,4,3),IF(S9=5,0,1)),S9<T9,IF(I9="主",IF(T9=5,0,1),IF(T9=5,4,3)),S9=T9,2)} | Y9: =IF($K9="","",IF($K9=$K7,AP7,AP8)) | Z9: =IF($K9="","",IF($K9=$K7,AQ7,AQ8)) | AA9: =IF($K9="","",IF($K9=$K7,AS7,AS8)) | AB9: =IF($K9="","",IF($K9=$K7,Y7,Y8)) | AC9: =IF($K9="","",IF($K9=$K7,Z7,Z8)) | AD9: =IF($K9="","",IF($K9=$K7,AA7,AA8)) | AE9: =IF($K9="","",IF($K9=$K7,AB7,AB8)) | AF9: =IF($K9="","",IF($K9=$K7,AC7,AC8)) | AG9: =IF($K9="","",IF($K9=$K7,AD7,AD8)) | AH9: =IF($K9="","",IF($K9=$K7,AV7,AV8)) | AI9: =IF($K9="","",IF($K9=$K7,AH7,AH8)) | AJ9: =IF($K9="","",IF($K9=$K7,AI7,AI8)) | AW9: =_xlfn.IFS(AX9="","",AX9=E9,"主",AX9=F9,"客") | AX9: =IF(说明!$F$11=3,_xlfn.IFS($G9=1,$E9,$G9=2,$F9,$G9=3,(IF(S9+T9=0,"",$E9)),$G9="加",(IF(S9+T9=0,"",$F9))),_xlfn.IFS($G9=1,$E9,$G9=2,$F9,$G9=3,$E9,$G9=4,(IF(S9+T9=0,"",$F9)),$G9=5,(IF(S9+T9=0,"",$E9)),$G9="加",(IF(S9+T9=0,"",$F9)))) | AY9: =_xlfn.IFS(AX9="","",AX9=E9,F9,AX9=F9,E9)
A10: =输入错误检查!A9 -> 0 | B10: =B9 -> 4 | C10: =C9 -> 11 | D10: =D9 -> 12 | E10: =E9 -> AXIZ | F10: =F9 -> TE | G10: 加 | H10: 下 | I10: =IF(K10="","",IF(K10=E10,"主","客")) | J10: =IF(K10="","",IF(K10=E10,F10,E10)) | U10: =_xlfn.IFS(S10+T10=0,"",S10>T10,IF(I10="主","屠","人"),S10<T10,IF(I10="主","人","屠"),S10=T10,"平") | V10: {=_xlfn.IFS(S10+T10=0,"",S10>T10,IF(I10="主",IF(S10=5,4,3),IF(S10=5,0,1)),S10<T10,IF(I10="主",IF(T10=5,0,1),IF(T10=5,4,3)),S10=T10,2)} | X10: =IF(X9="","",X9) | Y10: =IF($K10="","",IF($K10=$K8,AP8,AP7)) | Z10: =IF($K10="","",IF($K10=$K8,AQ8,AQ7)) | AA10: =IF($K10="","",IF($K10=$K8,AS8,AS7)) | AB10: =IF($K10="","",IF($K10=$K8,Y8,Y7)) | AC10: =IF($K10="","",IF($K10=$K8,Z8,Z7)) | AD10: =IF($K10="","",IF($K10=$K8,AA8,AA7)) | AE10: =IF($K10="","",IF($K10=$K8,AB8,AB7)) | AF10: =IF($K10="","",IF($K10=$K8,AC8,AC7)) | AG10: =IF($K10="","",IF($K10=$K8,AD8,AD7)) | AH10: =IF($K10="","",IF($K10=$K8,AV8,AV7)) | AI10: =IF($K10="","",IF($K10=$K8,AH8,AH7)) | AJ10: =IF($K10="","",IF($K10=$K8,AI8,AI7)) | AW10: =_xlfn.IFS(AX10="","",AX10=E10,"主",AX10=F10,"客") | AX10: =IF(说明!$F$11=3,_xlfn.IFS($G10=1,$E10,$G10=2,$F10,$G10=3,(IF(S10+T10=0,"",$E10)),$G10="加",(IF(S10+T10=0,"",$F10))),_xlfn.IFS($G10=1,$E10,$G10=2,$F10,$G10=3,$E10,$G10=4,(IF(S10+T10=0,"",$F10)),$G10=5,(IF(S10+T10=0,"",$E10)),$G10="加",(IF(S10+T10=0,"",$F10)))) | AY10: =_xlfn.IFS(AX10="","",AX10=E10,F10,AX10=F10,E10)
A11: =输入错误检查!A10 -> 0 | B11: 4 | C11: 11 | D11: 14 | E11: RVL | F11: FT | G11: 1 | H11: 上 | I11: =IF(K11="","",IF(K11=E11,"主","客")) -> 客 | J11: =IF(K11="","",IF(K11=E11,F11,E11)) -> RVL | K11: FT | L11: heshen | M11: =S11+S12 -> 2 | N11: =T11+T12 -> 7 | O11: =M11+N11 -> 9 | P11: =IF(M11>N11,1,0) -> 0 | Q11: =IF(M11+N11=0,0,IF(M11=N11,1,0)) -> 0 | R11: =IF(S11<N11,1,0) -> 1 | S11: 0 | T11: 5 | U11: =_xlfn.IFS(S11+T11=0,"",S11>T11,IF(I11="主","屠","人"),S11<T11,IF(I11="主","人","屠"),S11=T11,"平") -> 屠 | V11: {=_xlfn.IFS(S11+T11=0,"",S11>T11,IF(I11="主",IF(S11=5,4,3),IF(S11=5,0,1)),S11<T11,IF(I11="主",IF(T11=5,0,1),IF(T11=5,4,3)),S11=T11,2)} -> 4 | W11: 军工厂 | X11: 永眠镇 | AK11: 机械师 | AL11: 大副 | AP11: 入殓师 | AQ11: 守墓人 | AR11: 先知 | AS11: 木偶师 | AT11: 飞行家 | AU11: 空军 | AV11: 跛脚羊 | AW11: =_xlfn.IFS(AX11="","",AX11=E11,"主",AX11=F11,"客") -> 主 | AX11: =IF(说明!$F$11=3,_xlfn.IFS($G11=1,$E11,$G11=2,$F11,$G11=3,(IF(S11+T11=0,"",$E11)),$G11="加",(IF(S11+T11=0,"",$F11))),_xlfn.IFS($G11=1,$E11,$G11=2,$F11,$G11=3,$E11,$G11=4,(IF(S11+T11=0,"",$F11)),$G11=5,(IF(S11+T11=0,"",$E11)),$G11="加",(IF(S11+T11=0,"",$F11)))) -> RVL | AY11: =_xlfn.IFS(AX11="","",AX11=E11,F11,AX11=F11,E11) -> FT
A12: =输入错误检查!A11 -> 0 | B12: =B11 -> 4 | C12: =C11 -> 11 | D12: =D11 -> 14 | E12: =E11 -> RVL | F12: =F11 -> FT | G12: 1 | H12: 下 | I12: =IF(K12="","",IF(K12=E12,"主","客")) -> 主 | J12: =IF(K12="","",IF(K12=E12,F12,E12)) -> FT | K12: RVL | L12: sprintzer | S12: 2 | T12: 2 | U12: =_xlfn.IFS(S12+T12=0,"",S12>T12,IF(I12="主","屠","人"),S12<T12,IF(I12="主","人","屠"),S12=T12,"平") -> 平 | V12: {=_xlfn.IFS(S12+T12=0,"",S12>T12,IF(I12="主",IF(S12=5,4,3),IF(S12=5,0,1)),S12<T12,IF(I12="主",IF(T12=5,0,1),IF(T12=5,4,3)),S12=T12,2)} -> 2 | W12: =IF(W11="","",W11) -> 军工厂 | X12: =IF(X11="","",X11) -> 永眠镇 | AK12: 先知 | AL12: 机械师 | AP12: 大副 | AQ12: 祭司 | AR12: 入殓师 | AS12: 飞行家 | AT12: 木偶师 | AU12: 心理学家 | AV12: 跛脚羊 | AW12: =_xlfn.IFS(AX12="","",AX12=E12,"主",AX12=F12,"客") -> 主 | AX12: =IF(说明!$F$11=3,_xlfn.IFS($G12=1,$E12,$G12=2,$F12,$G12=3,(IF(S12+T12=0,"",$E12)),$G12="加",(IF(S12+T12=0,"",$F12))),_xlfn.IFS($G12=1,$E12,$G12=2,$F12,$G12=3,$E12,$G12=4,(IF(S12+T12=0,"",$F12)),$G12=5,(IF(S12+T12=0,"",$E12)),$G12="加",(IF(S12+T12=0,"",$F12)))) -> RVL | AY12: =_xlfn.IFS(AX12="","",AX12=E12,F12,AX12=F12,E12) -> FT
A13: =输入错误检查!A12 -> 0 | B13: =B12 -> 4 | C13: =C12 -> 11 | D13: =D12 -> 14 | E13: =E12 -> RVL | F13: =F12 -> FT | G13: 2 | H13: 上 | I13: =IF(K13="","",IF(K13=E13,"主","客")) -> 主 | J13: =IF(K13="","",IF(K13=E13,F13,E13)) -> FT | K13: RVL | L13: sprintzer | M13: =S13+S14 -> 6 | N13: =T13+T14 -> 3 | O13: =M13+N13 -> 9 | P13: =IF(M13>N13,1,0) -> 1 | Q13: =IF(M13+N13=0,0,IF(M13=N13,1,0)) -> 0 | R13: =IF(M13<N13,1,0) -> 0 | S13: 5 | T13: 0 | U13: =_xlfn.IFS(S13+T13=0,"",S13>T13,IF(I13="主","屠","人"),S13<T13,IF(I13="主","人","屠"),S13=T13,"平") -> 屠 | V13: {=_xlfn.IFS(S13+T13=0,"",S13>T13,IF(I13="主",IF(S13=5,4,3),IF(S13=5,0,1)),S13<T13,IF(I13="主",IF(T13=5,0,1),IF(T13=5,4,3)),S13=T13,2)} -> 4 | W13: 月亮河公园 | X13: 唐人街 | Y13: =IF($K13="","",IF($K13=$K11,AP11,AP12)) -> 大副 | Z13: =IF($K13="","",IF($K13=$K11,AQ11,AQ12)) -> 祭司 | AA13: =IF($K13="","",IF($K13=$K11,AS11,AS12)) -> 飞行家 | AH13: =IF($K13="","",IF($K13=$K11,AV11,AV12)) -> 跛脚羊 | AK13: 先知 | AL13: 古董商 | AM13: 喧嚣 | AP13: 佣兵 | AQ13: 空军 | AR13: 木偶师 | AS13: 火灾调查员 | AT13: 囚徒 | AU13: 入殓师 | AV13: 歌剧演员 | AW13: =_xlfn.IFS(AX13="","",AX13=E13,"主",AX13=F13,"客") -> 客 | AX13: =IF(说明!$F$11=3,_xlfn.IFS($G13=1,$E13,$G13=2,$F13,$G13=3,(IF(S13+T13=0,"",$E13)),$G13="加",(IF(S13+T13=0,"",$F13))),_xlfn.IFS($G13=1,$E13,$G13=2,$F13,$G13=3,$E13,$G13=4,(IF(S13+T13=0,"",$F13)),$G13=5,(IF(S13+T13=0,"",$E13)),$G13="加",(IF(S13+T13=0,"",$F13)))) -> FT | AY13: =_xlfn.IFS(AX13="","",AX13=E13,F13,AX13=F13,E13) -> RVL
A14: =输入错误检查!A13 -> 0 | B14: =B13 -> 4 | C14: =C13 -> 11 | D14: =D13 -> 14 | E14: =E13 -> RVL | F14: =F13 -> FT | G14: 2 | H14: 下 | I14: =IF(K14="","",IF(K14=E14,"主","客")) -> 客 | J14: =IF(K14="","",IF(K14=E14,F14,E14)) -> RVL | K14: FT | L14: miao | S14: 1 | T14: 3 | U14: =_xlfn.IFS(S14+T14=0,"",S14>T14,IF(I14="主","屠","人"),S14<T14,IF(I14="主","人","屠"),S14=T14,"平") -> 屠 | V14: {=_xlfn.IFS(S14+T14=0,"",S14>T14,IF(I14="主",IF(S14=5,4,3),IF(S14=5,0,1)),S14<T14,IF(I14="主",IF(T14=5,0,1),IF(T14=5,4,3)),S14=T14,2)} -> 3 | W14: =IF(W13="","",W13) -> 月亮河公园 | X14: =IF(X13="","",X13) -> 唐人街 | Y14: =IF($K14="","",IF($K14=$K12,AP12,AP11)) -> 入殓师 | Z14: =IF($K14="","",IF($K14=$K12,AQ12,AQ11)) -> 守墓人 | AA14: =IF($K14="","",IF($K14=$K12,AS12,AS11)) -> 木偶师 | AH14: =IF($K14="","",IF($K14=$K12,AV12,AV11)) -> 跛脚羊 | AK14: 先知 | AL14: 祭司 | AM14: 喧嚣 | AP14: 火灾调查员 | AQ14: 大副 | AR14: 古董商 | AS14: 囚徒 | AT14: 空军 | AU14: 心理学家 | AV14: 歌剧演员 | AW14: =_xlfn.IFS(AX14="","",AX14=E14,"主",AX14=F14,"客") -> 客 | AX14: =IF(说明!$F$11=3,_xlfn.IFS($G14=1,$E14,$G14=2,$F14,$G14=3,(IF(S14+T14=0,"",$E14)),$G14="加",(IF(S14+T14=0,"",$F14))),_xlfn.IFS($G14=1,$E14,$G14=2,$F14,$G14=3,$E14,$G14=4,(IF(S14+T14=0,"",$F14)),$G14=5,(IF(S14+T14=0,"",$E14)),$G14="加",(IF(S14+T14=0,"",$F14)))) -> FT | AY14: =_xlfn.IFS(AX14="","",AX14=E14,F14,AX14=F14,E14) -> RVL
A15: =输入错误检查!A14 -> 0 | B15: =B14 -> 4 | C15: =C14 -> 11 | D15: =D14 -> 14 | E15: =E14 -> RVL | F15: =F14 -> FT | G15: 3 | H15: 上 | I15: =IF(K15="","",IF(K15=E15,"主","客")) -> 客 | J15: =IF(K15="","",IF(K15=E15,F15,E15)) -> RVL | K15: FT | L15: miao | M15: =S15+S16 -> 3 | N15: =T15+T16 -> 5 | O15: =M15+N15 -> 8 | P15: =IF(M15>N15,1,0) -> 0 | Q15: =IF(M15+N15=0,0,IF(M15=N15,1,0)) -> 0 | R15: =IF(M15<N15,1,0) -> 1 | S15: 1 | T15: 3 | U15: =_xlfn.IFS(S15+T15=0,"",S15>T15,IF(I15="主","屠","人"),S15<T15,IF(I15="主","人","屠"),S15=T15,"平") -> 屠 | V15: {=_xlfn.IFS(S15+T15=0,"",S15>T15,IF(I15="主",IF(S15=5,4,3),IF(S15=5,0,1)),S15<T15,IF(I15="主",IF(T15=5,0,1),IF(T15=5,4,3)),S15=T15,2)} -> 3 | W15: 军工厂 | X15: 湖景村 | Y15: =IF($K15="","",IF($K15=$K13,AP13,AP14)) -> 火灾调查员 | Z15: =IF($K15="","",IF($K15=$K13,AQ13,AQ14)) -> 大副 | AA15: =IF($K15="","",IF($K15=$K13,AS13,AS14)) -> 囚徒 | AB15: =IF($K15="","",IF($K15=$K13,Y13,Y14)) -> 入殓师 | AC15: =IF($K15="","",IF($K15=$K13,Z13,Z14)) -> 守墓人 | AD15: =IF($K15="","",IF($K15=$K13,AA13,AA14)) -> 木偶师 | AH15: =IF($K15="","",IF($K15=$K13,AV13,AV14)) -> 歌剧演员 | AI15: =IF($K15="","",IF($K15=$K13,AH13,AH14)) -> 跛脚羊 | AK15: 先知 | AL15: 小说家 | AM15: 喧嚣 | AN15: 时空之影 | AP15: 佣兵 | AQ15: 空军 | AR15: 杂技演员 | AS15: 心理学家 | AT15: 骑士 | AU15: 机械师 | AV15: 红夫人 | AW15: =_xlfn.IFS(AX15="","",AX15=E15,"主",AX15=F15,"客") -> 主 | AX15: =IF(说明!$F$11=3,_xlfn.IFS($G15=1,$E15,$G15=2,$F15,$G15=3,(IF(S15+T15=0,"",$E15)),$G15="加",(IF(S15+T15=0,"",$F15))),_xlfn.IFS($G15=1,$E15,$G15=2,$F15,$G15=3,$E15,$G15=4,(IF(S15+T15=0,"",$F15)),$G15=5,(IF(S15+T15=0,"",$E15)),$G15="加",(IF(S15+T15=0,"",$F15)))) -> RVL | AY15: =_xlfn.IFS(AX15="","",AX15=E15,F15,AX15=F15,E15) -> FT
A16: =输入错误检查!A15 -> 0 | B16: =B15 -> 4 | C16: =C15 -> 11 | D16: =D15 -> 14 | E16: =E15 -> RVL | F16: =F15 -> FT | G16: 3 | H16: 下 | I16: =IF(K16="","",IF(K16=E16,"主","客")) -> 主 | J16: =IF(K16="","",IF(K16=E16,F16,E16)) -> FT | K16: RVL | L16: sprintzer | S16: 2 | T16: 2 | U16: =_xlfn.IFS(S16+T16=0,"",S16>T16,IF(I16="主","屠","人"),S16<T16,IF(I16="主","人","屠"),S16=T16,"平") -> 平 | V16: {=_xlfn.IFS(S16+T16=0,"",S16>T16,IF(I16="主",IF(S16=5,4,3),IF(S16=5,0,1)),S16<T16,IF(I16="主",IF(T16=5,0,1),IF(T16=5,4,3)),S16=T16,2)} -> 2 | W16: 军工厂 | X16: =IF(X15="","",X15) -> 湖景村 | Y16: =IF($K16="","",IF($K16=$K14,AP14,AP13)) -> 佣兵 | Z16: =IF($K16="","",IF($K16=$K14,AQ14,AQ13)) -> 空军 | AA16: =IF($K16="","",IF($K16=$K14,AS14,AS13)) -> 火灾调查员 | AB16: =IF($K16="","",IF($K16=$K14,Y14,Y13)) -> 大副 | AC16: =IF($K16="","",IF($K16=$K14,Z14,Z13)) -> 祭司 | AD16: =IF($K16="","",IF($K16=$K14,AA14,AA13)) -> 飞行家 | AH16: =IF($K16="","",IF($K16=$K14,AV14,AV13)) -> 歌剧演员 | AI16: =IF($K16="","",IF($K16=$K14,AH14,AH13)) -> 跛脚羊 | AK16: 先知 | AL16: 古董商 | AM16: 时空之影 | AN16: 喧嚣 | AP16: 心理学家 | AQ16: 杂技演员 | AR16: 守墓人 | AS16: 入殓师 | AT16: 前锋 | AU16: 野人 | AV16: 梦之女巫 | AW16: =_xlfn.IFS(AX16="","",AX16=E16,"主",AX16=F16,"客") -> 主 | AX16: =IF(说明!$F$11=3,_xlfn.IFS($G16=1,$E16,$G16=2,$F16,$G16=3,(IF(S16+T16=0,"",$E16)),$G16="加",(IF(S16+T16=0,"",$F16))),_xlfn.IFS($G16=1,$E16,$G16=2,$F16,$G16=3,$E16,$G16=4,(IF(S16+T16=0,"",$F16)),$G16=5,(IF(S16+T16=0,"",$E16)),$G16="加",(IF(S16+T16=0,"",$F16)))) -> RVL | AY16: =_xlfn.IFS(AX16="","",AX16=E16,F16,AX16=F16,E16) -> FT
A17: =输入错误检查!A16 -> 0 | B17: =B16 -> 4 | C17: =C16 -> 11 | D17: =D16 -> 14 | E17: =E16 -> RVL | F17: =F16 -> FT | G17: 加 | H17: 上 | I17: =IF(K17="","",IF(K17=E17,"主","客")) | J17: =IF(K17="","",IF(K17=E17,F17,E17)) | M17: =S17+S18 -> 0 | N17: =T17+T18 -> 0 | O17: =M17+N17 -> 0 | P17: =IF(M17>N17,1,0) -> 0 | Q17: =IF(M17+N17=0,0,IF(M17=N17,1,0)) -> 0 | R17: =IF(M17<N17,1,0) -> 0 | U17: =_xlfn.IFS(S17+T17=0,"",S17>T17,IF(I17="主","屠","人"),S17<T17,IF(I17="主","人","屠"),S17=T17,"平") | V17: {=_xlfn.IFS(S17+T17=0,"",S17>T17,IF(I17="主",IF(S17=5,4,3),IF(S17=5,0,1)),S17<T17,IF(I17="主",IF(T17=5,0,1),IF(T17=5,4,3)),S17=T17,2)} | Y17: =IF($K17="","",IF($K17=$K15,AP15,AP16)) | Z17: =IF($K17="","",IF($K17=$K15,AQ15,AQ16)) | AA17: =IF($K17="","",IF($K17=$K15,AS15,AS16)) | AB17: =IF($K17="","",IF($K17=$K15,Y15,Y16)) | AC17: =IF($K17="","",IF($K17=$K15,Z15,Z16)) | AD17: =IF($K17="","",IF($K17=$K15,AA15,AA16)) | AE17: =IF($K17="","",IF($K17=$K15,AB15,AB16)) | AF17: =IF($K17="","",IF($K17=$K15,AC15,AC16)) | AG17: =IF($K17="","",IF($K17=$K15,AD15,AD16)) | AH17: =IF($K17="","",IF($K17=$K15,AV15,AV16)) | AI17: =IF($K17="","",IF($K17=$K15,AH15,AH16)) | AJ17: =IF($K17="","",IF($K17=$K15,AI15,AI16)) | AW17: =_xlfn.IFS(AX17="","",AX17=E17,"主",AX17=F17,"客") | AX17: =IF(说明!$F$11=3,_xlfn.IFS($G17=1,$E17,$G17=2,$F17,$G17=3,(IF(S17+T17=0,"",$E17)),$G17="加",(IF(S17+T17=0,"",$F17))),_xlfn.IFS($G17=1,$E17,$G17=2,$F17,$G17=3,$E17,$G17=4,(IF(S17+T17=0,"",$F17)),$G17=5,(IF(S17+T17=0,"",$E17)),$G17="加",(IF(S17+T17=0,"",$F17)))) | AY17: =_xlfn.IFS(AX17="","",AX17=E17,F17,AX17=F17,E17)
A18: =输入错误检查!A17 -> 0 | B18: =B17 -> 4 | C18: =C17 -> 11 | D18: =D17 -> 14 | E18: =E17 -> RVL | F18: =F17 -> FT | G18: 加 | H18: 下 | I18: =IF(K18="","",IF(K18=E18,"主","客")) | J18: =IF(K18="","",IF(K18=E18,F18,E18)) | U18: =_xlfn.IFS(S18+T18=0,"",S18>T18,IF(I18="主","屠","人"),S18<T18,IF(I18="主","人","屠"),S18=T18,"平") | V18: {=_xlfn.IFS(S18+T18=0,"",S18>T18,IF(I18="主",IF(S18=5,4,3),IF(S18=5,0,1)),S18<T18,IF(I18="主",IF(T18=5,0,1),IF(T18=5,4,3)),S18=T18,2)} | X18: =IF(X17="","",X17) | Y18: =IF($K18="","",IF($K18=$K16,AP16,AP15)) | Z18: =IF($K18="","",IF($K18=$K16,AQ16,AQ15)) | AA18: =IF($K18="","",IF($K18=$K16,AS16,AS15)) | AB18: =IF($K18="","",IF($K18=$K16,Y16,Y15)) | AC18: =IF($K18="","",IF($K18=$K16,Z16,Z15)) | AD18: =IF($K18="","",IF($K18=$K16,AA16,AA15)) | AE18: =IF($K18="","",IF($K18=$K16,AB16,AB15)) | AF18: =IF($K18="","",IF($K18=$K16,AC16,AC15)) | AG18: =IF($K18="","",IF($K18=$K16,AD16,AD15)) | AH18: =IF($K18="","",IF($K18=$K16,AV16,AV15)) | AI18: =IF($K18="","",IF($K18=$K16,AH16,AH15)) | AJ18: =IF($K18="","",IF($K18=$K16,AI16,AI15)) | AW18: =_xlfn.IFS(AX18="","",AX18=E18,"主",AX18=F18,"客") | AX18: =IF(说明!$F$11=3,_xlfn.IFS($G18=1,$E18,$G18=2,$F18,$G18=3,(IF(S18+T18=0,"",$E18)),$G18="加",(IF(S18+T18=0,"",$F18))),_xlfn.IFS($G18=1,$E18,$G18=2,$F18,$G18=3,$E18,$G18=4,(IF(S18+T18=0,"",$F18)),$G18=5,(IF(S18+T18=0,"",$E18)),$G18="加",(IF(S18+T18=0,"",$F18)))) | AY18: =_xlfn.IFS(AX18="","",AX18=E18,F18,AX18=F18,E18)
A19: =输入错误检查!A18 -> 0 | B19: 4 | C19: 11 | D19: 16 | E19: ZZZ | F19: RD | G19: 1 | H19: 上 | I19: =IF(K19="","",IF(K19=E19,"主","客")) -> 客 | J19: =IF(K19="","",IF(K19=E19,F19,E19)) -> ZZZ | K19: RD | L19: hajimi | M19: =S19+S20 -> 1 | N19: =T19+T20 -> 8 | O19: =M19+N19 -> 9 | P19: =IF(M19>N19,1,0) -> 0 | Q19: =IF(M19+N19=0,0,IF(M19=N19,1,0)) -> 0 | R19: =IF(M19<N19,1,0) -> 1 | S19: 0 | T19: 5 | U19: =_xlfn.IFS(S19+T19=0,"",S19>T19,IF(I19="主","屠","人"),S19<T19,IF(I19="主","人","屠"),S19=T19,"平") -> 屠 | V19: {=_xlfn.IFS(S19+T19=0,"",S19>T19,IF(I19="主",IF(S19=5,4,3),IF(S19=5,0,1)),S19<T19,IF(I19="主",IF(T19=5,0,1),IF(T19=5,4,3)),S19=T19,2)} -> 4 | W19: 圣心医院 | X19: 永眠镇 | AK19: 机械师 | AL19: 大副 | AP19: 空军 | AQ19: 骑士 | AR19: 心理学家 | AS19: 入殓师 | AT19: 飞行家 | AU19: 园丁 | AV19: 喧嚣 | AW19: =_xlfn.IFS(AX19="","",AX19=E19,"主",AX19=F19,"客") -> 主 | AX19: =IF(说明!$F$11=3,_xlfn.IFS($G19=1,$E19,$G19=2,$F19,$G19=3,(IF(S19+T19=0,"",$E19)),$G19="加",(IF(S19+T19=0,"",$F19))),_xlfn.IFS($G19=1,$E19,$G19=2,$F19,$G19=3,$E19,$G19=4,(IF(S19+T19=0,"",$F19)),$G19=5,(IF(S19+T19=0,"",$E19)),$G19="加",(IF(S19+T19=0,"",$F19)))) -> ZZZ | AY19: =_xlfn.IFS(AX19="","",AX19=E19,F19,AX19=F19,E19) -> RD
A20: =输入错误检查!A19 -> 0 | B20: =B19 -> 4 | C20: =C19 -> 11 | D20: =D19 -> 16 | E20: =E19 -> ZZZ | F20: =F19 -> RD | G20: 1 | H20: 下 | I20: =IF(K20="","",IF(K20=E20,"主","客")) -> 主 | J20: =IF(K20="","",IF(K20=E20,F20,E20)) -> RD | K20: ZZZ | L20: mz | S20: 1 | T20: 3 | U20: =_xlfn.IFS(S20+T20=0,"",S20>T20,IF(I20="主","屠","人"),S20<T20,IF(I20="主","人","屠"),S20=T20,"平") -> 人 | V20: {=_xlfn.IFS(S20+T20=0,"",S20>T20,IF(I20="主",IF(S20=5,4,3),IF(S20=5,0,1)),S20<T20,IF(I20="主",IF(T20=5,0,1),IF(T20=5,4,3)),S20=T20,2)} -> 1 | W20: =IF(W19="","",W19) -> 圣心医院 | X20: =IF(X19="","",X19) -> 永眠镇 | AK20: 空军 | AL20: 机械师 | AP20: 守墓人 | AQ20: 古董商 | AR20: 骑士 | AS20: 飞行家 | AT20: 先知 | AU20: 入殓师 | AV20: 歌剧演员 | AW20: =_xlfn.IFS(AX20="","",AX20=E20,"主",AX20=F20,"客") -> 主 | AX20: =IF(说明!$F$11=3,_xlfn.IFS($G20=1,$E20,$G20=2,$F20,$G20=3,(IF(S20+T20=0,"",$E20)),$G20="加",(IF(S20+T20=0,"",$F20))),_xlfn.IFS($G20=1,$E20,$G20=2,$F20,$G20=3,$E20,$G20=4,(IF(S20+T20=0,"",$F20)),$G20=5,(IF(S20+T20=0,"",$E20)),$G20="加",(IF(S20+T20=0,"",$F20)))) -> ZZZ | AY20: =_xlfn.IFS(AX20="","",AX20=E20,F20,AX20=F20,E20) -> RD
A21: =输入错误检查!A20 -> 0 | B21: =B20 -> 4 | C21: =C20 -> 11 | D21: =D20 -> 16 | E21: =E20 -> ZZZ | F21: =F20 -> RD | G21: 2 | H21: 上 | I21: =IF(K21="","",IF(K21=E21,"主","客")) -> 客 | J21: =IF(K21="","",IF(K21=E21,F21,E21)) -> ZZZ | K21: RD | L21: binbin | M21: =S21+S22 -> 2 | N21: =T21+T22 -> 6 | O21: =M21+N21 -> 8 | P21: =IF(M21>N21,1,0) -> 0 | Q21: =IF(M21+N21=0,0,IF(M21=N21,1,0)) -> 0 | R21: =IF(M21<N21,1,0) -> 1 | S21: 1 | T21: 3 | U21: =_xlfn.IFS(S21+T21=0,"",S21>T21,IF(I21="主","屠","人"),S21<T21,IF(I21="主","人","屠"),S21=T21,"平") -> 屠 | V21: {=_xlfn.IFS(S21+T21=0,"",S21>T21,IF(I21="主",IF(S21=5,4,3),IF(S21=5,0,1)),S21<T21,IF(I21="主",IF(T21=5,0,1),IF(T21=5,4,3)),S21=T21,2)} -> 3 | W21: 月亮河公园 | X21: 湖景村 | Y21: =IF($K21="","",IF($K21=$K19,AP19,AP20)) -> 空军 | Z21: =IF($K21="","",IF($K21=$K19,AQ19,AQ20)) -> 骑士 | AA21: =IF($K21="","",IF($K21=$K19,AS19,AS20)) -> 入殓师 | AH21: =IF($K21="","",IF($K21=$K19,AV19,AV20)) -> 喧嚣 | AK21: 先知 | AL21: 古董商 | AM21: 歌剧演员 | AP21: 舞女 | AQ21: 魔术师 | AR21: 木偶师 | AS21: 机械师 | AT21: 大副 | AU21: 守墓人 | AV21: 跛脚羊 | AW21: =_xlfn.IFS(AX21="","",AX21=E21,"主",AX21=F21,"客") -> 客 | AX21: =IF(说明!$F$11=3,_xlfn.IFS($G21=1,$E21,$G21=2,$F21,$G21=3,(IF(S21+T21=0,"",$E21)),$G21="加",(IF(S21+T21=0,"",$F21))),_xlfn.IFS($G21=1,$E21,$G21=2,$F21,$G21=3,$E21,$G21=4,(IF(S21+T21=0,"",$F21)),$G21=5,(IF(S21+T21=0,"",$E21)),$G21="加",(IF(S21+T21=0,"",$F21)))) -> RD | AY21: =_xlfn.IFS(AX21="","",AX21=E21,F21,AX21=F21,E21) -> ZZZ
A22: =输入错误检查!A21 -> 0 | B22: =B21 -> 4 | C22: =C21 -> 11 | D22: =D21 -> 16 | E22: =E21 -> ZZZ | F22: =F21 -> RD | G22: 2 | H22: 下 | I22: =IF(K22="","",IF(K22=E22,"主","客")) -> 主 | J22: =IF(K22="","",IF(K22=E22,F22,E22)) -> RD | K22: ZZZ | L22: mz | S22: 1 | T22: 3 | U22: =_xlfn.IFS(S22+T22=0,"",S22>T22,IF(I22="主","屠","人"),S22<T22,IF(I22="主","人","屠"),S22=T22,"平") -> 人 | V22: {=_xlfn.IFS(S22+T22=0,"",S22>T22,IF(I22="主",IF(S22=5,4,3),IF(S22=5,0,1)),S22<T22,IF(I22="主",IF(T22=5,0,1),IF(T22=5,4,3)),S22=T22,2)} -> 1 | W22: =IF(W21="","",W21) -> 月亮河公园 | X22: =IF(X21="","",X21) -> 湖景村 | Y22: =IF($K22="","",IF($K22=$K20,AP20,AP19)) -> 守墓人 | Z22: =IF($K22="","",IF($K22=$K20,AQ20,AQ19)) -> 古董商 | AA22: =IF($K22="","",IF($K22=$K20,AS20,AS19)) -> 飞行家 | AH22: =IF($K22="","",IF($K22=$K20,AV20,AV19)) -> 歌剧演员 | AK22: 空军 | AL22: 火灾调查员 | AM22: 喧嚣 | AP22: 大副 | AQ22: 心理学家 | AR22: 入殓师 | AS22: 先知 | AT22: 机械师 | AU22: 教授 | AV22: 记录员 | AW22: =_xlfn.IFS(AX22="","",AX22=E22,"主",AX22=F22,"客") -> 客 | AX22: =IF(说明!$F$11=3,_xlfn.IFS($G22=1,$E22,$G22=2,$F22,$G22=3,(IF(S22+T22=0,"",$E22)),$G22="加",(IF(S22+T22=0,"",$F22))),_xlfn.IFS($G22=1,$E22,$G22=2,$F22,$G22=3,$E22,$G22=4,(IF(S22+T22=0,"",$F22)),$G22=5,(IF(S22+T22=0,"",$E22)),$G22="加",(IF(S22+T22=0,"",$F22)))) -> RD | AY22: =_xlfn.IFS(AX22="","",AX22=E22,F22,AX22=F22,E22) -> ZZZ
A23: =输入错误检查!A22 -> 0 | B23: =B22 -> 4 | C23: =C22 -> 11 | D23: =D22 -> 16 | E23: =E22 -> ZZZ | F23: =F22 -> RD | G23: 3 | H23: 上 | I23: =IF(K23="","",IF(K23=E23,"主","客")) | J23: =IF(K23="","",IF(K23=E23,F23,E23)) | M23: =S23+S24 -> 0 | N23: =T23+T24 -> 0 | O23: =M23+N23 -> 0 | P23: =IF(M23>N23,1,0) -> 0 | Q23: =IF(M23+N23=0,0,IF(M23=N23,1,0)) -> 0 | R23: =IF(M23<N23,1,0) -> 0 | U23: =_xlfn.IFS(S23+T23=0,"",S23>T23,IF(I23="主","屠","人"),S23<T23,IF(I23="主","人","屠"),S23=T23,"平") | V23: {=_xlfn.IFS(S23+T23=0,"",S23>T23,IF(I23="主",IF(S23=5,4,3),IF(S23=5,0,1)),S23<T23,IF(I23="主",IF(T23=5,0,1),IF(T23=5,4,3)),S23=T23,2)} | Y23: =IF($K23="","",IF($K23=$K21,AP21,AP22)) | Z23: =IF($K23="","",IF($K23=$K21,AQ21,AQ22)) | AA23: =IF($K23="","",IF($K23=$K21,AS21,AS22)) | AB23: =IF($K23="","",IF($K23=$K21,Y21,Y22)) | AC23: =IF($K23="","",IF($K23=$K21,Z21,Z22)) | AD23: =IF($K23="","",IF($K23=$K21,AA21,AA22)) | AH23: =IF($K23="","",IF($K23=$K21,AV21,AV22)) | AI23: =IF($K23="","",IF($K23=$K21,AH21,AH22)) | AW23: =_xlfn.IFS(AX23="","",AX23=E23,"主",AX23=F23,"客") | AX23: =IF(说明!$F$11=3,_xlfn.IFS($G23=1,$E23,$G23=2,$F23,$G23=3,(IF(S23+T23=0,"",$E23)),$G23="加",(IF(S23+T23=0,"",$F23))),_xlfn.IFS($G23=1,$E23,$G23=2,$F23,$G23=3,$E23,$G23=4,(IF(S23+T23=0,"",$F23)),$G23=5,(IF(S23+T23=0,"",$E23)),$G23="加",(IF(S23+T23=0,"",$F23)))) | AY23: =_xlfn.IFS(AX23="","",AX23=E23,F23,AX23=F23,E23)
A24: =输入错误检查!A23 -> 0 | B24: =B23 -> 4 | C24: =C23 -> 11 | D24: =D23 -> 16 | E24: =E23 -> ZZZ | F24: =F23 -> RD | G24: 3 | H24: 下 | I24: =IF(K24="","",IF(K24=E24,"主","客")) | J24: =IF(K24="","",IF(K24=E24,F24,E24)) | U24: =_xlfn.IFS(S24+T24=0,"",S24>T24,IF(I24="主","屠","人"),S24<T24,IF(I24="主","人","屠"),S24=T24,"平") | V24: {=_xlfn.IFS(S24+T24=0,"",S24>T24,IF(I24="主",IF(S24=5,4,3),IF(S24=5,0,1)),S24<T24,IF(I24="主",IF(T24=5,0,1),IF(T24=5,4,3)),S24=T24,2)} | X24: =IF(X23="","",X23) | Y24: =IF($K24="","",IF($K24=$K22,AP22,AP21)) | Z24: =IF($K24="","",IF($K24=$K22,AQ22,AQ21)) | AA24: =IF($K24="","",IF($K24=$K22,AS22,AS21)) | AB24: =IF($K24="","",IF($K24=$K22,Y22,Y21)) | AC24: =IF($K24="","",IF($K24=$K22,Z22,Z21)) | AD24: =IF($K24="","",IF($K24=$K22,AA22,AA21)) | AH24: =IF($K24="","",IF($K24=$K22,AV22,AV21)) | AI24: =IF($K24="","",IF($K24=$K22,AH22,AH21)) | AW24: =_xlfn.IFS(AX24="","",AX24=E24,"主",AX24=F24,"客") | AX24: =IF(说明!$F$11=3,_xlfn.IFS($G24=1,$E24,$G24=2,$F24,$G24=3,(IF(S24+T24=0,"",$E24)),$G24="加",(IF(S24+T24=0,"",$F24))),_xlfn.IFS($G24=1,$E24,$G24=2,$F24,$G24=3,$E24,$G24=4,(IF(S24+T24=0,"",$F24)),$G24=5,(IF(S24+T24=0,"",$E24)),$G24="加",(IF(S24+T24=0,"",$F24)))) | AY24: =_xlfn.IFS(AX24="","",AX24=E24,F24,AX24=F24,E24)
A25: =输入错误检查!A24 -> 0 | B25: =B24 -> 4 | C25: =C24 -> 11 | D25: =D24 -> 16 | E25: =E24 -> ZZZ | F25: =F24 -> RD | G25: 加 | H25: 上 | I25: =IF(K25="","",IF(K25=E25,"主","客")) | J25: =IF(K25="","",IF(K25=E25,F25,E25)) | M25: =S25+S26 -> 0 | N25: =T25+T26 -> 0 | O25: =M25+N25 -> 0 | P25: =IF(M25>N25,1,0) -> 0 | Q25: =IF(M25+N25=0,0,IF(M25=N25,1,0)) -> 0 | R25: =IF(M25<N25,1,0) -> 0 | U25: =_xlfn.IFS(S25+T25=0,"",S25>T25,IF(I25="主","屠","人"),S25<T25,IF(I25="主","人","屠"),S25=T25,"平") | V25: {=_xlfn.IFS(S25+T25=0,"",S25>T25,IF(I25="主",IF(S25=5,4,3),IF(S25=5,0,1)),S25<T25,IF(I25="主",IF(T25=5,0,1),IF(T25=5,4,3)),S25=T25,2)} | Y25: =IF($K25="","",IF($K25=$K23,AP23,AP24)) | Z25: =IF($K25="","",IF($K25=$K23,AQ23,AQ24)) | AA25: =IF($K25="","",IF($K25=$K23,AS23,AS24)) | AB25: =IF($K25="","",IF($K25=$K23,Y23,Y24)) | AC25: =IF($K25="","",IF($K25=$K23,Z23,Z24)) | AD25: =IF($K25="","",IF($K25=$K23,AA23,AA24)) | AE25: =IF($K25="","",IF($K25=$K23,AB23,AB24)) | AF25: =IF($K25="","",IF($K25=$K23,AC23,AC24)) | AG25: =IF($K25="","",IF($K25=$K23,AD23,AD24)) | AH25: =IF($K25="","",IF($K25=$K23,AV23,AV24)) | AI25: =IF($K25="","",IF($K25=$K23,AH23,AH24)) | AJ25: =IF($K25="","",IF($K25=$K23,AI23,AI24)) | AW25: =_xlfn.IFS(AX25="","",AX25=E25,"主",AX25=F25,"客") | AX25: =IF(说明!$F$11=3,_xlfn.IFS($G25=1,$E25,$G25=2,$F25,$G25=3,(IF(S25+T25=0,"",$E25)),$G25="加",(IF(S25+T25=0,"",$F25))),_xlfn.IFS($G25=1,$E25,$G25=2,$F25,$G25=3,$E25,$G25=4,(IF(S25+T25=0,"",$F25)),$G25=5,(IF(S25+T25=0,"",$E25)),$G25="加",(IF(S25+T25=0,"",$F25)))) | AY25: =_xlfn.IFS(AX25="","",AX25=E25,F25,AX25=F25,E25)
A26: =输入错误检查!A25 -> 0 | B26: =B25 -> 4 | C26: =C25 -> 11 | D26: =D25 -> 16 | E26: =E25 -> ZZZ | F26: =F25 -> RD | G26: 加 | H26: 下 | I26: =IF(K26="","",IF(K26=E26,"主","客")) | J26: =IF(K26="","",IF(K26=E26,F26,E26)) | U26: =_xlfn.IFS(S26+T26=0,"",S26>T26,IF(I26="主","屠","人"),S26<T26,IF(I26="主","人","屠"),S26=T26,"平") | V26: {=_xlfn.IFS(S26+T26=0,"",S26>T26,IF(I26="主",IF(S26=5,4,3),IF(S26=5,0,1)),S26<T26,IF(I26="主",IF(T26=5,0,1),IF(T26=5,4,3)),S26=T26,2)} | X26: =IF(X25="","",X25) | Y26: =IF($K26="","",IF($K26=$K24,AP24,AP23)) | Z26: =IF($K26="","",IF($K26=$K24,AQ24,AQ23)) | AA26: =IF($K26="","",IF($K26=$K24,AS24,AS23)) | AB26: =IF($K26="","",IF($K26=$K24,Y24,Y23)) | AC26: =IF($K26="","",IF($K26=$K24,Z24,Z23)) | AD26: =IF($K26="","",IF($K26=$K24,AA24,AA23)) | AE26: =IF($K26="","",IF($K26=$K24,AB24,AB23)) | AF26: =IF($K26="","",IF($K26=$K24,AC24,AC23)) | AG26: =IF($K26="","",IF($K26=$K24,AD24,AD23)) | AH26: =IF($K26="","",IF($K26=$K24,AV24,AV23)) | AI26: =IF($K26="","",IF($K26=$K24,AH24,AH23)) | AJ26: =IF($K26="","",IF($K26=$K24,AI24,AI23)) | AW26: =_xlfn.IFS(AX26="","",AX26=E26,"主",AX26=F26,"客") | AX26: =IF(说明!$F$11=3,_xlfn.IFS($G26=1,$E26,$G26=2,$F26,$G26=3,(IF(S26+T26=0,"",$E26)),$G26="加",(IF(S26+T26=0,"",$F26))),_xlfn.IFS($G26=1,$E26,$G26=2,$F26,$G26=3,$E26,$G26=4,(IF(S26+T26=0,"",$F26)),$G26=5,(IF(S26+T26=0,"",$E26)),$G26="加",(IF(S26+T26=0,"",$F26)))) | AY26: =_xlfn.IFS(AX26="","",AX26=E26,F26,AX26=F26,E26)
A27: =输入错误检查!A26 -> 0 | B27: 4 | C27: 11 | D27: 18 | E27: GG | F27: RC | G27: 1 | H27: 上 | I27: =IF(K27="","",IF(K27=E27,"主","客")) -> 主 | J27: =IF(K27="","",IF(K27=E27,F27,E27)) -> RC | K27: GG | L27: xawm | M27: =S27+S28 -> 7 | N27: =T27+T28 -> 2 | O27: =M27+N27 -> 9 | P27: =IF(M27>N27,1,0) -> 1 | Q27: =IF(M27+N27=0,0,IF(M27=N27,1,0)) -> 0 | R27: =IF(M27<N27,1,0) -> 0 | S27: 5 | T27: 0 | U27: =_xlfn.IFS(S27+T27=0,"",S27>T27,IF(I27="主","屠","人"),S27<T27,IF(I27="主","人","屠"),S27=T27,"平") -> 屠 | V27: {=_xlfn.IFS(S27+T27=0,"",S27>T27,IF(I27="主",IF(S27=5,4,3),IF(S27=5,0,1)),S27<T27,IF(I27="主",IF(T27=5,0,1),IF(T27=5,4,3)),S27=T27,2)} -> 4 | W27: 里奥的回忆 | X27: 唐人街 | AK27: 先知 | AL27: 冒险家 | AP27: 祭司 | AQ27: 律师 | AR27: 机械师 | AS27: 大副 | AT27: 古董商 | AU27: 飞行家 | AV27: 跛脚羊 | AW27: =_xlfn.IFS(AX27="","",AX27=E27,"主",AX27=F27,"客") -> 主 | AX27: =IF(说明!$F$11=3,_xlfn.IFS($G27=1,$E27,$G27=2,$F27,$G27=3,(IF(S27+T27=0,"",$E27)),$G27="加",(IF(S27+T27=0,"",$F27))),_xlfn.IFS($G27=1,$E27,$G27=2,$F27,$G27=3,$E27,$G27=4,(IF(S27+T27=0,"",$F27)),$G27=5,(IF(S27+T27=0,"",$E27)),$G27="加",(IF(S27+T27=0,"",$F27)))) -> GG | AY27: =_xlfn.IFS(AX27="","",AX27=E27,F27,AX27=F27,E27) -> RC
A28: =输入错误检查!A27 -> 0 | B28: =B27 -> 4 | C28: =C27 -> 11 | D28: =D27 -> 18 | E28: =E27 -> GG | F28: =F27 -> RC | G28: 1 | H28: 下 | I28: =IF(K28="","",IF(K28=E28,"主","客")) -> 客 | J28: =IF(K28="","",IF(K28=E28,F28,E28)) -> GG | K28: RC | L28: aka | S28: 2 | T28: 2 | U28: =_xlfn.IFS(S28+T28=0,"",S28>T28,IF(I28="主","屠","人"),S28<T28,IF(I28="主","人","屠"),S28=T28,"平") -> 平 | V28: {=_xlfn.IFS(S28+T28=0,"",S28>T28,IF(I28="主",IF(S28=5,4,3),IF(S28=5,0,1)),S28<T28,IF(I28="主",IF(T28=5,0,1),IF(T28=5,4,3)),S28=T28,2)} -> 2 | W28: =IF(W27="","",W27) -> 里奥的回忆 | X28: =IF(X27="","",X27) -> 唐人街 | AK28: 机械师 | AL28: 祭司 | AP28: 冒险家 | AQ28: 大副 | AR28: 入殓师 | AS28: 先知 | AT28: 古董商 | AU28: 心理学家 | AV28: 隐士 | AW28: =_xlfn.IFS(AX28="","",AX28=E28,"主",AX28=F28,"客") -> 主 | AX28: =IF(说明!$F$11=3,_xlfn.IFS($G28=1,$E28,$G28=2,$F28,$G28=3,(IF(S28+T28=0,"",$E28)),$G28="加",(IF(S28+T28=0,"",$F28))),_xlfn.IFS($G28=1,$E28,$G28=2,$F28,$G28=3,$E28,$G28=4,(IF(S28+T28=0,"",$F28)),$G28=5,(IF(S28+T28=0,"",$E28)),$G28="加",(IF(S28+T28=0,"",$F28)))) -> GG | AY28: =_xlfn.IFS(AX28="","",AX28=E28,F28,AX28=F28,E28) -> RC
A29: =输入错误检查!A28 -> 0 | B29: =B28 -> 4 | C29: =C28 -> 11 | D29: =D28 -> 18 | E29: =E28 -> GG | F29: =F28 -> RC | G29: 2 | H29: 上 | I29: =IF(K29="","",IF(K29=E29,"主","客")) -> 主 | J29: =IF(K29="","",IF(K29=E29,F29,E29)) -> RC | K29: GG | L29: xawm | M29: =S29+S30 -> 2 | N29: =T29+T30 -> 7 | O29: =M29+N29 -> 9 | P29: =IF(M29>N29,1,0) -> 0 | Q29: =IF(M29+N29=0,0,IF(M29=N29,1,0)) -> 0 | R29: =IF(M29<N29,1,0) -> 1 | S29: 2 | T29: 2 | U29: =_xlfn.IFS(S29+T29=0,"",S29>T29,IF(I29="主","屠","人"),S29<T29,IF(I29="主","人","屠"),S29=T29,"平") -> 平 | V29: {=_xlfn.IFS(S29+T29=0,"",S29>T29,IF(I29="主",IF(S29=5,4,3),IF(S29=5,0,1)),S29<T29,IF(I29="主",IF(T29=5,0,1),IF(T29=5,4,3)),S29=T29,2)} -> 2 | W29: 永眠镇 | X29: 月亮河公园 | Y29: =IF($K29="","",IF($K29=$K27,AP27,AP28)) -> 祭司 | Z29: =IF($K29="","",IF($K29=$K27,AQ27,AQ28)) -> 律师 | AA29: =IF($K29="","",IF($K29=$K27,AS27,AS28)) -> 大副 | AH29: =IF($K29="","",IF($K29=$K27,AV27,AV28)) -> 跛脚羊 | AK29: 先知 | AL29: 古董商 | AM29: 喧嚣 | AP29: 木偶师 | AQ29: 杂技演员 | AR29: 入殓师 | AS29: 野人 | AT29: 飞行家 | AU29: 幸运儿 | AV29: 歌剧演员 | AW29: =_xlfn.IFS(AX29="","",AX29=E29,"主",AX29=F29,"客") -> 客 | AX29: =IF(说明!$F$11=3,_xlfn.IFS($G29=1,$E29,$G29=2,$F29,$G29=3,(IF(S29+T29=0,"",$E29)),$G29="加",(IF(S29+T29=0,"",$F29))),_xlfn.IFS($G29=1,$E29,$G29=2,$F29,$G29=3,$E29,$G29=4,(IF(S29+T29=0,"",$F29)),$G29=5,(IF(S29+T29=0,"",$E29)),$G29="加",(IF(S29+T29=0,"",$F29)))) -> RC | AY29: =_xlfn.IFS(AX29="","",AX29=E29,F29,AX29=F29,E29) -> GG
A30: =输入错误检查!A29 -> 0 | B30: =B29 -> 4 | C30: =C29 -> 11 | D30: =D29 -> 18 | E30: =E29 -> GG | F30: =F29 -> RC | G30: 2 | H30: 下 | I30: =IF(K30="","",IF(K30=E30,"主","客")) -> 客 | J30: =IF(K30="","",IF(K30=E30,F30,E30)) -> GG | K30: RC | L30: aka | S30: 0 | T30: 5 | U30: =_xlfn.IFS(S30+T30=0,"",S30>T30,IF(I30="主","屠","人"),S30<T30,IF(I30="主","人","屠"),S30=T30,"平") -> 屠 | V30: {=_xlfn.IFS(S30+T30=0,"",S30>T30,IF(I30="主",IF(S30=5,4,3),IF(S30=5,0,1)),S30<T30,IF(I30="主",IF(T30=5,0,1),IF(T30=5,4,3)),S30=T30,2)} -> 4 | W30: =IF(W29="","",W29) -> 永眠镇 | X30: =IF(X29="","",X29) -> 月亮河公园 | Y30: =IF($K30="","",IF($K30=$K28,AP28,AP27)) -> 冒险家 | Z30: =IF($K30="","",IF($K30=$K28,AQ28,AQ27)) -> 大副 | AA30: =IF($K30="","",IF($K30=$K28,AS28,AS27)) -> 先知 | AH30: =IF($K30="","",IF($K30=$K28,AV28,AV27)) -> 隐士 | AK30: 祭司 | AL30: 古董商 | AM30: 跛脚羊 | AP30: 佣兵 | AQ30: 入殓师 | AR30: 火灾调查员 | AS30: 空军 | AT30: 飞行家 | AU30: 心理学家 | AV30: 喧嚣 | AW30: =_xlfn.IFS(AX30="","",AX30=E30,"主",AX30=F30,"客") -> 客 | AX30: =IF(说明!$F$11=3,_xlfn.IFS($G30=1,$E30,$G30=2,$F30,$G30=3,(IF(S30+T30=0,"",$E30)),$G30="加",(IF(S30+T30=0,"",$F30))),_xlfn.IFS($G30=1,$E30,$G30=2,$F30,$G30=3,$E30,$G30=4,(IF(S30+T30=0,"",$F30)),$G30=5,(IF(S30+T30=0,"",$E30)),$G30="加",(IF(S30+T30=0,"",$F30)))) -> RC | AY30: =_xlfn.IFS(AX30="","",AX30=E30,F30,AX30=F30,E30) -> GG
A31: =输入错误检查!A30 -> 0 | B31: =B30 -> 4 | C31: =C30 -> 11 | D31: =D30 -> 18 | E31: =E30 -> GG | F31: =F30 -> RC | G31: 3 | H31: 上 | I31: =IF(K31="","",IF(K31=E31,"主","客")) -> 主 | J31: =IF(K31="","",IF(K31=E31,F31,E31)) -> RC | K31: GG | L31: xawm | M31: =S31+S32 -> 4 | N31: =T31+T32 -> 4 | O31: =M31+N31 -> 8 | P31: =IF(M31>N31,1,0) -> 0 | Q31: =IF(M31+N31=0,0,IF(M31=N31,1,0)) -> 1 | R31: =IF(M31<N31,1,0) -> 0 | S31: 1 | T31: 3 | U31: =_xlfn.IFS(S31+T31=0,"",S31>T31,IF(I31="主","屠","人"),S31<T31,IF(I31="主","人","屠"),S31=T31,"平") -> 人 | V31: {=_xlfn.IFS(S31+T31=0,"",S31>T31,IF(I31="主",IF(S31=5,4,3),IF(S31=5,0,1)),S31<T31,IF(I31="主",IF(T31=5,0,1),IF(T31=5,4,3)),S31=T31,2)} -> 1 | X31: 军工厂 | Y31: =IF($K31="","",IF($K31=$K29,AP29,AP30)) -> 木偶师 | Z31: =IF($K31="","",IF($K31=$K29,AQ29,AQ30)) -> 杂技演员 | AA31: =IF($K31="","",IF($K31=$K29,AS29,AS30)) -> 野人 | AB31: =IF($K31="","",IF($K31=$K29,Y29,Y30)) -> 祭司 | AC31: =IF($K31="","",IF($K31=$K29,Z29,Z30)) -> 律师 | AD31: =IF($K31="","",IF($K31=$K29,AA29,AA30)) -> 大副 | AH31: =IF($K31="","",IF($K31=$K29,AV29,AV30)) -> 歌剧演员 | AI31: =IF($K31="","",IF($K31=$K29,AH29,AH30)) -> 跛脚羊 | AK31: 先知 | AL31: 勘探员 | AM31: 喧嚣 | AN31: 使徒 | AP31: 佣兵 | AQ31: 火灾调查员 | AR31: 空军 | AS31: 冒险家 | AT31: 心理学家 | AU31: 囚徒 | AV31: 时空之影 | AW31: =_xlfn.IFS(AX31="","",AX31=E31,"主",AX31=F31,"客") -> 主 | AX31: =IF(说明!$F$11=3,_xlfn.IFS($G31=1,$E31,$G31=2,$F31,$G31=3,(IF(S31+T31=0,"",$E31)),$G31="加",(IF(S31+T31=0,"",$F31))),_xlfn.IFS($G31=1,$E31,$G31=2,$F31,$G31=3,$E31,$G31=4,(IF(S31+T31=0,"",$F31)),$G31=5,(IF(S31+T31=0,"",$E31)),$G31="加",(IF(S31+T31=0,"",$F31)))) -> GG | AY31: =_xlfn.IFS(AX31="","",AX31=E31,F31,AX31=F31,E31) -> RC
A32: =输入错误检查!A31 -> 0 | B32: =B31 -> 4 | C32: =C31 -> 11 | D32: =D31 -> 18 | E32: =E31 -> GG | F32: =F31 -> RC | G32: 3 | H32: 下 | I32: =IF(K32="","",IF(K32=E32,"主","客")) -> 客 | J32: =IF(K32="","",IF(K32=E32,F32,E32)) -> GG | K32: RC | L32: aka | S32: 3 | T32: 1 | U32: =_xlfn.IFS(S32+T32=0,"",S32>T32,IF(I32="主","屠","人"),S32<T32,IF(I32="主","人","屠"),S32=T32,"平") -> 人 | V32: {=_xlfn.IFS(S32+T32=0,"",S32>T32,IF(I32="主",IF(S32=5,4,3),IF(S32=5,0,1)),S32<T32,IF(I32="主",IF(T32=5,0,1),IF(T32=5,4,3)),S32=T32,2)} -> 1 | X32: =IF(X31="","",X31) -> 军工厂 | Y32: =IF($K32="","",IF($K32=$K30,AP30,AP29)) -> 佣兵 | Z32: =IF($K32="","",IF($K32=$K30,AQ30,AQ29)) -> 入殓师 | AA32: =IF($K32="","",IF($K32=$K30,AS30,AS29)) -> 空军 | AB32: =IF($K32="","",IF($K32=$K30,Y30,Y29)) -> 冒险家 | AC32: =IF($K32="","",IF($K32=$K30,Z30,Z29)) -> 大副 | AD32: =IF($K32="","",IF($K32=$K30,AA30,AA29)) -> 先知 | AH32: =IF($K32="","",IF($K32=$K30,AV30,AV29)) -> 喧嚣 | AI32: =IF($K32="","",IF($K32=$K30,AH30,AH29)) -> 隐士 | AK32: 前锋 | AL32: 勘探员 | AM32: 跛脚羊 | AN32: 时空之影 | AP32: 古董商 | AQ32: 心理学家 | AR32: 火灾调查员 | AS32: 飞行家 | AT32: 哭泣小丑 | AU32: 骑士 | AV32: 使徒 | AW32: =_xlfn.IFS(AX32="","",AX32=E32,"主",AX32=F32,"客") -> 主 | AX32: =IF(说明!$F$11=3,_xlfn.IFS($G32=1,$E32,$G32=2,$F32,$G32=3,(IF(S32+T32=0,"",$E32)),$G32="加",(IF(S32+T32=0,"",$F32))),_xlfn.IFS($G32=1,$E32,$G32=2,$F32,$G32=3,$E32,$G32=4,(IF(S32+T32=0,"",$F32)),$G32=5,(IF(S32+T32=0,"",$E32)),$G32="加",(IF(S32+T32=0,"",$F32)))) -> GG | AY32: =_xlfn.IFS(AX32="","",AX32=E32,F32,AX32=F32,E32) -> RC
A33: =输入错误检查!A32 -> 0 | B33: =B32 -> 4 | C33: =C32 -> 11 | D33: =D32 -> 18 | E33: =E32 -> GG | F33: =F32 -> RC | G33: 加 | H33: 上 | I33: =IF(K33="","",IF(K33=E33,"主","客")) -> 客 | J33: =IF(K33="","",IF(K33=E33,F33,E33)) -> GG | K33: RC | L33: aka | M33: =S33+S34 -> 5 | N33: =T33+T34 -> 3 | O33: =M33+N33 -> 8 | P33: =IF(M33>N33,1,0) -> 1 | Q33: =IF(M33+N33=0,0,IF(M33=N33,1,0)) -> 0 | R33: =IF(M33<N33,1,0) -> 0 | S33: 2 | T33: 2 | U33: =_xlfn.IFS(S33+T33=0,"",S33>T33,IF(I33="主","屠","人"),S33<T33,IF(I33="主","人","屠"),S33=T33,"平") -> 平 | V33: {=_xlfn.IFS(S33+T33=0,"",S33>T33,IF(I33="主",IF(S33=5,4,3),IF(S33=5,0,1)),S33<T33,IF(I33="主",IF(T33=5,0,1),IF(T33=5,4,3)),S33=T33,2)} -> 2 | X33: 永眠镇 | Y33: =IF($K33="","",IF($K33=$K31,AP31,AP32)) -> 古董商 | Z33: =IF($K33="","",IF($K33=$K31,AQ31,AQ32)) -> 心理学家 | AA33: =IF($K33="","",IF($K33=$K31,AS31,AS32)) -> 飞行家 | AB33: =IF($K33="","",IF($K33=$K31,Y31,Y32)) -> 佣兵 | AC33: =IF($K33="","",IF($K33=$K31,Z31,Z32)) -> 入殓师 | AD33: =IF($K33="","",IF($K33=$K31,AA31,AA32)) -> 空军 | AE33: =IF($K33="","",IF($K33=$K31,AB31,AB32)) -> 冒险家 | AF33: =IF($K33="","",IF($K33=$K31,AC31,AC32)) -> 大副 | AG33: =IF($K33="","",IF($K33=$K31,AD31,AD32)) -> 先知 | AH33: =IF($K33="","",IF($K33=$K31,AV31,AV32)) -> 使徒 | AI33: =IF($K33="","",IF($K33=$K31,AH31,AH32)) -> 喧嚣 | AJ33: =IF($K33="","",IF($K33=$K31,AI31,AI32)) -> 隐士 | AK33: 祭司 | AL33: 火灾调查员 | AM33: 跛脚羊 | AN33: 疯眼 | AP33: 野人 | AQ33: 囚徒 | AR33: 勘探员 | AS33: 杂技演员 | AT33: 画家 | AU33: 幸运儿 | AV33: 歌剧演员 | AW33: =_xlfn.IFS(AX33="","",AX33=E33,"主",AX33=F33,"客") -> 客 | AX33: =IF(说明!$F$11=3,_xlfn.IFS($G33=1,$E33,$G33=2,$F33,$G33=3,(IF(S33+T33=0,"",$E33)),$G33="加",(IF(S33+T33=0,"",$F33))),_xlfn.IFS($G33=1,$E33,$G33=2,$F33,$G33=3,$E33,$G33=4,(IF(S33+T33=0,"",$F33)),$G33=5,(IF(S33+T33=0,"",$E33)),$G33="加",(IF(S33+T33=0,"",$F33)))) -> RC | AY33: =_xlfn.IFS(AX33="","",AX33=E33,F33,AX33=F33,E33) -> GG
A34: =输入错误检查!A33 -> 0 | B34: =B33 -> 4 | C34: =C33 -> 11 | D34: =D33 -> 18 | E34: =E33 -> GG | F34: =F33 -> RC | G34: 加 | H34: 下 | I34: =IF(K34="","",IF(K34=E34,"主","客")) -> 主 | J34: =IF(K34="","",IF(K34=E34,F34,E34)) -> RC | K34: GG | L34: xawm | S34: 3 | T34: 1 | U34: =_xlfn.IFS(S34+T34=0,"",S34>T34,IF(I34="主","屠","人"),S34<T34,IF(I34="主","人","屠"),S34=T34,"平") -> 屠 | V34: {=_xlfn.IFS(S34+T34=0,"",S34>T34,IF(I34="主",IF(S34=5,4,3),IF(S34=5,0,1)),S34<T34,IF(I34="主",IF(T34=5,0,1),IF(T34=5,4,3)),S34=T34,2)} -> 3 | X34: =IF(X33="","",X33) -> 永眠镇 | Y34: =IF($K34="","",IF($K34=$K32,AP32,AP31)) -> 佣兵 | Z34: =IF($K34="","",IF($K34=$K32,AQ32,AQ31)) -> 火灾调查员 | AA34: =IF($K34="","",IF($K34=$K32,AS32,AS31)) -> 冒险家 | AB34: =IF($K34="","",IF($K34=$K32,Y32,Y31)) -> 木偶师 | AC34: =IF($K34="","",IF($K34=$K32,Z32,Z31)) -> 杂技演员 | AD34: =IF($K34="","",IF($K34=$K32,AA32,AA31)) -> 野人 | AE34: =IF($K34="","",IF($K34=$K32,AB32,AB31)) -> 祭司 | AF34: =IF($K34="","",IF($K34=$K32,AC32,AC31)) -> 律师 | AG34: =IF($K34="","",IF($K34=$K32,AD32,AD31)) -> 大副 | AH34: =IF($K34="","",IF($K34=$K32,AV32,AV31)) -> 时空之影 | AI34: =IF($K34="","",IF($K34=$K32,AH32,AH31)) -> 歌剧演员 | AJ34: =IF($K34="","",IF($K34=$K32,AI32,AI31)) -> 跛脚羊 | AK34: 机械师 | AL34: 先知 | AM34: 喧嚣 | AN34: 使徒 | AP34: 入殓师 | AQ34: 前锋 | AR34: 心理学家 | AS34: 舞女 | AT34: 飞行家 | AU34: 病患 | AV34: 鹿头 | AW34: =_xlfn.IFS(AX34="","",AX34=E34,"主",AX34=F34,"客") -> 客 | AX34: =IF(说明!$F$11=3,_xlfn.IFS($G34=1,$E34,$G34=2,$F34,$G34=3,(IF(S34+T34=0,"",$E34)),$G34="加",(IF(S34+T34=0,"",$F34))),_xlfn.IFS($G34=1,$E34,$G34=2,$F34,$G34=3,$E34,$G34=4,(IF(S34+T34=0,"",$F34)),$G34=5,(IF(S34+T34=0,"",$E34)),$G34="加",(IF(S34+T34=0,"",$F34)))) -> RC | AY34: =_xlfn.IFS(AX34="","",AX34=E34,F34,AX34=F34,E34) -> GG
A35: =输入错误检查!A34 -> 0 | B35: 4 | C35: 12 | D35: 12 | E35: DOU5 | F35: AWG | G35: 1 | H35: 上 | I35: =IF(K35="","",IF(K35=E35,"主","客")) -> 客 | J35: =IF(K35="","",IF(K35=E35,F35,E35)) -> DOU5 | K35: AWG | L35: brontal | M35: =S35+S36 -> 2 | N35: =T35+T36 -> 7 | O35: =M35+N35 -> 9 | P35: =IF(M35>N35,1,0) -> 0 | Q35: =IF(M35+N35=0,0,IF(M35=N35,1,0)) -> 0 | R35: =IF(M35<N35,1,0) -> 1 | S35: 0 | T35: 5 | U35: =_xlfn.IFS(S35+T35=0,"",S35>T35,IF(I35="主","屠","人"),S35<T35,IF(I35="主","人","屠"),S35=T35,"平") -> 屠 | V35: {=_xlfn.IFS(S35+T35=0,"",S35>T35,IF(I35="主",IF(S35=5,4,3),IF(S35=5,0,1)),S35<T35,IF(I35="主",IF(T35=5,0,1),IF(T35=5,4,3)),S35=T35,2)} -> 4 | W35: 湖景村 | X35: 里奥的回忆 | AK35: 大副 | AL35: 机械师 | AP35: 冒险家 | AQ35: 古董商 | AR35: 空军 | AS35: 飞行家 | AT35: 心理学家 | AU35: 前锋 | AV35: 喧嚣 | AW35: =_xlfn.IFS(AX35="","",AX35=E35,"主",AX35=F35,"客") -> 主 | AX35: =IF(说明!$F$11=3,_xlfn.IFS($G35=1,$E35,$G35=2,$F35,$G35=3,(IF(S35+T35=0,"",$E35)),$G35="加",(IF(S35+T35=0,"",$F35))),_xlfn.IFS($G35=1,$E35,$G35=2,$F35,$G35=3,$E35,$G35=4,(IF(S35+T35=0,"",$F35)),$G35=5,(IF(S35+T35=0,"",$E35)),$G35="加",(IF(S35+T35=0,"",$F35)))) -> DOU5 | AY35: =_xlfn.IFS(AX35="","",AX35=E35,F35,AX35=F35,E35) -> AWG
A36: =输入错误检查!A35 -> 0 | B36: =B35 -> 4 | C36: =C35 -> 12 | D36: =D35 -> 12 | E36: =E35 -> DOU5 | F36: =F35 -> AWG | G36: 1 | H36: 下 | I36: =IF(K36="","",IF(K36=E36,"主","客")) -> 主 | J36: =IF(K36="","",IF(K36=E36,F36,E36)) -> AWG | K36: DOU5 | L36: yan | S36: 2 | T36: 2 | U36: =_xlfn.IFS(S36+T36=0,"",S36>T36,IF(I36="主","屠","人"),S36<T36,IF(I36="主","人","屠"),S36=T36,"平") -> 平 | V36: {=_xlfn.IFS(S36+T36=0,"",S36>T36,IF(I36="主",IF(S36=5,4,3),IF(S36=5,0,1)),S36<T36,IF(I36="主",IF(T36=5,0,1),IF(T36=5,4,3)),S36=T36,2)} -> 2 | W36: 湖景村 | X36: 里奥的回忆 | AK36: 机械师 | AL36: 先知 | AP36: 守墓人 | AQ36: 木偶师 | AR36: 冒险家 | AS36: 咒术师 | AT36: 入殓师 | AU36: 杂技演员 | AV36: 跛脚羊 | AW36: =_xlfn.IFS(AX36="","",AX36=E36,"主",AX36=F36,"客") -> 主 | AX36: =IF(说明!$F$11=3,_xlfn.IFS($G36=1,$E36,$G36=2,$F36,$G36=3,(IF(S36+T36=0,"",$E36)),$G36="加",(IF(S36+T36=0,"",$F36))),_xlfn.IFS($G36=1,$E36,$G36=2,$F36,$G36=3,$E36,$G36=4,(IF(S36+T36=0,"",$F36)),$G36=5,(IF(S36+T36=0,"",$E36)),$G36="加",(IF(S36+T36=0,"",$F36)))) -> DOU5 | AY36: =_xlfn.IFS(AX36="","",AX36=E36,F36,AX36=F36,E36) -> AWG
A37: =输入错误检查!A36 -> 0 | B37: =B36 -> 4 | C37: =C36 -> 12 | D37: =D36 -> 12 | E37: =E36 -> DOU5 | F37: =F36 -> AWG | G37: 2 | H37: 上 | I37: =IF(K37="","",IF(K37=E37,"主","客")) -> 主 | J37: =IF(K37="","",IF(K37=E37,F37,E37)) -> AWG | K37: DOU5 | L37: yan | M37: =S37+S38 -> 3 | N37: =T37+T38 -> 5 | O37: =M37+N37 -> 8 | P37: =IF(M37>N37,1,0) -> 0 | Q37: =IF(M37+N37=0,0,IF(M37=N37,1,0)) -> 0 | R37: =IF(M37<N37,1,0) -> 1 | S37: 1 | T37: 3 | U37: =_xlfn.IFS(S37+T37=0,"",S37>T37,IF(I37="主","屠","人"),S37<T37,IF(I37="主","人","屠"),S37=T37,"平") -> 人 | V37: {=_xlfn.IFS(S37+T37=0,"",S37>T37,IF(I37="主",IF(S37=5,4,3),IF(S37=5,0,1)),S37<T37,IF(I37="主",IF(T37=5,0,1),IF(T37=5,4,3)),S37=T37,2)} -> 1 | W37: 唐人街 | X37: 月亮河公园 | Y37: =IF($K37="","",IF($K37=$K35,AP35,AP36)) -> 守墓人 | Z37: =IF($K37="","",IF($K37=$K35,AQ35,AQ36)) -> 木偶师 | AA37: =IF($K37="","",IF($K37=$K35,AS35,AS36)) -> 咒术师 | AH37: =IF($K37="","",IF($K37=$K35,AV35,AV36)) -> 跛脚羊 | AK37: 先知 | AL37: 空军 | AM37: 喧嚣 | AP37: 大副 | AQ37: 古董商 | AR37: 火灾调查员 | AS37: 飞行家 | AT37: 入殓师 | AU37: 心理学家 | AV37: 时空之影 | AW37: =_xlfn.IFS(AX37="","",AX37=E37,"主",AX37=F37,"客") -> 客 | AX37: =IF(说明!$F$11=3,_xlfn.IFS($G37=1,$E37,$G37=2,$F37,$G37=3,(IF(S37+T37=0,"",$E37)),$G37="加",(IF(S37+T37=0,"",$F37))),_xlfn.IFS($G37=1,$E37,$G37=2,$F37,$G37=3,$E37,$G37=4,(IF(S37+T37=0,"",$F37)),$G37=5,(IF(S37+T37=0,"",$E37)),$G37="加",(IF(S37+T37=0,"",$F37)))) -> AWG | AY37: =_xlfn.IFS(AX37="","",AX37=E37,F37,AX37=F37,E37) -> DOU5
A38: =输入错误检查!A37 -> 0 | B38: =B37 -> 4 | C38: =C37 -> 12 | D38: =D37 -> 12 | E38: =E37 -> DOU5 | F38: =F37 -> AWG | G38: 2 | H38: 下 | I38: =IF(K38="","",IF(K38=E38,"主","客")) -> 客 | J38: =IF(K38="","",IF(K38=E38,F38,E38)) -> DOU5 | K38: AWG | L38: brontal | S38: 2 | T38: 2 | U38: =_xlfn.IFS(S38+T38=0,"",S38>T38,IF(I38="主","屠","人"),S38<T38,IF(I38="主","人","屠"),S38=T38,"平") -> 平 | V38: {=_xlfn.IFS(S38+T38=0,"",S38>T38,IF(I38="主",IF(S38=5,4,3),IF(S38=5,0,1)),S38<T38,IF(I38="主",IF(T38=5,0,1),IF(T38=5,4,3)),S38=T38,2)} -> 2 | W38: 唐人街 | X38: 月亮河公园 | Y38: =IF($K38="","",IF($K38=$K36,AP36,AP35)) -> 冒险家 | Z38: =IF($K38="","",IF($K38=$K36,AQ36,AQ35)) -> 古董商 | AA38: =IF($K38="","",IF($K38=$K36,AS36,AS35)) -> 飞行家 | AH38: =IF($K38="","",IF($K38=$K36,AV36,AV35)) -> 喧嚣 | AK38: 空军 | AL38: 祭司 | AM38: 跛脚羊 | AP38: 病患 | AQ38: 野人 | AR38: 先知 | AS38: 调酒师 | AT38: 骑士 | AU38: 杂技演员 | AV38: 歌剧演员 | AW38: =_xlfn.IFS(AX38="","",AX38=E38,"主",AX38=F38,"客") -> 客 | AX38: =IF(说明!$F$11=3,_xlfn.IFS($G38=1,$E38,$G38=2,$F38,$G38=3,(IF(S38+T38=0,"",$E38)),$G38="加",(IF(S38+T38=0,"",$F38))),_xlfn.IFS($G38=1,$E38,$G38=2,$F38,$G38=3,$E38,$G38=4,(IF(S38+T38=0,"",$F38)),$G38=5,(IF(S38+T38=0,"",$E38)),$G38="加",(IF(S38+T38=0,"",$F38)))) -> AWG | AY38: =_xlfn.IFS(AX38="","",AX38=E38,F38,AX38=F38,E38) -> DOU5
A39: =输入错误检查!A38 -> 0 | B39: =B38 -> 4 | C39: =C38 -> 12 | D39: =D38 -> 12 | E39: =E38 -> DOU5 | F39: =F38 -> AWG | G39: 3 | H39: 上 | I39: =IF(K39="","",IF(K39=E39,"主","客")) | J39: =IF(K39="","",IF(K39=E39,F39,E39)) | M39: =S39+S40 -> 0 | N39: =T39+T40 -> 0 | O39: =M39+N39 -> 0 | P39: =IF(M39>N39,1,0) -> 0 | Q39: =IF(M39+N39=0,0,IF(M39=N39,1,0)) -> 0 | R39: =IF(M39<N39,1,0) -> 0 | U39: =_xlfn.IFS(S39+T39=0,"",S39>T39,IF(I39="主","屠","人"),S39<T39,IF(I39="主","人","屠"),S39=T39,"平") | V39: {=_xlfn.IFS(S39+T39=0,"",S39>T39,IF(I39="主",IF(S39=5,4,3),IF(S39=5,0,1)),S39<T39,IF(I39="主",IF(T39=5,0,1),IF(T39=5,4,3)),S39=T39,2)} | Y39: =IF($K39="","",IF($K39=$K37,AP37,AP38)) | Z39: =IF($K39="","",IF($K39=$K37,AQ37,AQ38)) | AA39: =IF($K39="","",IF($K39=$K37,AS37,AS38)) | AB39: =IF($K39="","",IF($K39=$K37,Y37,Y38)) | AC39: =IF($K39="","",IF($K39=$K37,Z37,Z38)) | AD39: =IF($K39="","",IF($K39=$K37,AA37,AA38)) | AH39: =IF($K39="","",IF($K39=$K37,AV37,AV38)) | AI39: =IF($K39="","",IF($K39=$K37,AH37,AH38)) | AW39: =_xlfn.IFS(AX39="","",AX39=E39,"主",AX39=F39,"客") | AX39: =IF(说明!$F$11=3,_xlfn.IFS($G39=1,$E39,$G39=2,$F39,$G39=3,(IF(S39+T39=0,"",$E39)),$G39="加",(IF(S39+T39=0,"",$F39))),_xlfn.IFS($G39=1,$E39,$G39=2,$F39,$G39=3,$E39,$G39=4,(IF(S39+T39=0,"",$F39)),$G39=5,(IF(S39+T39=0,"",$E39)),$G39="加",(IF(S39+T39=0,"",$F39)))) | AY39: =_xlfn.IFS(AX39="","",AX39=E39,F39,AX39=F39,E39)
A40: =输入错误检查!A39 -> 0 | B40: =B39 -> 4 | C40: =C39 -> 12 | D40: =D39 -> 12 | E40: =E39 -> DOU5 | F40: =F39 -> AWG | G40: 3 | H40: 下 | I40: =IF(K40="","",IF(K40=E40,"主","客")) | J40: =IF(K40="","",IF(K40=E40,F40,E40)) | U40: =_xlfn.IFS(S40+T40=0,"",S40>T40,IF(I40="主","屠","人"),S40<T40,IF(I40="主","人","屠"),S40=T40,"平") | V40: {=_xlfn.IFS(S40+T40=0,"",S40>T40,IF(I40="主",IF(S40=5,4,3),IF(S40=5,0,1)),S40<T40,IF(I40="主",IF(T40=5,0,1),IF(T40=5,4,3)),S40=T40,2)} | Y40: =IF($K40="","",IF($K40=$K38,AP38,AP37)) | Z40: =IF($K40="","",IF($K40=$K38,AQ38,AQ37)) | AA40: =IF($K40="","",IF($K40=$K38,AS38,AS37)) | AB40: =IF($K40="","",IF($K40=$K38,Y38,Y37)) | AC40: =IF($K40="","",IF($K40=$K38,Z38,Z37)) | AD40: =IF($K40="","",IF($K40=$K38,AA38,AA37)) | AH40: =IF($K40="","",IF($K40=$K38,AV38,AV37)) | AI40: =IF($K40="","",IF($K40=$K38,AH38,AH37)) | AW40: =_xlfn.IFS(AX40="","",AX40=E40,"主",AX40=F40,"客") | AX40: =IF(说明!$F$11=3,_xlfn.IFS($G40=1,$E40,$G40=2,$F40,$G40=3,(IF(S40+T40=0,"",$E40)),$G40="加",(IF(S40+T40=0,"",$F40))),_xlfn.IFS($G40=1,$E40,$G40=2,$F40,$G40=3,$E40,$G40=4,(IF(S40+T40=0,"",$F40)),$G40=5,(IF(S40+T40=0,"",$E40)),$G40="加",(IF(S40+T40=0,"",$F40)))) | AY40: =_xlfn.IFS(AX40="","",AX40=E40,F40,AX40=F40,E40)
A41: =输入错误检查!A40 -> 0 | B41: =B40 -> 4 | C41: =C40 -> 12 | D41: =D40 -> 12 | E41: =E40 -> DOU5 | F41: =F40 -> AWG | G41: 加 | H41: 上 | I41: =IF(K41="","",IF(K41=E41,"主","客")) | J41: =IF(K41="","",IF(K41=E41,F41,E41)) | M41: =S41+S42 -> 0 | N41: =T41+T42 -> 0 | O41: =M41+N41 -> 0 | P41: =IF(M41>N41,1,0) -> 0 | Q41: =IF(M41+N41=0,0,IF(M41=N41,1,0)) -> 0 | R41: =IF(M41<N41,1,0) -> 0 | U41: =_xlfn.IFS(S41+T41=0,"",S41>T41,IF(I41="主","屠","人"),S41<T41,IF(I41="主","人","屠"),S41=T41,"平") | V41: {=_xlfn.IFS(S41+T41=0,"",S41>T41,IF(I41="主",IF(S41=5,4,3),IF(S41=5,0,1)),S41<T41,IF(I41="主",IF(T41=5,0,1),IF(T41=5,4,3)),S41=T41,2)} | Y41: =IF($K41="","",IF($K41=$K39,AP39,AP40)) | Z41: =IF($K41="","",IF($K41=$K39,AQ39,AQ40)) | AA41: =IF($K41="","",IF($K41=$K39,AS39,AS40)) | AB41: =IF($K41="","",IF($K41=$K39,Y39,Y40)) | AC41: =IF($K41="","",IF($K41=$K39,Z39,Z40)) | AD41: =IF($K41="","",IF($K41=$K39,AA39,AA40)) | AE41: =IF($K41="","",IF($K41=$K39,AB39,AB40)) | AF41: =IF($K41="","",IF($K41=$K39,AC39,AC40)) | AG41: =IF($K41="","",IF($K41=$K39,AD39,AD40)) | AH41: =IF($K41="","",IF($K41=$K39,AV39,AV40)) | AI41: =IF($K41="","",IF($K41=$K39,AH39,AH40)) | AJ41: =IF($K41="","",IF($K41=$K39,AI39,AI40)) | AW41: =_xlfn.IFS(AX41="","",AX41=E41,"主",AX41=F41,"客") | AX41: =IF(说明!$F$11=3,_xlfn.IFS($G41=1,$E41,$G41=2,$F41,$G41=3,(IF(S41+T41=0,"",$E41)),$G41="加",(IF(S41+T41=0,"",$F41))),_xlfn.IFS($G41=1,$E41,$G41=2,$F41,$G41=3,$E41,$G41=4,(IF(S41+T41=0,"",$F41)),$G41=5,(IF(S41+T41=0,"",$E41)),$G41="加",(IF(S41+T41=0,"",$F41)))) | AY41: =_xlfn.IFS(AX41="","",AX41=E41,F41,AX41=F41,E41)
A42: =输入错误检查!A41 -> 0 | B42: =B41 -> 4 | C42: =C41 -> 12 | D42: =D41 -> 12 | E42: =E41 -> DOU5 | F42: =F41 -> AWG | G42: 加 | H42: 下 | I42: =IF(K42="","",IF(K42=E42,"主","客")) | J42: =IF(K42="","",IF(K42=E42,F42,E42)) | U42: =_xlfn.IFS(S42+T42=0,"",S42>T42,IF(I42="主","屠","人"),S42<T42,IF(I42="主","人","屠"),S42=T42,"平") | V42: {=_xlfn.IFS(S42+T42=0,"",S42>T42,IF(I42="主",IF(S42=5,4,3),IF(S42=5,0,1)),S42<T42,IF(I42="主",IF(T42=5,0,1),IF(T42=5,4,3)),S42=T42,2)} | Y42: =IF($K42="","",IF($K42=$K40,AP40,AP39)) | Z42: =IF($K42="","",IF($K42=$K40,AQ40,AQ39)) | AA42: =IF($K42="","",IF($K42=$K40,AS40,AS39)) | AB42: =IF($K42="","",IF($K42=$K40,Y40,Y39)) | AC42: =IF($K42="","",IF($K42=$K40,Z40,Z39)) | AD42: =IF($K42="","",IF($K42=$K40,AA40,AA39)) | AE42: =IF($K42="","",IF($K42=$K40,AB40,AB39)) | AF42: =IF($K42="","",IF($K42=$K40,AC40,AC39)) | AG42: =IF($K42="","",IF($K42=$K40,AD40,AD39)) | AH42: =IF($K42="","",IF($K42=$K40,AV40,AV39)) | AI42: =IF($K42="","",IF($K42=$K40,AH40,AH39)) | AJ42: =IF($K42="","",IF($K42=$K40,AI40,AI39)) | AW42: =_xlfn.IFS(AX42="","",AX42=E42,"主",AX42=F42,"客") | AX42: =IF(说明!$F$11=3,_xlfn.IFS($G42=1,$E42,$G42=2,$F42,$G42=3,(IF(S42+T42=0,"",$E42)),$G42="加",(IF(S42+T42=0,"",$F42))),_xlfn.IFS($G42=1,$E42,$G42=2,$F42,$G42=3,$E42,$G42=4,(IF(S42+T42=0,"",$F42)),$G42=5,(IF(S42+T42=0,"",$E42)),$G42="加",(IF(S42+T42=0,"",$F42)))) | AY42: =_xlfn.IFS(AX42="","",AX42=E42,F42,AX42=F42,E42)
A43: =输入错误检查!A42 -> 0 | B43: 4 | C43: 12 | D43: 14 | E43: WOLVES | F43: OMNI | G43: 1 | H43: 上 | I43: =IF(K43="","",IF(K43=E43,"主","客")) -> 主 | J43: =IF(K43="","",IF(K43=E43,F43,E43)) -> OMNI | K43: WOLVES | L43: choai | M43: =S43+S44 -> 8 | N43: =T43+T44 -> 1 | O43: =M43+N43 -> 9 | P43: =IF(M43>N43,1,0) -> 1 | Q43: =IF(M43+N43=0,0,IF(M43=N43,1,0)) -> 0 | R43: =IF(M43<N43,1,0) -> 0 | S43: 5 | T43: 0 | U43: =_xlfn.IFS(S43+T43=0,"",S43>T43,IF(I43="主","屠","人"),S43<T43,IF(I43="主","人","屠"),S43=T43,"平") -> 屠 | V43: {=_xlfn.IFS(S43+T43=0,"",S43>T43,IF(I43="主",IF(S43=5,4,3),IF(S43=5,0,1)),S43<T43,IF(I43="主",IF(T43=5,0,1),IF(T43=5,4,3)),S43=T43,2)} -> 4 | W43: 军工厂 | X43: 永眠镇 | AK43: 机械师 | AL43: 先知 | AP43: 大副 | AQ43: 心理学家 | AR43: 古董商 | AS43: 杂技演员 | AT43: 木偶师 | AU43: 飞行家 | AV43: 跛脚羊 | AW43: =_xlfn.IFS(AX43="","",AX43=E43,"主",AX43=F43,"客") -> 主 | AX43: =IF(说明!$F$11=3,_xlfn.IFS($G43=1,$E43,$G43=2,$F43,$G43=3,(IF(S43+T43=0,"",$E43)),$G43="加",(IF(S43+T43=0,"",$F43))),_xlfn.IFS($G43=1,$E43,$G43=2,$F43,$G43=3,$E43,$G43=4,(IF(S43+T43=0,"",$F43)),$G43=5,(IF(S43+T43=0,"",$E43)),$G43="加",(IF(S43+T43=0,"",$F43)))) -> WOLVES | AY43: =_xlfn.IFS(AX43="","",AX43=E43,F43,AX43=F43,E43) -> OMNI
A44: =输入错误检查!A43 -> 0 | B44: =B43 -> 4 | C44: =C43 -> 12 | D44: =D43 -> 14 | E44: =E43 -> WOLVES | F44: =F43 -> OMNI | G44: 1 | H44: 下 | I44: =IF(K44="","",IF(K44=E44,"主","客")) -> 客 | J44: =IF(K44="","",IF(K44=E44,F44,E44)) -> WOLVES | K44: OMNI | L44: pitstoper | S44: 3 | T44: 1 | U44: =_xlfn.IFS(S44+T44=0,"",S44>T44,IF(I44="主","屠","人"),S44<T44,IF(I44="主","人","屠"),S44=T44,"平") -> 人 | V44: {=_xlfn.IFS(S44+T44=0,"",S44>T44,IF(I44="主",IF(S44=5,4,3),IF(S44=5,0,1)),S44<T44,IF(I44="主",IF(T44=5,0,1),IF(T44=5,4,3)),S44=T44,2)} -> 1 | W44: =IF(W43="","",W43) -> 军工厂 | X44: =IF(X43="","",X43) -> 永眠镇 | AK44: 先知 | AL44: 大副 | AP44: 守墓人 | AQ44: 木偶师 | AR44: 飞行家 | AS44: 杂技演员 | AT44: 心理学家 | AU44: 祭司 | AV44: 时空之影 | AW44: =_xlfn.IFS(AX44="","",AX44=E44,"主",AX44=F44,"客") -> 主 | AX44: =IF(说明!$F$11=3,_xlfn.IFS($G44=1,$E44,$G44=2,$F44,$G44=3,(IF(S44+T44=0,"",$E44)),$G44="加",(IF(S44+T44=0,"",$F44))),_xlfn.IFS($G44=1,$E44,$G44=2,$F44,$G44=3,$E44,$G44=4,(IF(S44+T44=0,"",$F44)),$G44=5,(IF(S44+T44=0,"",$E44)),$G44="加",(IF(S44+T44=0,"",$F44)))) -> WOLVES | AY44: =_xlfn.IFS(AX44="","",AX44=E44,F44,AX44=F44,E44) -> OMNI
A45: =输入错误检查!A44 -> 0 | B45: =B44 -> 4 | C45: =C44 -> 12 | D45: =D44 -> 14 | E45: =E44 -> WOLVES | F45: =F44 -> OMNI | G45: 2 | H45: 上 | I45: =IF(K45="","",IF(K45=E45,"主","客")) -> 主 | J45: =IF(K45="","",IF(K45=E45,F45,E45)) -> OMNI | K45: WOLVES | L45: choai | M45: =S45+S46 -> 6 | N45: =T45+T46 -> 3 | O45: =M45+N45 -> 9 | P45: =IF(M45>N45,1,0) -> 1 | Q45: =IF(M45+N45=0,0,IF(M45=N45,1,0)) -> 0 | R45: =IF(M45<N45,1,0) -> 0 | S45: 5 | T45: 0 | U45: =_xlfn.IFS(S45+T45=0,"",S45>T45,IF(I45="主","屠","人"),S45<T45,IF(I45="主","人","屠"),S45=T45,"平") -> 屠 | V45: {=_xlfn.IFS(S45+T45=0,"",S45>T45,IF(I45="主",IF(S45=5,4,3),IF(S45=5,0,1)),S45<T45,IF(I45="主",IF(T45=5,0,1),IF(T45=5,4,3)),S45=T45,2)} -> 4 | W45: 圣心医院 | X45: 红教堂 | Y45: =IF($K45="","",IF($K45=$K43,AP43,AP44)) -> 大副 | Z45: =IF($K45="","",IF($K45=$K43,AQ43,AQ44)) -> 心理学家 | AA45: =IF($K45="","",IF($K45=$K43,AS43,AS44)) -> 杂技演员 | AH45: =IF($K45="","",IF($K45=$K43,AV43,AV44)) -> 跛脚羊 | AK45: 先知 | AL45: 古董商 | AM45: 喧嚣 | AP45: 小说家 | AQ45: 木偶师 | AR45: 骑士 | AS45: 园丁 | AT45: 野人 | AU45: 守墓人 | AV45: 时空之影 | AW45: =_xlfn.IFS(AX45="","",AX45=E45,"主",AX45=F45,"客") -> 客 | AX45: =IF(说明!$F$11=3,_xlfn.IFS($G45=1,$E45,$G45=2,$F45,$G45=3,(IF(S45+T45=0,"",$E45)),$G45="加",(IF(S45+T45=0,"",$F45))),_xlfn.IFS($G45=1,$E45,$G45=2,$F45,$G45=3,$E45,$G45=4,(IF(S45+T45=0,"",$F45)),$G45=5,(IF(S45+T45=0,"",$E45)),$G45="加",(IF(S45+T45=0,"",$F45)))) -> OMNI | AY45: =_xlfn.IFS(AX45="","",AX45=E45,F45,AX45=F45,E45) -> WOLVES
A46: =输入错误检查!A45 -> 0 | B46: =B45 -> 4 | C46: =C45 -> 12 | D46: =D45 -> 14 | E46: =E45 -> WOLVES | F46: =F45 -> OMNI | G46: 2 | H46: 下 | I46: =IF(K46="","",IF(K46=E46,"主","客")) -> 客 | J46: =IF(K46="","",IF(K46=E46,F46,E46)) -> WOLVES | K46: OMNI | L46: pitstoper | S46: 1 | T46: 3 | U46: =_xlfn.IFS(S46+T46=0,"",S46>T46,IF(I46="主","屠","人"),S46<T46,IF(I46="主","人","屠"),S46=T46,"平") -> 屠 | V46: {=_xlfn.IFS(S46+T46=0,"",S46>T46,IF(I46="主",IF(S46=5,4,3),IF(S46=5,0,1)),S46<T46,IF(I46="主",IF(T46=5,0,1),IF(T46=5,4,3)),S46=T46,2)} -> 3 | W46: =IF(W45="","",W45) -> 圣心医院 | X46: =IF(X45="","",X45) -> 红教堂 | Y46: =IF($K46="","",IF($K46=$K44,AP44,AP43)) -> 守墓人 | Z46: =IF($K46="","",IF($K46=$K44,AQ44,AQ43)) -> 木偶师 | AA46: =IF($K46="","",IF($K46=$K44,AS44,AS43)) -> 杂技演员 | AH46: =IF($K46="","",IF($K46=$K44,AV44,AV43)) -> 时空之影 | AK46: 机械师 | AL46: 大副 | AM46: 喧嚣 | AP46: 先知 | AQ46: 古董商 | AR46: 心理学家 | AS46: 野人 | AT46: 飞行家 | AU46: 入殓师 | AV46: 跛脚羊 | AW46: =_xlfn.IFS(AX46="","",AX46=E46,"主",AX46=F46,"客") -> 客 | AX46: =IF(说明!$F$11=3,_xlfn.IFS($G46=1,$E46,$G46=2,$F46,$G46=3,(IF(S46+T46=0,"",$E46)),$G46="加",(IF(S46+T46=0,"",$F46))),_xlfn.IFS($G46=1,$E46,$G46=2,$F46,$G46=3,$E46,$G46=4,(IF(S46+T46=0,"",$F46)),$G46=5,(IF(S46+T46=0,"",$E46)),$G46="加",(IF(S46+T46=0,"",$F46)))) -> OMNI | AY46: =_xlfn.IFS(AX46="","",AX46=E46,F46,AX46=F46,E46) -> WOLVES
A47: =输入错误检查!A46 -> 0 | B47: =B46 -> 4 | C47: =C46 -> 12 | D47: =D46 -> 14 | E47: =E46 -> WOLVES | F47: =F46 -> OMNI | G47: 3 | H47: 上 | I47: =IF(K47="","",IF(K47=E47,"主","客")) | J47: =IF(K47="","",IF(K47=E47,F47,E47)) | M47: =S47+S48 -> 0 | N47: =T47+T48 -> 0 | O47: =M47+N47 -> 0 | P47: =IF(M47>N47,1,0) -> 0 | Q47: =IF(M47+N47=0,0,IF(M47=N47,1,0)) -> 0 | R47: =IF(M47<N47,1,0) -> 0 | U47: =_xlfn.IFS(S47+T47=0,"",S47>T47,IF(I47="主","屠","人"),S47<T47,IF(I47="主","人","屠"),S47=T47,"平") | V47: {=_xlfn.IFS(S47+T47=0,"",S47>T47,IF(I47="主",IF(S47=5,4,3),IF(S47=5,0,1)),S47<T47,IF(I47="主",IF(T47=5,0,1),IF(T47=5,4,3)),S47=T47,2)} | Y47: =IF($K47="","",IF($K47=$K45,AP45,AP46)) | Z47: =IF($K47="","",IF($K47=$K45,AQ45,AQ46)) | AA47: =IF($K47="","",IF($K47=$K45,AS45,AS46)) | AB47: =IF($K47="","",IF($K47=$K45,Y45,Y46)) | AC47: =IF($K47="","",IF($K47=$K45,Z45,Z46)) | AD47: =IF($K47="","",IF($K47=$K45,AA45,AA46)) | AH47: =IF($K47="","",IF($K47=$K45,AV45,AV46)) | AI47: =IF($K47="","",IF($K47=$K45,AH45,AH46)) | AW47: =_xlfn.IFS(AX47="","",AX47=E47,"主",AX47=F47,"客") | AX47: =IF(说明!$F$11=3,_xlfn.IFS($G47=1,$E47,$G47=2,$F47,$G47=3,(IF(S47+T47=0,"",$E47)),$G47="加",(IF(S47+T47=0,"",$F47))),_xlfn.IFS($G47=1,$E47,$G47=2,$F47,$G47=3,$E47,$G47=4,(IF(S47+T47=0,"",$F47)),$G47=5,(IF(S47+T47=0,"",$E47)),$G47="加",(IF(S47+T47=0,"",$F47)))) | AY47: =_xlfn.IFS(AX47="","",AX47=E47,F47,AX47=F47,E47)
A48: =输入错误检查!A47 -> 0 | B48: =B47 -> 4 | C48: =C47 -> 12 | D48: =D47 -> 14 | E48: =E47 -> WOLVES | F48: =F47 -> OMNI | G48: 3 | H48: 下 | I48: =IF(K48="","",IF(K48=E48,"主","客")) | J48: =IF(K48="","",IF(K48=E48,F48,E48)) | U48: =_xlfn.IFS(S48+T48=0,"",S48>T48,IF(I48="主","屠","人"),S48<T48,IF(I48="主","人","屠"),S48=T48,"平") | V48: {=_xlfn.IFS(S48+T48=0,"",S48>T48,IF(I48="主",IF(S48=5,4,3),IF(S48=5,0,1)),S48<T48,IF(I48="主",IF(T48=5,0,1),IF(T48=5,4,3)),S48=T48,2)} | X48: =IF(X47="","",X47) | Y48: =IF($K48="","",IF($K48=$K46,AP46,AP45)) | Z48: =IF($K48="","",IF($K48=$K46,AQ46,AQ45)) | AA48: =IF($K48="","",IF($K48=$K46,AS46,AS45)) | AB48: =IF($K48="","",IF($K48=$K46,Y46,Y45)) | AC48: =IF($K48="","",IF($K48=$K46,Z46,Z45)) | AD48: =IF($K48="","",IF($K48=$K46,AA46,AA45)) | AH48: =IF($K48="","",IF($K48=$K46,AV46,AV45)) | AI48: =IF($K48="","",IF($K48=$K46,AH46,AH45)) | AW48: =_xlfn.IFS(AX48="","",AX48=E48,"主",AX48=F48,"客") | AX48: =IF(说明!$F$11=3,_xlfn.IFS($G48=1,$E48,$G48=2,$F48,$G48=3,(IF(S48+T48=0,"",$E48)),$G48="加",(IF(S48+T48=0,"",$F48))),_xlfn.IFS($G48=1,$E48,$G48=2,$F48,$G48=3,$E48,$G48=4,(IF(S48+T48=0,"",$F48)),$G48=5,(IF(S48+T48=0,"",$E48)),$G48="加",(IF(S48+T48=0,"",$F48)))) | AY48: =_xlfn.IFS(AX48="","",AX48=E48,F48,AX48=F48,E48)
A49: =输入错误检查!A48 -> 0 | B49: =B48 -> 4 | C49: =C48 -> 12 | D49: =D48 -> 14 | E49: =E48 -> WOLVES | F49: =F48 -> OMNI | G49: 加 | H49: 上 | I49: =IF(K49="","",IF(K49=E49,"主","客")) | J49: =IF(K49="","",IF(K49=E49,F49,E49)) | M49: =S49+S50 -> 0 | N49: =T49+T50 -> 0 | O49: =M49+N49 -> 0 | P49: =IF(M49>N49,1,0) -> 0 | Q49: =IF(M49+N49=0,0,IF(M49=N49,1,0)) -> 0 | R49: =IF(M49<N49,1,0) -> 0 | U49: =_xlfn.IFS(S49+T49=0,"",S49>T49,IF(I49="主","屠","人"),S49<T49,IF(I49="主","人","屠"),S49=T49,"平") | V49: {=_xlfn.IFS(S49+T49=0,"",S49>T49,IF(I49="主",IF(S49=5,4,3),IF(S49=5,0,1)),S49<T49,IF(I49="主",IF(T49=5,0,1),IF(T49=5,4,3)),S49=T49,2)} | Y49: =IF($K49="","",IF($K49=$K47,AP47,AP48)) | Z49: =IF($K49="","",IF($K49=$K47,AQ47,AQ48)) | AA49: =IF($K49="","",IF($K49=$K47,AS47,AS48)) | AB49: =IF($K49="","",IF($K49=$K47,Y47,Y48)) | AC49: =IF($K49="","",IF($K49=$K47,Z47,Z48)) | AD49: =IF($K49="","",IF($K49=$K47,AA47,AA48)) | AE49: =IF($K49="","",IF($K49=$K47,AB47,AB48)) | AF49: =IF($K49="","",IF($K49=$K47,AC47,AC48)) | AG49: =IF($K49="","",IF($K49=$K47,AD47,AD48)) | AH49: =IF($K49="","",IF($K49=$K47,AV47,AV48)) | AI49: =IF($K49="","",IF($K49=$K47,AH47,AH48)) | AJ49: =IF($K49="","",IF($K49=$K47,AI47,AI48)) | AW49: =_xlfn.IFS(AX49="","",AX49=E49,"主",AX49=F49,"客") | AX49: =IF(说明!$F$11=3,_xlfn.IFS($G49=1,$E49,$G49=2,$F49,$G49=3,(IF(S49+T49=0,"",$E49)),$G49="加",(IF(S49+T49=0,"",$F49))),_xlfn.IFS($G49=1,$E49,$G49=2,$F49,$G49=3,$E49,$G49=4,(IF(S49+T49=0,"",$F49)),$G49=5,(IF(S49+T49=0,"",$E49)),$G49="加",(IF(S49+T49=0,"",$F49)))) | AY49: =_xlfn.IFS(AX49="","",AX49=E49,F49,AX49=F49,E49)
A50: =输入错误检查!A49 -> 0 | B50: =B49 -> 4 | C50: =C49 -> 12 | D50: =D49 -> 14 | E50: =E49 -> WOLVES | F50: =F49 -> OMNI | G50: 加 | H50: 下 | I50: =IF(K50="","",IF(K50=E50,"主","客")) | J50: =IF(K50="","",IF(K50=E50,F50,E50)) | U50: =_xlfn.IFS(S50+T50=0,"",S50>T50,IF(I50="主","屠","人"),S50<T50,IF(I50="主","人","屠"),S50=T50,"平") | V50: {=_xlfn.IFS(S50+T50=0,"",S50>T50,IF(I50="主",IF(S50=5,4,3),IF(S50=5,0,1)),S50<T50,IF(I50="主",IF(T50=5,0,1),IF(T50=5,4,3)),S50=T50,2)} | X50: =IF(X49="","",X49) | Y50: =IF($K50="","",IF($K50=$K48,AP48,AP47)) | Z50: =IF($K50="","",IF($K50=$K48,AQ48,AQ47)) | AA50: =IF($K50="","",IF($K50=$K48,AS48,AS47)) | AB50: =IF($K50="","",IF($K50=$K48,Y48,Y47)) | AC50: =IF($K50="","",IF($K50=$K48,Z48,Z47)) | AD50: =IF($K50="","",IF($K50=$K48,AA48,AA47)) | AE50: =IF($K50="","",IF($K50=$K48,AB48,AB47)) | AF50: =IF($K50="","",IF($K50=$K48,AC48,AC47)) | AG50: =IF($K50="","",IF($K50=$K48,AD48,AD47)) | AH50: =IF($K50="","",IF($K50=$K48,AV48,AV47)) | AI50: =IF($K50="","",IF($K50=$K48,AH48,AH47)) | AJ50: =IF($K50="","",IF($K50=$K48,AI48,AI47)) | AW50: =_xlfn.IFS(AX50="","",AX50=E50,"主",AX50=F50,"客") | AX50: =IF(说明!$F$11=3,_xlfn.IFS($G50=1,$E50,$G50=2,$F50,$G50=3,(IF(S50+T50=0,"",$E50)),$G50="加",(IF(S50+T50=0,"",$F50))),_xlfn.IFS($G50=1,$E50,$G50=2,$F50,$G50=3,$E50,$G50=4,(IF(S50+T50=0,"",$F50)),$G50=5,(IF(S50+T50=0,"",$E50)),$G50="加",(IF(S50+T50=0,"",$F50)))) | AY50: =_xlfn.IFS(AX50="","",AX50=E50,F50,AX50=F50,E50)
A51: =输入错误检查!A50 -> 0 | B51: 4 | C51: 12 | D51: 16 | E51: ACT | F51: ZETA | G51: 1 | H51: 上 | I51: =IF(K51="","",IF(K51=E51,"主","客")) -> 客 | J51: =IF(K51="","",IF(K51=E51,F51,E51)) -> ACT | K51: ZETA | L51: peter | M51: =S51+S52 -> 2 | N51: =T51+T52 -> 7 | O51: =M51+N51 -> 9 | P51: =IF(M51>N51,1,0) -> 0 | Q51: =IF(M51+N51=0,0,IF(M51=N51,1,0)) -> 0 | R51: =IF(M51<N51,1,0) -> 1 | S51: 0 | T51: 5 | U51: 屠 | V51: {=_xlfn.IFS(S51+T51=0,"",S51>T51,IF(I51="主",IF(S51=5,4,3),IF(S51=5,0,1)),S51<T51,IF(I51="主",IF(T51=5,0,1),IF(T51=5,4,3)),S51=T51,2)} -> 4 | W51: 里奥的回忆 | X51: 永眠镇 | AK51: 先知 | AL51: 机械师 | AP51: 大副 | AQ51: 古董商 | AR51: 祭司 | AS51: 木偶师 | AT51: 心理学家 | AU51: 火灾调查员 | AV51: 喧嚣 | AW51: =_xlfn.IFS(AX51="","",AX51=E51,"主",AX51=F51,"客") -> 主 | AX51: =IF(说明!$F$11=3,_xlfn.IFS($G51=1,$E51,$G51=2,$F51,$G51=3,(IF(S51+T51=0,"",$E51)),$G51="加",(IF(S51+T51=0,"",$F51))),_xlfn.IFS($G51=1,$E51,$G51=2,$F51,$G51=3,$E51,$G51=4,(IF(S51+T51=0,"",$F51)),$G51=5,(IF(S51+T51=0,"",$E51)),$G51="加",(IF(S51+T51=0,"",$F51)))) -> ACT | AY51: =_xlfn.IFS(AX51="","",AX51=E51,F51,AX51=F51,E51) -> ZETA
A52: =输入错误检查!A51 -> 0 | B52: =B51 -> 4 | C52: =C51 -> 12 | D52: =D51 -> 16 | E52: =E51 -> ACT | F52: =F51 -> ZETA | G52: 1 | H52: 下 | I52: =IF(K52="","",IF(K52=E52,"主","客")) -> 主 | J52: =IF(K52="","",IF(K52=E52,F52,E52)) -> ZETA | K52: ACT | L52: zz9 | S52: 2 | T52: 2 | U52: =_xlfn.IFS(S52+T52=0,"",S52>T52,IF(I52="主","屠","人"),S52<T52,IF(I52="主","人","屠"),S52=T52,"平") -> 平 | V52: {=_xlfn.IFS(S52+T52=0,"",S52>T52,IF(I52="主",IF(S52=5,4,3),IF(S52=5,0,1)),S52<T52,IF(I52="主",IF(T52=5,0,1),IF(T52=5,4,3)),S52=T52,2)} -> 2 | W52: =IF(W51="","",W51) -> 里奥的回忆 | X52: =IF(X51="","",X51) -> 永眠镇 | AK52: 机械师 | AL52: 大副 | AP52: 空军 | AQ52: 木偶师 | AR52: 入殓师 | AS52: 小说家 | AT52: 守墓人 | AU52: 飞行家 | AV52: 喧嚣 | AW52: =_xlfn.IFS(AX52="","",AX52=E52,"主",AX52=F52,"客") -> 主 | AX52: =IF(说明!$F$11=3,_xlfn.IFS($G52=1,$E52,$G52=2,$F52,$G52=3,(IF(S52+T52=0,"",$E52)),$G52="加",(IF(S52+T52=0,"",$F52))),_xlfn.IFS($G52=1,$E52,$G52=2,$F52,$G52=3,$E52,$G52=4,(IF(S52+T52=0,"",$F52)),$G52=5,(IF(S52+T52=0,"",$E52)),$G52="加",(IF(S52+T52=0,"",$F52)))) -> ACT | AY52: =_xlfn.IFS(AX52="","",AX52=E52,F52,AX52=F52,E52) -> ZETA
A53: =输入错误检查!A52 -> 0 | B53: =B52 -> 4 | C53: =C52 -> 12 | D53: =D52 -> 16 | E53: =E52 -> ACT | F53: =F52 -> ZETA | G53: 2 | H53: 上 | I53: =IF(K53="","",IF(K53=E53,"主","客")) -> 主 | J53: =IF(K53="","",IF(K53=E53,F53,E53)) -> ZETA | K53: ACT | L53: zz9 | M53: =S53+S54 -> 1 | N53: =T53+T54 -> 8 | O53: =M53+N53 -> 9 | P53: =IF(M53>N53,1,0) -> 0 | Q53: =IF(M53+N53=0,0,IF(M53=N53,1,0)) -> 0 | R53: =IF(M53<N53,1,0) -> 1 | S53: 1 | T53: 3 | U53: =_xlfn.IFS(S53+T53=0,"",S53>T53,IF(I53="主","屠","人"),S53<T53,IF(I53="主","人","屠"),S53=T53,"平") -> 人 | V53: {=_xlfn.IFS(S53+T53=0,"",S53>T53,IF(I53="主",IF(S53=5,4,3),IF(S53=5,0,1)),S53<T53,IF(I53="主",IF(T53=5,0,1),IF(T53=5,4,3)),S53=T53,2)} -> 1 | W53: 里奥的回忆 | X53: 唐人街 | Y53: =IF($K53="","",IF($K53=$K51,AP51,AP52)) -> 空军 | Z53: =IF($K53="","",IF($K53=$K51,AQ51,AQ52)) -> 木偶师 | AA53: =IF($K53="","",IF($K53=$K51,AS51,AS52)) -> 小说家 | AH53: =IF($K53="","",IF($K53=$K51,AV51,AV52)) -> 喧嚣 | AK53: 先知 | AL53: 火灾调查员 | AM53: 跛脚羊 | AP53: 骑士 | AQ53: 魔术师 | AR53: 大副 | AS53: 佣兵 | AT53: 古董商 | AU53: 画家 | AV53: 时空之影 | AW53: =_xlfn.IFS(AX53="","",AX53=E53,"主",AX53=F53,"客") -> 客 | AX53: =IF(说明!$F$11=3,_xlfn.IFS($G53=1,$E53,$G53=2,$F53,$G53=3,(IF(S53+T53=0,"",$E53)),$G53="加",(IF(S53+T53=0,"",$F53))),_xlfn.IFS($G53=1,$E53,$G53=2,$F53,$G53=3,$E53,$G53=4,(IF(S53+T53=0,"",$F53)),$G53=5,(IF(S53+T53=0,"",$E53)),$G53="加",(IF(S53+T53=0,"",$F53)))) -> ZETA | AY53: =_xlfn.IFS(AX53="","",AX53=E53,F53,AX53=F53,E53) -> ACT
A54: =输入错误检查!A53 -> 0 | B54: =B53 -> 4 | C54: =C53 -> 12 | D54: =D53 -> 16 | E54: =E53 -> ACT | F54: =F53 -> ZETA | G54: 2 | H54: 下 | I54: =IF(K54="","",IF(K54=E54,"主","客")) -> 客 | J54: =IF(K54="","",IF(K54=E54,F54,E54)) -> ACT | K54: ZETA | L54: peter | S54: 0 | T54: 5 | U54: =_xlfn.IFS(S54+T54=0,"",S54>T54,IF(I54="主","屠","人"),S54<T54,IF(I54="主","人","屠"),S54=T54,"平") -> 屠 | V54: {=_xlfn.IFS(S54+T54=0,"",S54>T54,IF(I54="主",IF(S54=5,4,3),IF(S54=5,0,1)),S54<T54,IF(I54="主",IF(T54=5,0,1),IF(T54=5,4,3)),S54=T54,2)} -> 4 | W54: =IF(W53="","",W53) -> 里奥的回忆 | X54: =IF(X53="","",X53) -> 唐人街 | Y54: =IF($K54="","",IF($K54=$K52,AP52,AP51)) -> 大副 | Z54: =IF($K54="","",IF($K54=$K52,AQ52,AQ51)) -> 古董商 | AA54: =IF($K54="","",IF($K54=$K52,AS52,AS51)) -> 木偶师 | AH54: =IF($K54="","",IF($K54=$K52,AV52,AV51)) -> 喧嚣 | AK54: 先知 | AL54: 囚徒 | AM54: 歌剧演员 | AP54: 火灾调查员 | AQ54: 小说家 | AR54: 守墓人 | AS54: 飞行家 | AT54: 骑士 | AU54: 园丁 | AV54: 跛脚羊 | AW54: =_xlfn.IFS(AX54="","",AX54=E54,"主",AX54=F54,"客") -> 客 | AX54: =IF(说明!$F$11=3,_xlfn.IFS($G54=1,$E54,$G54=2,$F54,$G54=3,(IF(S54+T54=0,"",$E54)),$G54="加",(IF(S54+T54=0,"",$F54))),_xlfn.IFS($G54=1,$E54,$G54=2,$F54,$G54=3,$E54,$G54=4,(IF(S54+T54=0,"",$F54)),$G54=5,(IF(S54+T54=0,"",$E54)),$G54="加",(IF(S54+T54=0,"",$F54)))) -> ZETA | AY54: =_xlfn.IFS(AX54="","",AX54=E54,F54,AX54=F54,E54) -> ACT
A55: =输入错误检查!A54 -> 0 | B55: =B54 -> 4 | C55: =C54 -> 12 | D55: =D54 -> 16 | E55: =E54 -> ACT | F55: =F54 -> ZETA | G55: 3 | H55: 上 | I55: =IF(K55="","",IF(K55=E55,"主","客")) | J55: =IF(K55="","",IF(K55=E55,F55,E55)) | M55: =S55+S56 -> 0 | N55: =T55+T56 -> 0 | O55: =M55+N55 -> 0 | P55: =IF(M55>N55,1,0) -> 0 | Q55: =IF(M55+N55=0,0,IF(M55=N55,1,0)) -> 0 | R55: =IF(M55<N55,1,0) -> 0 | U55: =_xlfn.IFS(S55+T55=0,"",S55>T55,IF(I55="主","屠","人"),S55<T55,IF(I55="主","人","屠"),S55=T55,"平") | V55: {=_xlfn.IFS(S55+T55=0,"",S55>T55,IF(I55="主",IF(S55=5,4,3),IF(S55=5,0,1)),S55<T55,IF(I55="主",IF(T55=5,0,1),IF(T55=5,4,3)),S55=T55,2)} | Y55: =IF($K55="","",IF($K55=$K53,AP53,AP54)) | Z55: =IF($K55="","",IF($K55=$K53,AQ53,AQ54)) | AA55: =IF($K55="","",IF($K55=$K53,AS53,AS54)) | AB55: =IF($K55="","",IF($K55=$K53,Y53,Y54)) | AC55: =IF($K55="","",IF($K55=$K53,Z53,Z54)) | AD55: =IF($K55="","",IF($K55=$K53,AA53,AA54)) | AH55: =IF($K55="","",IF($K55=$K53,AV53,AV54)) | AI55: =IF($K55="","",IF($K55=$K53,AH53,AH54)) | AW55: =_xlfn.IFS(AX55="","",AX55=E55,"主",AX55=F55,"客") | AX55: =IF(说明!$F$11=3,_xlfn.IFS($G55=1,$E55,$G55=2,$F55,$G55=3,(IF(S55+T55=0,"",$E55)),$G55="加",(IF(S55+T55=0,"",$F55))),_xlfn.IFS($G55=1,$E55,$G55=2,$F55,$G55=3,$E55,$G55=4,(IF(S55+T55=0,"",$F55)),$G55=5,(IF(S55+T55=0,"",$E55)),$G55="加",(IF(S55+T55=0,"",$F55)))) | AY55: =_xlfn.IFS(AX55="","",AX55=E55,F55,AX55=F55,E55)
A56: =输入错误检查!A55 -> 0 | B56: =B55 -> 4 | C56: =C55 -> 12 | D56: =D55 -> 16 | E56: =E55 -> ACT | F56: =F55 -> ZETA | G56: 3 | H56: 下 | I56: =IF(K56="","",IF(K56=E56,"主","客")) | J56: =IF(K56="","",IF(K56=E56,F56,E56)) | U56: =_xlfn.IFS(S56+T56=0,"",S56>T56,IF(I56="主","屠","人"),S56<T56,IF(I56="主","人","屠"),S56=T56,"平") | V56: {=_xlfn.IFS(S56+T56=0,"",S56>T56,IF(I56="主",IF(S56=5,4,3),IF(S56=5,0,1)),S56<T56,IF(I56="主",IF(T56=5,0,1),IF(T56=5,4,3)),S56=T56,2)} | X56: =IF(X55="","",X55) | Y56: =IF($K56="","",IF($K56=$K54,AP54,AP53)) | Z56: =IF($K56="","",IF($K56=$K54,AQ54,AQ53)) | AA56: =IF($K56="","",IF($K56=$K54,AS54,AS53)) | AB56: =IF($K56="","",IF($K56=$K54,Y54,Y53)) | AC56: =IF($K56="","",IF($K56=$K54,Z54,Z53)) | AD56: =IF($K56="","",IF($K56=$K54,AA54,AA53)) | AH56: =IF($K56="","",IF($K56=$K54,AV54,AV53)) | AI56: =IF($K56="","",IF($K56=$K54,AH54,AH53)) | AW56: =_xlfn.IFS(AX56="","",AX56=E56,"主",AX56=F56,"客") | AX56: =IF(说明!$F$11=3,_xlfn.IFS($G56=1,$E56,$G56=2,$F56,$G56=3,(IF(S56+T56=0,"",$E56)),$G56="加",(IF(S56+T56=0,"",$F56))),_xlfn.IFS($G56=1,$E56,$G56=2,$F56,$G56=3,$E56,$G56=4,(IF(S56+T56=0,"",$F56)),$G56=5,(IF(S56+T56=0,"",$E56)),$G56="加",(IF(S56+T56=0,"",$F56)))) | AY56: =_xlfn.IFS(AX56="","",AX56=E56,F56,AX56=F56,E56)
A57: =输入错误检查!A56 -> 0 | B57: =B56 -> 4 | C57: =C56 -> 12 | D57: =D56 -> 16 | E57: =E56 -> ACT | F57: =F56 -> ZETA | G57: 加 | H57: 上 | I57: =IF(K57="","",IF(K57=E57,"主","客")) | J57: =IF(K57="","",IF(K57=E57,F57,E57)) | M57: =S57+S58 -> 0 | N57: =T57+T58 -> 0 | O57: =M57+N57 -> 0 | P57: =IF(M57>N57,1,0) -> 0 | Q57: =IF(M57+N57=0,0,IF(M57=N57,1,0)) -> 0 | R57: =IF(M57<N57,1,0) -> 0 | U57: =_xlfn.IFS(S57+T57=0,"",S57>T57,IF(I57="主","屠","人"),S57<T57,IF(I57="主","人","屠"),S57=T57,"平") | V57: {=_xlfn.IFS(S57+T57=0,"",S57>T57,IF(I57="主",IF(S57=5,4,3),IF(S57=5,0,1)),S57<T57,IF(I57="主",IF(T57=5,0,1),IF(T57=5,4,3)),S57=T57,2)} | Y57: =IF($K57="","",IF($K57=$K55,AP55,AP56)) | Z57: =IF($K57="","",IF($K57=$K55,AQ55,AQ56)) | AA57: =IF($K57="","",IF($K57=$K55,AS55,AS56)) | AB57: =IF($K57="","",IF($K57=$K55,Y55,Y56)) | AC57: =IF($K57="","",IF($K57=$K55,Z55,Z56)) | AD57: =IF($K57="","",IF($K57=$K55,AA55,AA56)) | AE57: =IF($K57="","",IF($K57=$K55,AB55,AB56)) | AF57: =IF($K57="","",IF($K57=$K55,AC55,AC56)) | AG57: =IF($K57="","",IF($K57=$K55,AD55,AD56)) | AH57: =IF($K57="","",IF($K57=$K55,AV55,AV56)) | AI57: =IF($K57="","",IF($K57=$K55,AH55,AH56)) | AJ57: =IF($K57="","",IF($K57=$K55,AI55,AI56)) | AW57: =_xlfn.IFS(AX57="","",AX57=E57,"主",AX57=F57,"客") | AX57: =IF(说明!$F$11=3,_xlfn.IFS($G57=1,$E57,$G57=2,$F57,$G57=3,(IF(S57+T57=0,"",$E57)),$G57="加",(IF(S57+T57=0,"",$F57))),_xlfn.IFS($G57=1,$E57,$G57=2,$F57,$G57=3,$E57,$G57=4,(IF(S57+T57=0,"",$F57)),$G57=5,(IF(S57+T57=0,"",$E57)),$G57="加",(IF(S57+T57=0,"",$F57)))) | AY57: =_xlfn.IFS(AX57="","",AX57=E57,F57,AX57=F57,E57)
A58: =输入错误检查!A57 -> 0 | B58: =B57 -> 4 | C58: =C57 -> 12 | D58: =D57 -> 16 | E58: =E57 -> ACT | F58: =F57 -> ZETA | G58: 加 | H58: 下 | I58: =IF(K58="","",IF(K58=E58,"主","客")) | J58: =IF(K58="","",IF(K58=E58,F58,E58)) | U58: =_xlfn.IFS(S58+T58=0,"",S58>T58,IF(I58="主","屠","人"),S58<T58,IF(I58="主","人","屠"),S58=T58,"平") | V58: {=_xlfn.IFS(S58+T58=0,"",S58>T58,IF(I58="主",IF(S58=5,4,3),IF(S58=5,0,1)),S58<T58,IF(I58="主",IF(T58=5,0,1),IF(T58=5,4,3)),S58=T58,2)} | X58: =IF(X57="","",X57) | Y58: =IF($K58="","",IF($K58=$K56,AP56,AP55)) | Z58: =IF($K58="","",IF($K58=$K56,AQ56,AQ55)) | AA58: =IF($K58="","",IF($K58=$K56,AS56,AS55)) | AB58: =IF($K58="","",IF($K58=$K56,Y56,Y55)) | AC58: =IF($K58="","",IF($K58=$K56,Z56,Z55)) | AD58: =IF($K58="","",IF($K58=$K56,AA56,AA55)) | AE58: =IF($K58="","",IF($K58=$K56,AB56,AB55)) | AF58: =IF($K58="","",IF($K58=$K56,AC56,AC55)) | AG58: =IF($K58="","",IF($K58=$K56,AD56,AD55)) | AH58: =IF($K58="","",IF($K58=$K56,AV56,AV55)) | AI58: =IF($K58="","",IF($K58=$K56,AH56,AH55)) | AJ58: =IF($K58="","",IF($K58=$K56,AI56,AI55)) | AW58: =_xlfn.IFS(AX58="","",AX58=E58,"主",AX58=F58,"客") | AX58: =IF(说明!$F$11=3,_xlfn.IFS($G58=1,$E58,$G58=2,$F58,$G58=3,(IF(S58+T58=0,"",$E58)),$G58="加",(IF(S58+T58=0,"",$F58))),_xlfn.IFS($G58=1,$E58,$G58=2,$F58,$G58=3,$E58,$G58=4,(IF(S58+T58=0,"",$F58)),$G58=5,(IF(S58+T58=0,"",$E58)),$G58="加",(IF(S58+T58=0,"",$F58)))) | AY58: =_xlfn.IFS(AX58="","",AX58=E58,F58,AX58=F58,E58)
A59: =输入错误检查!A58 -> 0 | B59: 4 | C59: 12 | D59: 18 | E59: FL | F59: WBG | G59: 1 | H59: 上 | I59: =IF(K59="","",IF(K59=E59,"主","客")) -> 客 | J59: =IF(K59="","",IF(K59=E59,F59,E59)) -> FL | K59: WBG | L59: alex | M59: =S59+S60 -> 3 | N59: =T59+T60 -> 6 | O59: =M59+N59 -> 9 | P59: =IF(M59>N59,1,0) -> 0 | Q59: =IF(M59+N59=0,0,IF(M59=N59,1,0)) -> 0 | R59: =IF(M59<N59,1,0) -> 1 | S59: 0 | T59: 5 | U59: =_xlfn.IFS(S59+T59=0,"",S59>T59,IF(I59="主","屠","人"),S59<T59,IF(I59="主","人","屠"),S59=T59,"平") -> 屠 | V59: {=_xlfn.IFS(S59+T59=0,"",S59>T59,IF(I59="主",IF(S59=5,4,3),IF(S59=5,0,1)),S59<T59,IF(I59="主",IF(T59=5,0,1),IF(T59=5,4,3)),S59=T59,2)} -> 4 | W59: 圣心医院 | X59: 军工厂 | AK59: 机械师 | AL59: 大副 | AP59: 空军 | AQ59: 木偶师 | AR59: 心理学家 | AS59: 守墓人 | AT59: 古董商 | AU59: 飞行家 | AV59: 喧嚣 | AW59: =_xlfn.IFS(AX59="","",AX59=E59,"主",AX59=F59,"客") -> 主 | AX59: =IF(说明!$F$11=3,_xlfn.IFS($G59=1,$E59,$G59=2,$F59,$G59=3,(IF(S59+T59=0,"",$E59)),$G59="加",(IF(S59+T59=0,"",$F59))),_xlfn.IFS($G59=1,$E59,$G59=2,$F59,$G59=3,$E59,$G59=4,(IF(S59+T59=0,"",$F59)),$G59=5,(IF(S59+T59=0,"",$E59)),$G59="加",(IF(S59+T59=0,"",$F59)))) -> FL | AY59: =_xlfn.IFS(AX59="","",AX59=E59,F59,AX59=F59,E59) -> WBG
A60: =输入错误检查!A59 -> 0 | B60: =B59 -> 4 | C60: =C59 -> 12 | D60: =D59 -> 18 | E60: =E59 -> FL | F60: =F59 -> WBG | G60: 1 | H60: 下 | I60: =IF(K60="","",IF(K60=E60,"主","客")) -> 主 | J60: =IF(K60="","",IF(K60=E60,F60,E60)) -> WBG | K60: FL | L60: hasha | S60: 3 | T60: 1 | U60: =_xlfn.IFS(S60+T60=0,"",S60>T60,IF(I60="主","屠","人"),S60<T60,IF(I60="主","人","屠"),S60=T60,"平") -> 屠 | V60: {=_xlfn.IFS(S60+T60=0,"",S60>T60,IF(I60="主",IF(S60=5,4,3),IF(S60=5,0,1)),S60<T60,IF(I60="主",IF(T60=5,0,1),IF(T60=5,4,3)),S60=T60,2)} -> 3 | W60: =IF(W59="","",W59) -> 圣心医院 | X60: =IF(X59="","",X59) -> 军工厂 | AK60: 机械师 | AL60: 古董商 | AP60: 先知 | AQ60: 大副 | AR60: 木偶师 | AS60: 入殓师 | AT60: 舞女 | AU60: 教授 | AV60: 跛脚羊 | AW60: =_xlfn.IFS(AX60="","",AX60=E60,"主",AX60=F60,"客") -> 主 | AX60: =IF(说明!$F$11=3,_xlfn.IFS($G60=1,$E60,$G60=2,$F60,$G60=3,(IF(S60+T60=0,"",$E60)),$G60="加",(IF(S60+T60=0,"",$F60))),_xlfn.IFS($G60=1,$E60,$G60=2,$F60,$G60=3,$E60,$G60=4,(IF(S60+T60=0,"",$F60)),$G60=5,(IF(S60+T60=0,"",$E60)),$G60="加",(IF(S60+T60=0,"",$F60)))) -> FL | AY60: =_xlfn.IFS(AX60="","",AX60=E60,F60,AX60=F60,E60) -> WBG
A61: =输入错误检查!A60 -> 0 | B61: =B60 -> 4 | C61: =C60 -> 12 | D61: =D60 -> 18 | E61: =E60 -> FL | F61: =F60 -> WBG | G61: 2 | H61: 上 | I61: =IF(K61="","",IF(K61=E61,"主","客")) -> 主 | J61: =IF(K61="","",IF(K61=E61,F61,E61)) -> WBG | K61: FL | L61: hasha | M61: =S61+S62 -> 2 | N61: =T61+T62 -> 7 | O61: =M61+N61 -> 9 | P61: =IF(M61>N61,1,0) -> 0 | Q61: =IF(M61+N61=0,0,IF(M61=N61,1,0)) -> 0 | R61: =IF(M61<N61,1,0) -> 1 | S61: 2 | T61: 2 | U61: =_xlfn.IFS(S61+T61=0,"",S61>T61,IF(I61="主","屠","人"),S61<T61,IF(I61="主","人","屠"),S61=T61,"平") -> 平 | V61: {=_xlfn.IFS(S61+T61=0,"",S61>T61,IF(I61="主",IF(S61=5,4,3),IF(S61=5,0,1)),S61<T61,IF(I61="主",IF(T61=5,0,1),IF(T61=5,4,3)),S61=T61,2)} -> 2 | W61: 唐人街 | X61: 里奥的回忆 | Y61: =IF($K61="","",IF($K61=$K59,AP59,AP60)) -> 先知 | Z61: =IF($K61="","",IF($K61=$K59,AQ59,AQ60)) -> 大副 | AA61: =IF($K61="","",IF($K61=$K59,AS59,AS60)) -> 入殓师 | AH61: =IF($K61="","",IF($K61=$K59,AV59,AV60)) -> 跛脚羊 | AK61: 空军 | AL61: 火灾调查员 | AM61: 喧嚣 | AP61: 佣兵 | AQ61: 囚徒 | AR61: 飞行家 | AS61: 心理学家 | AT61: 杂技演员 | AU61: 哭泣小丑 | AV61: 时空之影 | AW61: =_xlfn.IFS(AX61="","",AX61=E61,"主",AX61=F61,"客") -> 客 | AX61: =IF(说明!$F$11=3,_xlfn.IFS($G61=1,$E61,$G61=2,$F61,$G61=3,(IF(S61+T61=0,"",$E61)),$G61="加",(IF(S61+T61=0,"",$F61))),_xlfn.IFS($G61=1,$E61,$G61=2,$F61,$G61=3,$E61,$G61=4,(IF(S61+T61=0,"",$F61)),$G61=5,(IF(S61+T61=0,"",$E61)),$G61="加",(IF(S61+T61=0,"",$F61)))) -> WBG | AY61: =_xlfn.IFS(AX61="","",AX61=E61,F61,AX61=F61,E61) -> FL
A62: =输入错误检查!A61 -> 0 | B62: =B61 -> 4 | C62: =C61 -> 12 | D62: =D61 -> 18 | E62: =E61 -> FL | F62: =F61 -> WBG | G62: 2 | H62: 下 | I62: =IF(K62="","",IF(K62=E62,"主","客")) -> 客 | J62: =IF(K62="","",IF(K62=E62,F62,E62)) -> FL | K62: WBG | L62: alex | S62: 0 | T62: 5 | U62: =_xlfn.IFS(S62+T62=0,"",S62>T62,IF(I62="主","屠","人"),S62<T62,IF(I62="主","人","屠"),S62=T62,"平") -> 屠 | V62: {=_xlfn.IFS(S62+T62=0,"",S62>T62,IF(I62="主",IF(S62=5,4,3),IF(S62=5,0,1)),S62<T62,IF(I62="主",IF(T62=5,0,1),IF(T62=5,4,3)),S62=T62,2)} -> 4 | W62: =IF(W61="","",W61) -> 唐人街 | X62: =IF(X61="","",X61) -> 里奥的回忆 | Y62: =IF($K62="","",IF($K62=$K60,AP60,AP59)) -> 空军 | Z62: =IF($K62="","",IF($K62=$K60,AQ60,AQ59)) -> 木偶师 | AA62: =IF($K62="","",IF($K62=$K60,AS60,AS59)) -> 守墓人 | AH62: =IF($K62="","",IF($K62=$K60,AV60,AV59)) -> 喧嚣 | AK62: 先知 | AL62: 古董商 | AM62: 跛脚羊 | AP62: 野人 | AQ62: 囚徒 | AR62: 火灾调查员 | AS62: 杂技演员 | AT62: 园丁 | AU62: 魔术师 | AV62: 歌剧演员 | AW62: =_xlfn.IFS(AX62="","",AX62=E62,"主",AX62=F62,"客") -> 客 | AX62: =IF(说明!$F$11=3,_xlfn.IFS($G62=1,$E62,$G62=2,$F62,$G62=3,(IF(S62+T62=0,"",$E62)),$G62="加",(IF(S62+T62=0,"",$F62))),_xlfn.IFS($G62=1,$E62,$G62=2,$F62,$G62=3,$E62,$G62=4,(IF(S62+T62=0,"",$F62)),$G62=5,(IF(S62+T62=0,"",$E62)),$G62="加",(IF(S62+T62=0,"",$F62)))) -> WBG | AY62: =_xlfn.IFS(AX62="","",AX62=E62,F62,AX62=F62,E62) -> FL
A63: =输入错误检查!A62 -> 0 | B63: =B62 -> 4 | C63: =C62 -> 12 | D63: =D62 -> 18 | E63: =E62 -> FL | F63: =F62 -> WBG | G63: 3 | H63: 上 | I63: =IF(K63="","",IF(K63=E63,"主","客")) | J63: =IF(K63="","",IF(K63=E63,F63,E63)) | M63: =S63+S64 -> 0 | N63: =T63+T64 -> 0 | O63: =M63+N63 -> 0 | P63: =IF(M63>N63,1,0) -> 0 | Q63: =IF(M63+N63=0,0,IF(M63=N63,1,0)) -> 0 | R63: =IF(M63<N63,1,0) -> 0 | U63: =_xlfn.IFS(S63+T63=0,"",S63>T63,IF(I63="主","屠","人"),S63<T63,IF(I63="主","人","屠"),S63=T63,"平") | V63: {=_xlfn.IFS(S63+T63=0,"",S63>T63,IF(I63="主",IF(S63=5,4,3),IF(S63=5,0,1)),S63<T63,IF(I63="主",IF(T63=5,0,1),IF(T63=5,4,3)),S63=T63,2)} | Y63: =IF($K63="","",IF($K63=$K61,AP61,AP62)) | Z63: =IF($K63="","",IF($K63=$K61,AQ61,AQ62)) | AA63: =IF($K63="","",IF($K63=$K61,AS61,AS62)) | AB63: =IF($K63="","",IF($K63=$K61,Y61,Y62)) | AC63: =IF($K63="","",IF($K63=$K61,Z61,Z62)) | AD63: =IF($K63="","",IF($K63=$K61,AA61,AA62)) | AH63: =IF($K63="","",IF($K63=$K61,AV61,AV62)) | AI63: =IF($K63="","",IF($K63=$K61,AH61,AH62)) | AW63: =_xlfn.IFS(AX63="","",AX63=E63,"主",AX63=F63,"客") | AX63: =IF(说明!$F$11=3,_xlfn.IFS($G63=1,$E63,$G63=2,$F63,$G63=3,(IF(S63+T63=0,"",$E63)),$G63="加",(IF(S63+T63=0,"",$F63))),_xlfn.IFS($G63=1,$E63,$G63=2,$F63,$G63=3,$E63,$G63=4,(IF(S63+T63=0,"",$F63)),$G63=5,(IF(S63+T63=0,"",$E63)),$G63="加",(IF(S63+T63=0,"",$F63)))) | AY63: =_xlfn.IFS(AX63="","",AX63=E63,F63,AX63=F63,E63)
A64: =输入错误检查!A63 -> 0 | B64: =B63 -> 4 | C64: =C63 -> 12 | D64: =D63 -> 18 | E64: =E63 -> FL | F64: =F63 -> WBG | G64: 3 | H64: 下 | I64: =IF(K64="","",IF(K64=E64,"主","客")) | J64: =IF(K64="","",IF(K64=E64,F64,E64)) | U64: =_xlfn.IFS(S64+T64=0,"",S64>T64,IF(I64="主","屠","人"),S64<T64,IF(I64="主","人","屠"),S64=T64,"平") | V64: {=_xlfn.IFS(S64+T64=0,"",S64>T64,IF(I64="主",IF(S64=5,4,3),IF(S64=5,0,1)),S64<T64,IF(I64="主",IF(T64=5,0,1),IF(T64=5,4,3)),S64=T64,2)} | X64: =IF(X63="","",X63) | Y64: =IF($K64="","",IF($K64=$K62,AP62,AP61)) | Z64: =IF($K64="","",IF($K64=$K62,AQ62,AQ61)) | AA64: =IF($K64="","",IF($K64=$K62,AS62,AS61)) | AB64: =IF($K64="","",IF($K64=$K62,Y62,Y61)) | AC64: =IF($K64="","",IF($K64=$K62,Z62,Z61)) | AD64: =IF($K64="","",IF($K64=$K62,AA62,AA61)) | AH64: =IF($K64="","",IF($K64=$K62,AV62,AV61)) | AI64: =IF($K64="","",IF($K64=$K62,AH62,AH61)) | AW64: =_xlfn.IFS(AX64="","",AX64=E64,"主",AX64=F64,"客") | AX64: =IF(说明!$F$11=3,_xlfn.IFS($G64=1,$E64,$G64=2,$F64,$G64=3,(IF(S64+T64=0,"",$E64)),$G64="加",(IF(S64+T64=0,"",$F64))),_xlfn.IFS($G64=1,$E64,$G64=2,$F64,$G64=3,$E64,$G64=4,(IF(S64+T64=0,"",$F64)),$G64=5,(IF(S64+T64=0,"",$E64)),$G64="加",(IF(S64+T64=0,"",$F64)))) | AY64: =_xlfn.IFS(AX64="","",AX64=E64,F64,AX64=F64,E64)
A65: =输入错误检查!A64 -> 0 | B65: =B64 -> 4 | C65: =C64 -> 12 | D65: =D64 -> 18 | E65: =E64 -> FL | F65: =F64 -> WBG | G65: 加 | H65: 上 | I65: =IF(K65="","",IF(K65=E65,"主","客")) | J65: =IF(K65="","",IF(K65=E65,F65,E65)) | M65: =S65+S66 -> 0 | N65: =T65+T66 -> 0 | O65: =M65+N65 -> 0 | P65: =IF(M65>N65,1,0) -> 0 | Q65: =IF(M65+N65=0,0,IF(M65=N65,1,0)) -> 0 | R65: =IF(M65<N65,1,0) -> 0 | U65: =_xlfn.IFS(S65+T65=0,"",S65>T65,IF(I65="主","屠","人"),S65<T65,IF(I65="主","人","屠"),S65=T65,"平") | V65: {=_xlfn.IFS(S65+T65=0,"",S65>T65,IF(I65="主",IF(S65=5,4,3),IF(S65=5,0,1)),S65<T65,IF(I65="主",IF(T65=5,0,1),IF(T65=5,4,3)),S65=T65,2)} | Y65: =IF($K65="","",IF($K65=$K63,AP63,AP64)) | Z65: =IF($K65="","",IF($K65=$K63,AQ63,AQ64)) | AA65: =IF($K65="","",IF($K65=$K63,AS63,AS64)) | AB65: =IF($K65="","",IF($K65=$K63,Y63,Y64)) | AC65: =IF($K65="","",IF($K65=$K63,Z63,Z64)) | AD65: =IF($K65="","",IF($K65=$K63,AA63,AA64)) | AE65: =IF($K65="","",IF($K65=$K63,AB63,AB64)) | AF65: =IF($K65="","",IF($K65=$K63,AC63,AC64)) | AG65: =IF($K65="","",IF($K65=$K63,AD63,AD64)) | AH65: =IF($K65="","",IF($K65=$K63,AV63,AV64)) | AI65: =IF($K65="","",IF($K65=$K63,AH63,AH64)) | AJ65: =IF($K65="","",IF($K65=$K63,AI63,AI64)) | AW65: =_xlfn.IFS(AX65="","",AX65=E65,"主",AX65=F65,"客") | AX65: =IF(说明!$F$11=3,_xlfn.IFS($G65=1,$E65,$G65=2,$F65,$G65=3,(IF(S65+T65=0,"",$E65)),$G65="加",(IF(S65+T65=0,"",$F65))),_xlfn.IFS($G65=1,$E65,$G65=2,$F65,$G65=3,$E65,$G65=4,(IF(S65+T65=0,"",$F65)),$G65=5,(IF(S65+T65=0,"",$E65)),$G65="加",(IF(S65+T65=0,"",$F65)))) | AY65: =_xlfn.IFS(AX65="","",AX65=E65,F65,AX65=F65,E65)
A66: =输入错误检查!A65 -> 0 | B66: =B65 -> 4 | C66: =C65 -> 12 | D66: =D65 -> 18 | E66: =E65 -> FL | F66: =F65 -> WBG | G66: 加 | H66: 下 | I66: =IF(K66="","",IF(K66=E66,"主","客")) | J66: =IF(K66="","",IF(K66=E66,F66,E66)) | U66: =_xlfn.IFS(S66+T66=0,"",S66>T66,IF(I66="主","屠","人"),S66<T66,IF(I66="主","人","屠"),S66=T66,"平") | V66: {=_xlfn.IFS(S66+T66=0,"",S66>T66,IF(I66="主",IF(S66=5,4,3),IF(S66=5,0,1)),S66<T66,IF(I66="主",IF(T66=5,0,1),IF(T66=5,4,3)),S66=T66,2)} | X66: =IF(X65="","",X65) | Y66: =IF($K66="","",IF($K66=$K64,AP64,AP63)) | Z66: =IF($K66="","",IF($K66=$K64,AQ64,AQ63)) | AA66: =IF($K66="","",IF($K66=$K64,AS64,AS63)) | AB66: =IF($K66="","",IF($K66=$K64,Y64,Y63)) | AC66: =IF($K66="","",IF($K66=$K64,Z64,Z63)) | AD66: =IF($K66="","",IF($K66=$K64,AA64,AA63)) | AE66: =IF($K66="","",IF($K66=$K64,AB64,AB63)) | AF66: =IF($K66="","",IF($K66=$K64,AC64,AC63)) | AG66: =IF($K66="","",IF($K66=$K64,AD64,AD63)) | AH66: =IF($K66="","",IF($K66=$K64,AV64,AV63)) | AI66: =IF($K66="","",IF($K66=$K64,AH64,AH63)) | AJ66: =IF($K66="","",IF($K66=$K64,AI64,AI63)) | AW66: =_xlfn.IFS(AX66="","",AX66=E66,"主",AX66=F66,"客") | AX66: =IF(说明!$F$11=3,_xlfn.IFS($G66=1,$E66,$G66=2,$F66,$G66=3,(IF(S66+T66=0,"",$E66)),$G66="加",(IF(S66+T66=0,"",$F66))),_xlfn.IFS($G66=1,$E66,$G66=2,$F66,$G66=3,$E66,$G66=4,(IF(S66+T66=0,"",$F66)),$G66=5,(IF(S66+T66=0,"",$E66)),$G66="加",(IF(S66+T66=0,"",$F66)))) | AY66: =_xlfn.IFS(AX66="","",AX66=E66,F66,AX66=F66,E66)
A67: =输入错误检查!A66 -> 0 | B67: 4 | C67: 13 | D67: 12 | E67: ITZY | F67: AXIZ | G67: 1 | H67: 上 | I67: =IF(K67="","",IF(K67=E67,"主","客")) -> 主 | J67: =IF(K67="","",IF(K67=E67,F67,E67)) -> AXIZ | K67: ITZY | L67: bailu | M67: =S67+S68 -> 4 | N67: =T67+T68 -> 4 | O67: =M67+N67 -> 8 | P67: =IF(M67>N67,1,0) -> 0 | Q67: =IF(M67+N67=0,0,IF(M67=N67,1,0)) -> 1 | R67: =IF(M67<N67,1,0) -> 0 | S67: 3 | T67: 1 | U67: =_xlfn.IFS(S67+T67=0,"",S67>T67,IF(I67="主","屠","人"),S67<T67,IF(I67="主","人","屠"),S67=T67,"平") -> 屠 | V67: {=_xlfn.IFS(S67+T67=0,"",S67>T67,IF(I67="主",IF(S67=5,4,3),IF(S67=5,0,1)),S67<T67,IF(I67="主",IF(T67=5,0,1),IF(T67=5,4,3)),S67=T67,2)} -> 3 | W67: 湖景村 | X67: 里奥的回忆 | AK67: 机械师 | AL67: 先知 | AP67: 冒险家 | AQ67: 古董商 | AR67: 大副 | AS67: 骑士 | AT67: 飞行家 | AU67: 木偶师 | AV67: 喧嚣 | AW67: =_xlfn.IFS(AX67="","",AX67=E67,"主",AX67=F67,"客") -> 主 | AX67: =IF(说明!$F$11=3,_xlfn.IFS($G67=1,$E67,$G67=2,$F67,$G67=3,(IF(S67+T67=0,"",$E67)),$G67="加",(IF(S67+T67=0,"",$F67))),_xlfn.IFS($G67=1,$E67,$G67=2,$F67,$G67=3,$E67,$G67=4,(IF(S67+T67=0,"",$F67)),$G67=5,(IF(S67+T67=0,"",$E67)),$G67="加",(IF(S67+T67=0,"",$F67)))) -> ITZY | AY67: =_xlfn.IFS(AX67="","",AX67=E67,F67,AX67=F67,E67) -> AXIZ
A68: =输入错误检查!A67 -> 0 | B68: =B67 -> 4 | C68: =C67 -> 13 | D68: =D67 -> 12 | E68: ITZY | F68: =F67 -> AXIZ | G68: 1 | H68: 下 | I68: =IF(K68="","",IF(K68=E68,"主","客")) -> 客 | J68: =IF(K68="","",IF(K68=E68,F68,E68)) -> ITZY | K68: AXIZ | L68: kakiri | S68: 1 | T68: 3 | U68: =_xlfn.IFS(S68+T68=0,"",S68>T68,IF(I68="主","屠","人"),S68<T68,IF(I68="主","人","屠"),S68=T68,"平") -> 屠 | V68: {=_xlfn.IFS(S68+T68=0,"",S68>T68,IF(I68="主",IF(S68=5,4,3),IF(S68=5,0,1)),S68<T68,IF(I68="主",IF(T68=5,0,1),IF(T68=5,4,3)),S68=T68,2)} -> 3 | W68: 湖景村 | X68: 里奥的回忆 | AK68: 机械师 | AL68: 入殓师 | AP68: 大副 | AQ68: 古董商 | AR68: 飞行家 | AS68: 木偶师 | AT68: 先知 | AU68: 舞女 | AV68: 喧嚣 | AW68: =_xlfn.IFS(AX68="","",AX68=E68,"主",AX68=F68,"客") -> 主 | AX68: =IF(说明!$F$11=3,_xlfn.IFS($G68=1,$E68,$G68=2,$F68,$G68=3,(IF(S68+T68=0,"",$E68)),$G68="加",(IF(S68+T68=0,"",$F68))),_xlfn.IFS($G68=1,$E68,$G68=2,$F68,$G68=3,$E68,$G68=4,(IF(S68+T68=0,"",$F68)),$G68=5,(IF(S68+T68=0,"",$E68)),$G68="加",(IF(S68+T68=0,"",$F68)))) -> ITZY | AY68: =_xlfn.IFS(AX68="","",AX68=E68,F68,AX68=F68,E68) -> AXIZ
A69: =输入错误检查!A68 -> 0 | B69: =B68 -> 4 | C69: =C68 -> 13 | D69: =D68 -> 12 | E69: =E68 -> ITZY | F69: =F68 -> AXIZ | G69: 2 | H69: 上 | I69: =IF(K69="","",IF(K69=E69,"主","客")) -> 客 | J69: =IF(K69="","",IF(K69=E69,F69,E69)) -> ITZY | K69: AXIZ | L69: kakiri | M69: =S69+S70 -> 4 | N69: =T69+T70 -> 4 | O69: =M69+N69 -> 8 | P69: =IF(M69>N69,1,0) -> 0 | Q69: =IF(M69+N69=0,0,IF(M69=N69,1,0)) -> 1 | R69: =IF(M69<N69,1,0) -> 0 | S69: 1 | T69: 3 | U69: =_xlfn.IFS(S69+T69=0,"",S69>T69,IF(I69="主","屠","人"),S69<T69,IF(I69="主","人","屠"),S69=T69,"平") -> 屠 | V69: {=_xlfn.IFS(S69+T69=0,"",S69>T69,IF(I69="主",IF(S69=5,4,3),IF(S69=5,0,1)),S69<T69,IF(I69="主",IF(T69=5,0,1),IF(T69=5,4,3)),S69=T69,2)} -> 3 | W69: 唐人街 | X69: 湖景村 | Y69: =IF($K69="","",IF($K69=$K67,AP67,AP68)) -> 大副 | Z69: =IF($K69="","",IF($K69=$K67,AQ67,AQ68)) -> 古董商 | AA69: =IF($K69="","",IF($K69=$K67,AS67,AS68)) -> 木偶师 | AH69: =IF($K69="","",IF($K69=$K67,AV67,AV68)) -> 喧嚣 | AK69: 先知 | AL69: 入殓师 | AM69: 跛脚羊 | AP69: 野人 | AQ69: 小说家 | AR69: 囚徒 | AS69: 调酒师 | AT69: 飞行家 | AU69: 空军 | AV69: 蜘蛛 | AW69: =_xlfn.IFS(AX69="","",AX69=E69,"主",AX69=F69,"客") -> 客 | AX69: =IF(说明!$F$11=3,_xlfn.IFS($G69=1,$E69,$G69=2,$F69,$G69=3,(IF(S69+T69=0,"",$E69)),$G69="加",(IF(S69+T69=0,"",$F69))),_xlfn.IFS($G69=1,$E69,$G69=2,$F69,$G69=3,$E69,$G69=4,(IF(S69+T69=0,"",$F69)),$G69=5,(IF(S69+T69=0,"",$E69)),$G69="加",(IF(S69+T69=0,"",$F69)))) -> AXIZ | AY69: =_xlfn.IFS(AX69="","",AX69=E69,F69,AX69=F69,E69) -> ITZY
A70: =输入错误检查!A69 -> 0 | B70: =B69 -> 4 | C70: =C69 -> 13 | D70: =D69 -> 12 | E70: =E69 -> ITZY | F70: =F69 -> AXIZ | G70: 2 | H70: 下 | I70: =IF(K70="","",IF(K70=E70,"主","客")) -> 主 | J70: =IF(K70="","",IF(K70=E70,F70,E70)) -> AXIZ | K70: ITZY | L70: bailu | S70: 3 | T70: 1 | U70: =_xlfn.IFS(S70+T70=0,"",S70>T70,IF(I70="主","屠","人"),S70<T70,IF(I70="主","人","屠"),S70=T70,"平") -> 屠 | V70: {=_xlfn.IFS(S70+T70=0,"",S70>T70,IF(I70="主",IF(S70=5,4,3),IF(S70=5,0,1)),S70<T70,IF(I70="主",IF(T70=5,0,1),IF(T70=5,4,3)),S70=T70,2)} -> 3 | W70: 唐人街 | X70: 湖景村 | Y70: =IF($K70="","",IF($K70=$K68,AP68,AP67)) -> 冒险家 | Z70: =IF($K70="","",IF($K70=$K68,AQ68,AQ67)) -> 古董商 | AA70: =IF($K70="","",IF($K70=$K68,AS68,AS67)) -> 骑士 | AH70: =IF($K70="","",IF($K70=$K68,AV68,AV67)) -> 喧嚣 | AK70: 先知 | AL70: 囚徒 | AM70: 跛脚羊 | AP70: 飞行家 | AQ70: 心理学家 | AR70: 野人 | AS70: 空军 | AT70: 佣兵 | AU70: 大副 | AV70: 歌剧演员 | AW70: =_xlfn.IFS(AX70="","",AX70=E70,"主",AX70=F70,"客") -> 客 | AX70: =IF(说明!$F$11=3,_xlfn.IFS($G70=1,$E70,$G70=2,$F70,$G70=3,(IF(S70+T70=0,"",$E70)),$G70="加",(IF(S70+T70=0,"",$F70))),_xlfn.IFS($G70=1,$E70,$G70=2,$F70,$G70=3,$E70,$G70=4,(IF(S70+T70=0,"",$F70)),$G70=5,(IF(S70+T70=0,"",$E70)),$G70="加",(IF(S70+T70=0,"",$F70)))) -> AXIZ | AY70: =_xlfn.IFS(AX70="","",AX70=E70,F70,AX70=F70,E70) -> ITZY
A71: =输入错误检查!A70 -> 0 | B71: =B70 -> 4 | C71: =C70 -> 13 | D71: =D70 -> 12 | E71: =E70 -> ITZY | F71: =F70 -> AXIZ | G71: 3 | H71: 上 | I71: =IF(K71="","",IF(K71=E71,"主","客")) -> 主 | J71: =IF(K71="","",IF(K71=E71,F71,E71)) -> AXIZ | K71: ITZY | L71: bailu | M71: =S71+S72 -> 2 | N71: =T71+T72 -> 7 | O71: =M71+N71 -> 9 | P71: =IF(M71>N71,1,0) -> 0 | Q71: =IF(M71+N71=0,0,IF(M71=N71,1,0)) -> 0 | R71: =IF(M71<N71,1,0) -> 1 | S71: 2 | T71: 2 | U71: =_xlfn.IFS(S71+T71=0,"",S71>T71,IF(I71="主","屠","人"),S71<T71,IF(I71="主","人","屠"),S71=T71,"平") -> 平 | V71: {=_xlfn.IFS(S71+T71=0,"",S71>T71,IF(I71="主",IF(S71=5,4,3),IF(S71=5,0,1)),S71<T71,IF(I71="主",IF(T71=5,0,1),IF(T71=5,4,3)),S71=T71,2)} -> 2 | W71: 月亮河公园 | X71: 永眠镇 | Y71: =IF($K71="","",IF($K71=$K69,AP69,AP70)) -> 飞行家 | Z71: =IF($K71="","",IF($K71=$K69,AQ69,AQ70)) -> 心理学家 | AA71: =IF($K71="","",IF($K71=$K69,AS69,AS70)) -> 空军 | AB71: =IF($K71="","",IF($K71=$K69,Y69,Y70)) -> 冒险家 | AC71: =IF($K71="","",IF($K71=$K69,Z69,Z70)) -> 古董商 | AD71: =IF($K71="","",IF($K71=$K69,AA69,AA70)) -> 骑士 | AH71: =IF($K71="","",IF($K71=$K69,AV69,AV70)) -> 歌剧演员 | AI71: =IF($K71="","",IF($K71=$K69,AH69,AH70)) -> 喧嚣 | AK71: 先知 | AL71: 前锋 | AM71: 跛脚羊 | AN71: 时空之影 | AP71: 佣兵 | AQ71: 祭司 | AR71: 小说家 | AS71: 杂技演员 | AT71: 调酒师 | AU71: 木偶师 | AV71: 红蝶 | AW71: =_xlfn.IFS(AX71="","",AX71=E71,"主",AX71=F71,"客") -> 主 | AX71: =IF(说明!$F$11=3,_xlfn.IFS($G71=1,$E71,$G71=2,$F71,$G71=3,(IF(S71+T71=0,"",$E71)),$G71="加",(IF(S71+T71=0,"",$F71))),_xlfn.IFS($G71=1,$E71,$G71=2,$F71,$G71=3,$E71,$G71=4,(IF(S71+T71=0,"",$F71)),$G71=5,(IF(S71+T71=0,"",$E71)),$G71="加",(IF(S71+T71=0,"",$F71)))) -> ITZY | AY71: =_xlfn.IFS(AX71="","",AX71=E71,F71,AX71=F71,E71) -> AXIZ
A72: =输入错误检查!A71 -> 0 | B72: =B71 -> 4 | C72: =C71 -> 13 | D72: =D71 -> 12 | E72: =E71 -> ITZY | F72: =F71 -> AXIZ | G72: 3 | H72: 下 | I72: =IF(K72="","",IF(K72=E72,"主","客")) -> 客 | J72: =IF(K72="","",IF(K72=E72,F72,E72)) -> ITZY | K72: AXIZ | L72: kakaka | S72: 0 | T72: 5 | U72: =_xlfn.IFS(S72+T72=0,"",S72>T72,IF(I72="主","屠","人"),S72<T72,IF(I72="主","人","屠"),S72=T72,"平") -> 屠 | V72: {=_xlfn.IFS(S72+T72=0,"",S72>T72,IF(I72="主",IF(S72=5,4,3),IF(S72=5,0,1)),S72<T72,IF(I72="主",IF(T72=5,0,1),IF(T72=5,4,3)),S72=T72,2)} -> 4 | W72: 月亮河公园 | X72: 永眠镇 | Y72: =IF($K72="","",IF($K72=$K70,AP70,AP69)) -> 野人 | Z72: =IF($K72="","",IF($K72=$K70,AQ70,AQ69)) -> 小说家 | AA72: =IF($K72="","",IF($K72=$K70,AS70,AS69)) -> 调酒师 | AB72: =IF($K72="","",IF($K72=$K70,Y70,Y69)) -> 大副 | AC72: =IF($K72="","",IF($K72=$K70,Z70,Z69)) -> 古董商 | AD72: =IF($K72="","",IF($K72=$K70,AA70,AA69)) -> 木偶师 | AH72: =IF($K72="","",IF($K72=$K70,AV70,AV69)) -> 蜘蛛 | AI72: =IF($K72="","",IF($K72=$K70,AH70,AH69)) -> 喧嚣 | AK72: 空军 | AL72: 入殓师 | AM72: 跛脚羊 | AN72: 歌剧演员 | AP72: 祭司 | AQ72: 教授 | AR72: 火灾调查员 | AS72: 先知 | AT72: 佣兵 | AU72: 前锋 | AV72: 时空之影 | AW72: =_xlfn.IFS(AX72="","",AX72=E72,"主",AX72=F72,"客") -> 主 | AX72: =IF(说明!$F$11=3,_xlfn.IFS($G72=1,$E72,$G72=2,$F72,$G72=3,(IF(S72+T72=0,"",$E72)),$G72="加",(IF(S72+T72=0,"",$F72))),_xlfn.IFS($G72=1,$E72,$G72=2,$F72,$G72=3,$E72,$G72=4,(IF(S72+T72=0,"",$F72)),$G72=5,(IF(S72+T72=0,"",$E72)),$G72="加",(IF(S72+T72=0,"",$F72)))) -> ITZY | AY72: =_xlfn.IFS(AX72="","",AX72=E72,F72,AX72=F72,E72) -> AXIZ
A73: =输入错误检查!A72 -> 0 | B73: =B72 -> 4 | C73: =C72 -> 13 | D73: =D72 -> 12 | E73: =E72 -> ITZY | F73: =F72 -> AXIZ | G73: 加 | H73: 上 | I73: =IF(K73="","",IF(K73=E73,"主","客")) | J73: =IF(K73="","",IF(K73=E73,F73,E73)) | M73: =S73+S74 -> 0 | N73: =T73+T74 -> 0 | O73: =M73+N73 -> 0 | P73: =IF(M73>N73,1,0) -> 0 | Q73: =IF(M73+N73=0,0,IF(M73=N73,1,0)) -> 0 | R73: =IF(M73<N73,1,0) -> 0 | U73: =_xlfn.IFS(S73+T73=0,"",S73>T73,IF(I73="主","屠","人"),S73<T73,IF(I73="主","人","屠"),S73=T73,"平") | V73: {=_xlfn.IFS(S73+T73=0,"",S73>T73,IF(I73="主",IF(S73=5,4,3),IF(S73=5,0,1)),S73<T73,IF(I73="主",IF(T73=5,0,1),IF(T73=5,4,3)),S73=T73,2)} | Y73: =IF($K73="","",IF($K73=$K71,AP71,AP72)) | Z73: =IF($K73="","",IF($K73=$K71,AQ71,AQ72)) | AA73: =IF($K73="","",IF($K73=$K71,AS71,AS72)) | AB73: =IF($K73="","",IF($K73=$K71,Y71,Y72)) | AC73: =IF($K73="","",IF($K73=$K71,Z71,Z72)) | AD73: =IF($K73="","",IF($K73=$K71,AA71,AA72)) | AE73: =IF($K73="","",IF($K73=$K71,AB71,AB72)) | AF73: =IF($K73="","",IF($K73=$K71,AC71,AC72)) | AG73: =IF($K73="","",IF($K73=$K71,AD71,AD72)) | AH73: =IF($K73="","",IF($K73=$K71,AV71,AV72)) | AI73: =IF($K73="","",IF($K73=$K71,AH71,AH72)) | AJ73: =IF($K73="","",IF($K73=$K71,AI71,AI72)) | AW73: =_xlfn.IFS(AX73="","",AX73=E73,"主",AX73=F73,"客") | AX73: =IF(说明!$F$11=3,_xlfn.IFS($G73=1,$E73,$G73=2,$F73,$G73=3,(IF(S73+T73=0,"",$E73)),$G73="加",(IF(S73+T73=0,"",$F73))),_xlfn.IFS($G73=1,$E73,$G73=2,$F73,$G73=3,$E73,$G73=4,(IF(S73+T73=0,"",$F73)),$G73=5,(IF(S73+T73=0,"",$E73)),$G73="加",(IF(S73+T73=0,"",$F73)))) | AY73: =_xlfn.IFS(AX73="","",AX73=E73,F73,AX73=F73,E73)
A74: =输入错误检查!A73 -> 0 | B74: =B73 -> 4 | C74: =C73 -> 13 | D74: =D73 -> 12 | E74: =E73 -> ITZY | F74: =F73 -> AXIZ | G74: 加 | H74: 下 | I74: =IF(K74="","",IF(K74=E74,"主","客")) | J74: =IF(K74="","",IF(K74=E74,F74,E74)) | U74: =_xlfn.IFS(S74+T74=0,"",S74>T74,IF(I74="主","屠","人"),S74<T74,IF(I74="主","人","屠"),S74=T74,"平") | V74: {=_xlfn.IFS(S74+T74=0,"",S74>T74,IF(I74="主",IF(S74=5,4,3),IF(S74=5,0,1)),S74<T74,IF(I74="主",IF(T74=5,0,1),IF(T74=5,4,3)),S74=T74,2)} | Y74: =IF($K74="","",IF($K74=$K72,AP72,AP71)) | Z74: =IF($K74="","",IF($K74=$K72,AQ72,AQ71)) | AA74: =IF($K74="","",IF($K74=$K72,AS72,AS71)) | AB74: =IF($K74="","",IF($K74=$K72,Y72,Y71)) | AC74: =IF($K74="","",IF($K74=$K72,Z72,Z71)) | AD74: =IF($K74="","",IF($K74=$K72,AA72,AA71)) | AE74: =IF($K74="","",IF($K74=$K72,AB72,AB71)) | AF74: =IF($K74="","",IF($K74=$K72,AC72,AC71)) | AG74: =IF($K74="","",IF($K74=$K72,AD72,AD71)) | AH74: =IF($K74="","",IF($K74=$K72,AV72,AV71)) | AI74: =IF($K74="","",IF($K74=$K72,AH72,AH71)) | AJ74: =IF($K74="","",IF($K74=$K72,AI72,AI71)) | AW74: =_xlfn.IFS(AX74="","",AX74=E74,"主",AX74=F74,"客") | AX74: =IF(说明!$F$11=3,_xlfn.IFS($G74=1,$E74,$G74=2,$F74,$G74=3,(IF(S74+T74=0,"",$E74)),$G74="加",(IF(S74+T74=0,"",$F74))),_xlfn.IFS($G74=1,$E74,$G74=2,$F74,$G74=3,$E74,$G74=4,(IF(S74+T74=0,"",$F74)),$G74=5,(IF(S74+T74=0,"",$E74)),$G74="加",(IF(S74+T74=0,"",$F74)))) | AY74: =_xlfn.IFS(AX74="","",AX74=E74,F74,AX74=F74,E74)
A75: =输入错误检查!A74 -> 0 | B75: 4 | C75: 13 | D75: 14 | E75: RC | F75: SKY | G75: 1 | H75: 上 | I75: =IF(K75="","",IF(K75=E75,"主","客")) -> 客 | J75: =IF(K75="","",IF(K75=E75,F75,E75)) -> RC | K75: SKY | L75: hetian | M75: =S75+S76 -> 8 | N75: =T75+T76 -> 1 | O75: =M75+N75 -> 9 | P75: =IF(M75>N75,1,0) -> 1 | Q75: =IF(M75+N75=0,0,IF(M75=N75,1,0)) -> 0 | R75: =IF(M75<N75,1,0) -> 0 | S75: 3 | T75: 1 | U75: =_xlfn.IFS(S75+T75=0,"",S75>T75,IF(I75="主","屠","人"),S75<T75,IF(I75="主","人","屠"),S75=T75,"平") -> 人 | V75: {=_xlfn.IFS(S75+T75=0,"",S75>T75,IF(I75="主",IF(S75=5,4,3),IF(S75=5,0,1)),S75<T75,IF(I75="主",IF(T75=5,0,1),IF(T75=5,4,3)),S75=T75,2)} -> 1 | W75: 永眠镇 | X75: 红教堂 | AK75: 先知 | AL75: 大副 | AP75: 守墓人 | AQ75: 飞行家 | AR75: 心理学家 | AS75: 小说家 | AT75: 机械师 | AU75: 木偶师 | AV75: 喧嚣 | AW75: =_xlfn.IFS(AX75="","",AX75=E75,"主",AX75=F75,"客") -> 主 | AX75: =IF(说明!$F$11=3,_xlfn.IFS($G75=1,$E75,$G75=2,$F75,$G75=3,(IF(S75+T75=0,"",$E75)),$G75="加",(IF(S75+T75=0,"",$F75))),_xlfn.IFS($G75=1,$E75,$G75=2,$F75,$G75=3,$E75,$G75=4,(IF(S75+T75=0,"",$F75)),$G75=5,(IF(S75+T75=0,"",$E75)),$G75="加",(IF(S75+T75=0,"",$F75)))) -> RC | AY75: =_xlfn.IFS(AX75="","",AX75=E75,F75,AX75=F75,E75) -> SKY
A76: =输入错误检查!A75 -> 0 | B76: =B75 -> 4 | C76: =C75 -> 13 | D76: =D75 -> 14 | E76: =E75 -> RC | F76: =F75 -> SKY | G76: 1 | H76: 下 | I76: =IF(K76="","",IF(K76=E76,"主","客")) -> 主 | J76: =IF(K76="","",IF(K76=E76,F76,E76)) -> SKY | K76: RC | L76: aka | S76: 5 | T76: 0 | U76: =_xlfn.IFS(S76+T76=0,"",S76>T76,IF(I76="主","屠","人"),S76<T76,IF(I76="主","人","屠"),S76=T76,"平") -> 屠 | V76: {=_xlfn.IFS(S76+T76=0,"",S76>T76,IF(I76="主",IF(S76=5,4,3),IF(S76=5,0,1)),S76<T76,IF(I76="主",IF(T76=5,0,1),IF(T76=5,4,3)),S76=T76,2)} -> 4 | W76: =IF(W75="","",W75) -> 永眠镇 | X76: =IF(X75="","",X75) -> 红教堂 | AK76: 机械师 | AL76: 大副 | AP76: 先知 | AQ76: 守墓人 | AR76: 空军 | AS76: 古董商 | AT76: 飞行家 | AU76: 火灾调查员 | AV76: 喧嚣 | AW76: =_xlfn.IFS(AX76="","",AX76=E76,"主",AX76=F76,"客") -> 主 | AX76: =IF(说明!$F$11=3,_xlfn.IFS($G76=1,$E76,$G76=2,$F76,$G76=3,(IF(S76+T76=0,"",$E76)),$G76="加",(IF(S76+T76=0,"",$F76))),_xlfn.IFS($G76=1,$E76,$G76=2,$F76,$G76=3,$E76,$G76=4,(IF(S76+T76=0,"",$F76)),$G76=5,(IF(S76+T76=0,"",$E76)),$G76="加",(IF(S76+T76=0,"",$F76)))) -> RC | AY76: =_xlfn.IFS(AX76="","",AX76=E76,F76,AX76=F76,E76) -> SKY
A77: =输入错误检查!A76 -> 0 | B77: =B76 -> 4 | C77: =C76 -> 13 | D77: =D76 -> 14 | E77: =E76 -> RC | F77: =F76 -> SKY | G77: 2 | H77: 上 | I77: =IF(K77="","",IF(K77=E77,"主","客")) -> 客 | J77: =IF(K77="","",IF(K77=E77,F77,E77)) -> RC | K77: SKY | L77: hetian | M77: =S77+S78 -> 4 | N77: =T77+T78 -> 4 | O77: =M77+N77 -> 8 | P77: =IF(M77>N77,1,0) -> 0 | Q77: =IF(M77+N77=0,0,IF(M77=N77,1,0)) -> 1 | R77: =IF(M77<N77,1,0) -> 0 | S77: 1 | T77: 3 | U77: =_xlfn.IFS(S77+T77=0,"",S77>T77,IF(I77="主","屠","人"),S77<T77,IF(I77="主","人","屠"),S77=T77,"平") -> 屠 | V77: {=_xlfn.IFS(S77+T77=0,"",S77>T77,IF(I77="主",IF(S77=5,4,3),IF(S77=5,0,1)),S77<T77,IF(I77="主",IF(T77=5,0,1),IF(T77=5,4,3)),S77=T77,2)} -> 3 | W77: 唐人街 | X77: 月亮河公园 | Y77: =IF($K77="","",IF($K77=$K75,AP75,AP76)) -> 守墓人 | Z77: =IF($K77="","",IF($K77=$K75,AQ75,AQ76)) -> 飞行家 | AA77: =IF($K77="","",IF($K77=$K75,AS75,AS76)) -> 小说家 | AH77: =IF($K77="","",IF($K77=$K75,AV75,AV76)) -> 喧嚣 | AK77: 先知 | AL77: 古董商 | AM77: 跛脚羊 | AP77: 空军 | AQ77: 木偶师 | AR77: 囚徒 | AS77: 大副 | AT77: 火灾调查员 | AU77: 杂技演员 | AV77: 歌剧演员 | AW77: =_xlfn.IFS(AX77="","",AX77=E77,"主",AX77=F77,"客") -> 客 | AX77: =IF(说明!$F$11=3,_xlfn.IFS($G77=1,$E77,$G77=2,$F77,$G77=3,(IF(S77+T77=0,"",$E77)),$G77="加",(IF(S77+T77=0,"",$F77))),_xlfn.IFS($G77=1,$E77,$G77=2,$F77,$G77=3,$E77,$G77=4,(IF(S77+T77=0,"",$F77)),$G77=5,(IF(S77+T77=0,"",$E77)),$G77="加",(IF(S77+T77=0,"",$F77)))) -> SKY | AY77: =_xlfn.IFS(AX77="","",AX77=E77,F77,AX77=F77,E77) -> RC
A78: =输入错误检查!A77 -> 0 | B78: =B77 -> 4 | C78: =C77 -> 13 | D78: =D77 -> 14 | E78: =E77 -> RC | F78: =F77 -> SKY | G78: 2 | H78: 下 | I78: =IF(K78="","",IF(K78=E78,"主","客")) -> 主 | J78: =IF(K78="","",IF(K78=E78,F78,E78)) -> SKY | K78: RC | L78: aka | S78: 3 | T78: 1 | U78: =_xlfn.IFS(S78+T78=0,"",S78>T78,IF(I78="主","屠","人"),S78<T78,IF(I78="主","人","屠"),S78=T78,"平") -> 屠 | V78: {=_xlfn.IFS(S78+T78=0,"",S78>T78,IF(I78="主",IF(S78=5,4,3),IF(S78=5,0,1)),S78<T78,IF(I78="主",IF(T78=5,0,1),IF(T78=5,4,3)),S78=T78,2)} -> 3 | W78: =IF(W77="","",W77) -> 唐人街 | X78: =IF(X77="","",X77) -> 月亮河公园 | Y78: =IF($K78="","",IF($K78=$K76,AP76,AP75)) -> 先知 | Z78: =IF($K78="","",IF($K78=$K76,AQ76,AQ75)) -> 守墓人 | AA78: =IF($K78="","",IF($K78=$K76,AS76,AS75)) -> 古董商 | AH78: =IF($K78="","",IF($K78=$K76,AV76,AV75)) -> 喧嚣 | AK78: 祭司 | AL78: 入殓师 | AM78: 跛脚羊 | AP78: 囚徒 | AQ78: 佣兵 | AR78: 火灾调查员 | AS78: 木偶师 | AT78: 空军 | AU78: 心理学家 | AV78: 时空之影 | AW78: =_xlfn.IFS(AX78="","",AX78=E78,"主",AX78=F78,"客") -> 客 | AX78: =IF(说明!$F$11=3,_xlfn.IFS($G78=1,$E78,$G78=2,$F78,$G78=3,(IF(S78+T78=0,"",$E78)),$G78="加",(IF(S78+T78=0,"",$F78))),_xlfn.IFS($G78=1,$E78,$G78=2,$F78,$G78=3,$E78,$G78=4,(IF(S78+T78=0,"",$F78)),$G78=5,(IF(S78+T78=0,"",$E78)),$G78="加",(IF(S78+T78=0,"",$F78)))) -> SKY | AY78: =_xlfn.IFS(AX78="","",AX78=E78,F78,AX78=F78,E78) -> RC
A79: =输入错误检查!A78 -> 0 | B79: =B78 -> 4 | C79: =C78 -> 13 | D79: =D78 -> 14 | E79: =E78 -> RC | F79: =F78 -> SKY | G79: 3 | H79: 上 | I79: =IF(K79="","",IF(K79=E79,"主","客")) -> 主 | J79: =IF(K79="","",IF(K79=E79,F79,E79)) -> SKY | K79: RC | L79: aka | M79: =S79+S80 -> 7 | N79: =T79+T80 -> 2 | O79: =M79+N79 -> 9 | P79: =IF(M79>N79,1,0) -> 1 | Q79: =IF(M79+N79=0,0,IF(M79=N79,1,0)) -> 0 | R79: =IF(M79<N79,1,0) -> 0 | S79: 5 | T79: 0 | U79: =_xlfn.IFS(S79+T79=0,"",S79>T79,IF(I79="主","屠","人"),S79<T79,IF(I79="主","人","屠"),S79=T79,"平") -> 屠 | V79: {=_xlfn.IFS(S79+T79=0,"",S79>T79,IF(I79="主",IF(S79=5,4,3),IF(S79=5,0,1)),S79<T79,IF(I79="主",IF(T79=5,0,1),IF(T79=5,4,3)),S79=T79,2)} -> 4 | W79: 军工厂 | X79: 永眠镇 | Y79: =IF($K79="","",IF($K79=$K77,AP77,AP78)) -> 囚徒 | Z79: =IF($K79="","",IF($K79=$K77,AQ77,AQ78)) -> 佣兵 | AA79: =IF($K79="","",IF($K79=$K77,AS77,AS78)) -> 木偶师 | AB79: =IF($K79="","",IF($K79=$K77,Y77,Y78)) -> 先知 | AC79: =IF($K79="","",IF($K79=$K77,Z77,Z78)) -> 守墓人 | AD79: =IF($K79="","",IF($K79=$K77,AA77,AA78)) -> 古董商 | AH79: =IF($K79="","",IF($K79=$K77,AV77,AV78)) -> 时空之影 | AI79: =IF($K79="","",IF($K79=$K77,AH77,AH78)) -> 喧嚣 | AK79: 祭司 | AL79: 入殓师 | AM79: 跛脚羊 | AN79: 歌剧演员 | AP79: 前锋 | AQ79: 调酒师 | AR79: 勘探员 | AS79: 教授 | AT79: 火灾调查员 | AU79: 杂技演员 | AV79: 隐士 | AW79: =_xlfn.IFS(AX79="","",AX79=E79,"主",AX79=F79,"客") -> 主 | AX79: =IF(说明!$F$11=3,_xlfn.IFS($G79=1,$E79,$G79=2,$F79,$G79=3,(IF(S79+T79=0,"",$E79)),$G79="加",(IF(S79+T79=0,"",$F79))),_xlfn.IFS($G79=1,$E79,$G79=2,$F79,$G79=3,$E79,$G79=4,(IF(S79+T79=0,"",$F79)),$G79=5,(IF(S79+T79=0,"",$E79)),$G79="加",(IF(S79+T79=0,"",$F79)))) -> RC | AY79: =_xlfn.IFS(AX79="","",AX79=E79,F79,AX79=F79,E79) -> SKY
A80: =输入错误检查!A79 -> 0 | B80: =B79 -> 4 | C80: =C79 -> 13 | D80: =D79 -> 14 | E80: =E79 -> RC | F80: =F79 -> SKY | G80: 3 | H80: 下 | I80: =IF(K80="","",IF(K80=E80,"主","客")) -> 客 | J80: =IF(K80="","",IF(K80=E80,F80,E80)) -> RC | K80: SKY | L80: hetian | S80: 2 | T80: 2 | U80: =_xlfn.IFS(S80+T80=0,"",S80>T80,IF(I80="主","屠","人"),S80<T80,IF(I80="主","人","屠"),S80=T80,"平") -> 平 | V80: {=_xlfn.IFS(S80+T80=0,"",S80>T80,IF(I80="主",IF(S80=5,4,3),IF(S80=5,0,1)),S80<T80,IF(I80="主",IF(T80=5,0,1),IF(T80=5,4,3)),S80=T80,2)} -> 2 | W80: 军工厂 | X80: =IF(X79="","",X79) -> 永眠镇 | Y80: =IF($K80="","",IF($K80=$K78,AP78,AP77)) -> 空军 | Z80: =IF($K80="","",IF($K80=$K78,AQ78,AQ77)) -> 木偶师 | AA80: =IF($K80="","",IF($K80=$K78,AS78,AS77)) -> 大副 | AB80: =IF($K80="","",IF($K80=$K78,Y78,Y77)) -> 守墓人 | AC80: =IF($K80="","",IF($K80=$K78,Z78,Z77)) -> 飞行家 | AD80: =IF($K80="","",IF($K80=$K78,AA78,AA77)) -> 小说家 | AH80: =IF($K80="","",IF($K80=$K78,AV78,AV77)) -> 歌剧演员 | AI80: =IF($K80="","",IF($K80=$K78,AH78,AH77)) -> 喧嚣 | AK80: 先知 | AL80: 前锋 | AM80: 时空之影 | AN80: 跛脚羊 | AP80: 祭司 | AQ80: 佣兵 | AR80: 击球手 | AS80: 火灾调查员 | AT80: 舞女 | AU80: 律师 | AV80: 红蝶 | AW80: =_xlfn.IFS(AX80="","",AX80=E80,"主",AX80=F80,"客") -> 主 | AX80: =IF(说明!$F$11=3,_xlfn.IFS($G80=1,$E80,$G80=2,$F80,$G80=3,(IF(S80+T80=0,"",$E80)),$G80="加",(IF(S80+T80=0,"",$F80))),_xlfn.IFS($G80=1,$E80,$G80=2,$F80,$G80=3,$E80,$G80=4,(IF(S80+T80=0,"",$F80)),$G80=5,(IF(S80+T80=0,"",$E80)),$G80="加",(IF(S80+T80=0,"",$F80)))) -> RC | AY80: =_xlfn.IFS(AX80="","",AX80=E80,F80,AX80=F80,E80) -> SKY
A81: =输入错误检查!A80 -> 0 | B81: =B80 -> 4 | C81: =C80 -> 13 | D81: =D80 -> 14 | E81: =E80 -> RC | F81: =F80 -> SKY | G81: 加 | H81: 上 | I81: =IF(K81="","",IF(K81=E81,"主","客")) | J81: =IF(K81="","",IF(K81=E81,F81,E81)) | M81: =S81+S82 -> 0 | N81: =T81+T82 -> 0 | O81: =M81+N81 -> 0 | P81: =IF(M81>N81,1,0) -> 0 | Q81: =IF(M81+N81=0,0,IF(M81=N81,1,0)) -> 0 | R81: =IF(M81<N81,1,0) -> 0 | U81: =_xlfn.IFS(S81+T81=0,"",S81>T81,IF(I81="主","屠","人"),S81<T81,IF(I81="主","人","屠"),S81=T81,"平") | V81: {=_xlfn.IFS(S81+T81=0,"",S81>T81,IF(I81="主",IF(S81=5,4,3),IF(S81=5,0,1)),S81<T81,IF(I81="主",IF(T81=5,0,1),IF(T81=5,4,3)),S81=T81,2)} | Y81: =IF($K81="","",IF($K81=$K79,AP79,AP80)) | Z81: =IF($K81="","",IF($K81=$K79,AQ79,AQ80)) | AA81: =IF($K81="","",IF($K81=$K79,AS79,AS80)) | AB81: =IF($K81="","",IF($K81=$K79,Y79,Y80)) | AC81: =IF($K81="","",IF($K81=$K79,Z79,Z80)) | AD81: =IF($K81="","",IF($K81=$K79,AA79,AA80)) | AE81: =IF($K81="","",IF($K81=$K79,AB79,AB80)) | AF81: =IF($K81="","",IF($K81=$K79,AC79,AC80)) | AG81: =IF($K81="","",IF($K81=$K79,AD79,AD80)) | AH81: =IF($K81="","",IF($K81=$K79,AV79,AV80)) | AI81: =IF($K81="","",IF($K81=$K79,AH79,AH80)) | AJ81: =IF($K81="","",IF($K81=$K79,AI79,AI80)) | AW81: =_xlfn.IFS(AX81="","",AX81=E81,"主",AX81=F81,"客") | AX81: =IF(说明!$F$11=3,_xlfn.IFS($G81=1,$E81,$G81=2,$F81,$G81=3,(IF(S81+T81=0,"",$E81)),$G81="加",(IF(S81+T81=0,"",$F81))),_xlfn.IFS($G81=1,$E81,$G81=2,$F81,$G81=3,$E81,$G81=4,(IF(S81+T81=0,"",$F81)),$G81=5,(IF(S81+T81=0,"",$E81)),$G81="加",(IF(S81+T81=0,"",$F81)))) | AY81: =_xlfn.IFS(AX81="","",AX81=E81,F81,AX81=F81,E81)
A82: =输入错误检查!A81 -> 0 | B82: =B81 -> 4 | C82: =C81 -> 13 | D82: =D81 -> 14 | E82: =E81 -> RC | F82: =F81 -> SKY | G82: 加 | H82: 下 | I82: =IF(K82="","",IF(K82=E82,"主","客")) | J82: =IF(K82="","",IF(K82=E82,F82,E82)) | U82: =_xlfn.IFS(S82+T82=0,"",S82>T82,IF(I82="主","屠","人"),S82<T82,IF(I82="主","人","屠"),S82=T82,"平") | V82: {=_xlfn.IFS(S82+T82=0,"",S82>T82,IF(I82="主",IF(S82=5,4,3),IF(S82=5,0,1)),S82<T82,IF(I82="主",IF(T82=5,0,1),IF(T82=5,4,3)),S82=T82,2)} | X82: =IF(X81="","",X81) | Y82: =IF($K82="","",IF($K82=$K80,AP80,AP79)) | Z82: =IF($K82="","",IF($K82=$K80,AQ80,AQ79)) | AA82: =IF($K82="","",IF($K82=$K80,AS80,AS79)) | AB82: =IF($K82="","",IF($K82=$K80,Y80,Y79)) | AC82: =IF($K82="","",IF($K82=$K80,Z80,Z79)) | AD82: =IF($K82="","",IF($K82=$K80,AA80,AA79)) | AE82: =IF($K82="","",IF($K82=$K80,AB80,AB79)) | AF82: =IF($K82="","",IF($K82=$K80,AC80,AC79)) | AG82: =IF($K82="","",IF($K82=$K80,AD80,AD79)) | AH82: =IF($K82="","",IF($K82=$K80,AV80,AV79)) | AI82: =IF($K82="","",IF($K82=$K80,AH80,AH79)) | AJ82: =IF($K82="","",IF($K82=$K80,AI80,AI79)) | AW82: =_xlfn.IFS(AX82="","",AX82=E82,"主",AX82=F82,"客") | AX82: =IF(说明!$F$11=3,_xlfn.IFS($G82=1,$E82,$G82=2,$F82,$G82=3,(IF(S82+T82=0,"",$E82)),$G82="加",(IF(S82+T82=0,"",$F82))),_xlfn.IFS($G82=1,$E82,$G82=2,$F82,$G82=3,$E82,$G82=4,(IF(S82+T82=0,"",$F82)),$G82=5,(IF(S82+T82=0,"",$E82)),$G82="加",(IF(S82+T82=0,"",$F82)))) | AY82: =_xlfn.IFS(AX82="","",AX82=E82,F82,AX82=F82,E82)
A83: =输入错误检查!A82 -> 0 | B83: 4 | C83: 13 | D83: 16 | E83: RVL | F83: GR | G83: 1 | H83: 上 | I83: =IF(K83="","",IF(K83=E83,"主","客")) -> 客 | J83: =IF(K83="","",IF(K83=E83,F83,E83)) -> RVL | K83: GR | L83: jin | M83: =S83+S84 -> 5 | N83: =T83+T84 -> 5 | O83: =M83+N83 -> 10 | P83: =IF(M83>N83,1,0) -> 0 | Q83: =IF(M83+N83=0,0,IF(M83=N83,1,0)) -> 1 | R83: =IF(M83<N83,1,0) -> 0 | S83: 0 | T83: 5 | U83: =_xlfn.IFS(S83+T83=0,"",S83>T83,IF(I83="主","屠","人"),S83<T83,IF(I83="主","人","屠"),S83=T83,"平") -> 屠 | V83: {=_xlfn.IFS(S83+T83=0,"",S83>T83,IF(I83="主",IF(S83=5,4,3),IF(S83=5,0,1)),S83<T83,IF(I83="主",IF(T83=5,0,1),IF(T83=5,4,3)),S83=T83,2)} -> 4 | W83: 湖景村 | X83: 永眠镇 | AK83: 大副 | AL83: 机械师 | AP83: 守墓人 | AQ83: 入殓师 | AR83: 先知 | AS83: 木偶师 | AT83: 祭司 | AU83: 舞女 | AV83: 喧嚣 | AW83: =_xlfn.IFS(AX83="","",AX83=E83,"主",AX83=F83,"客") -> 主 | AX83: =IF(说明!$F$11=3,_xlfn.IFS($G83=1,$E83,$G83=2,$F83,$G83=3,(IF(S83+T83=0,"",$E83)),$G83="加",(IF(S83+T83=0,"",$F83))),_xlfn.IFS($G83=1,$E83,$G83=2,$F83,$G83=3,$E83,$G83=4,(IF(S83+T83=0,"",$F83)),$G83=5,(IF(S83+T83=0,"",$E83)),$G83="加",(IF(S83+T83=0,"",$F83)))) -> RVL | AY83: =_xlfn.IFS(AX83="","",AX83=E83,F83,AX83=F83,E83) -> GR
A84: =输入错误检查!A83 -> 0 | B84: =B83 -> 4 | C84: =C83 -> 13 | D84: =D83 -> 16 | E84: =E83 -> RVL | F84: =F83 -> GR | G84: 1 | H84: 下 | I84: =IF(K84="","",IF(K84=E84,"主","客")) -> 主 | J84: =IF(K84="","",IF(K84=E84,F84,E84)) -> GR | K84: RVL | L84: sprintzer | S84: 5 | T84: 0 | U84: =_xlfn.IFS(S84+T84=0,"",S84>T84,IF(I84="主","屠","人"),S84<T84,IF(I84="主","人","屠"),S84=T84,"平") -> 屠 | V84: {=_xlfn.IFS(S84+T84=0,"",S84>T84,IF(I84="主",IF(S84=5,4,3),IF(S84=5,0,1)),S84<T84,IF(I84="主",IF(T84=5,0,1),IF(T84=5,4,3)),S84=T84,2)} -> 4 | W84: =IF(W83="","",W83) -> 湖景村 | X84: =IF(X83="","",X83) -> 永眠镇 | AK84: 先知 | AL84: 机械师 | AP84: 木偶师 | AQ84: 大副 | AR84: 骑士 | AS84: 舞女 | AT84: 古董商 | AU84: 小说家 | AV84: 跛脚羊 | AW84: =_xlfn.IFS(AX84="","",AX84=E84,"主",AX84=F84,"客") -> 主 | AX84: =IF(说明!$F$11=3,_xlfn.IFS($G84=1,$E84,$G84=2,$F84,$G84=3,(IF(S84+T84=0,"",$E84)),$G84="加",(IF(S84+T84=0,"",$F84))),_xlfn.IFS($G84=1,$E84,$G84=2,$F84,$G84=3,$E84,$G84=4,(IF(S84+T84=0,"",$F84)),$G84=5,(IF(S84+T84=0,"",$E84)),$G84="加",(IF(S84+T84=0,"",$F84)))) -> RVL | AY84: =_xlfn.IFS(AX84="","",AX84=E84,F84,AX84=F84,E84) -> GR
A85: =输入错误检查!A84 -> 0 | B85: =B84 -> 4 | C85: =C84 -> 13 | D85: =D84 -> 16 | E85: =E84 -> RVL | F85: =F84 -> GR | G85: 2 | H85: 上 | I85: =IF(K85="","",IF(K85=E85,"主","客")) -> 主 | J85: =IF(K85="","",IF(K85=E85,F85,E85)) -> GR | K85: RVL | L85: sprintzer | M85: =S85+S86 -> 2 | N85: =T85+T86 -> 7 | O85: =M85+N85 -> 9 | P85: =IF(M85>N85,1,0) -> 0 | Q85: =IF(M85+N85=0,0,IF(M85=N85,1,0)) -> 0 | R85: =IF(M85<N85,1,0) -> 1 | S85: 2 | T85: 2 | U85: =_xlfn.IFS(S85+T85=0,"",S85>T85,IF(I85="主","屠","人"),S85<T85,IF(I85="主","人","屠"),S85=T85,"平") -> 平 | V85: {=_xlfn.IFS(S85+T85=0,"",S85>T85,IF(I85="主",IF(S85=5,4,3),IF(S85=5,0,1)),S85<T85,IF(I85="主",IF(T85=5,0,1),IF(T85=5,4,3)),S85=T85,2)} -> 2 | W85: 月亮河公园 | X85: 湖景村 | Y85: =IF($K85="","",IF($K85=$K83,AP83,AP84)) -> 木偶师 | Z85: =IF($K85="","",IF($K85=$K83,AQ83,AQ84)) -> 大副 | AA85: =IF($K85="","",IF($K85=$K83,AS83,AS84)) -> 舞女 | AH85: =IF($K85="","",IF($K85=$K83,AV83,AV84)) -> 跛脚羊 | AK85: 先知 | AL85: 火灾调查员 | AM85: 喧嚣 | AP85: 囚徒 | AQ85: 哭泣小丑 | AR85: 古董商 | AS85: 空军 | AT85: 野人 | AU85: 佣兵 | AV85: 歌剧演员 | AW85: =_xlfn.IFS(AX85="","",AX85=E85,"主",AX85=F85,"客") -> 客 | AX85: =IF(说明!$F$11=3,_xlfn.IFS($G85=1,$E85,$G85=2,$F85,$G85=3,(IF(S85+T85=0,"",$E85)),$G85="加",(IF(S85+T85=0,"",$F85))),_xlfn.IFS($G85=1,$E85,$G85=2,$F85,$G85=3,$E85,$G85=4,(IF(S85+T85=0,"",$F85)),$G85=5,(IF(S85+T85=0,"",$E85)),$G85="加",(IF(S85+T85=0,"",$F85)))) -> GR | AY85: =_xlfn.IFS(AX85="","",AX85=E85,F85,AX85=F85,E85) -> RVL
A86: =输入错误检查!A85 -> 0 | B86: =B85 -> 4 | C86: =C85 -> 13 | D86: =D85 -> 16 | E86: =E85 -> RVL | F86: =F85 -> GR | G86: 2 | H86: 下 | I86: =IF(K86="","",IF(K86=E86,"主","客")) -> 客 | J86: =IF(K86="","",IF(K86=E86,F86,E86)) -> RVL | K86: GR | L86: jin | S86: 0 | T86: 5 | U86: =_xlfn.IFS(S86+T86=0,"",S86>T86,IF(I86="主","屠","人"),S86<T86,IF(I86="主","人","屠"),S86=T86,"平") -> 屠 | V86: {=_xlfn.IFS(S86+T86=0,"",S86>T86,IF(I86="主",IF(S86=5,4,3),IF(S86=5,0,1)),S86<T86,IF(I86="主",IF(T86=5,0,1),IF(T86=5,4,3)),S86=T86,2)} -> 4 | W86: =IF(W85="","",W85) -> 月亮河公园 | X86: =IF(X85="","",X85) -> 湖景村 | Y86: =IF($K86="","",IF($K86=$K84,AP84,AP83)) -> 守墓人 | Z86: =IF($K86="","",IF($K86=$K84,AQ84,AQ83)) -> 入殓师 | AA86: =IF($K86="","",IF($K86=$K84,AS84,AS83)) -> 木偶师 | AH86: =IF($K86="","",IF($K86=$K84,AV84,AV83)) -> 喧嚣 | AK86: 先知 | AL86: 空军 | AM86: 跛脚羊 | AP86: 火灾调查员 | AQ86: 古董商 | AR86: 大副 | AS86: 佣兵 | AT86: 心理学家 | AU86: 飞行家 | AV86: 时空之影 | AW86: =_xlfn.IFS(AX86="","",AX86=E86,"主",AX86=F86,"客") -> 客 | AX86: =IF(说明!$F$11=3,_xlfn.IFS($G86=1,$E86,$G86=2,$F86,$G86=3,(IF(S86+T86=0,"",$E86)),$G86="加",(IF(S86+T86=0,"",$F86))),_xlfn.IFS($G86=1,$E86,$G86=2,$F86,$G86=3,$E86,$G86=4,(IF(S86+T86=0,"",$F86)),$G86=5,(IF(S86+T86=0,"",$E86)),$G86="加",(IF(S86+T86=0,"",$F86)))) -> GR | AY86: =_xlfn.IFS(AX86="","",AX86=E86,F86,AX86=F86,E86) -> RVL
A87: =输入错误检查!A86 -> 0 | B87: =B86 -> 4 | C87: =C86 -> 13 | D87: =D86 -> 16 | E87: =E86 -> RVL | F87: =F86 -> GR | G87: 3 | H87: 上 | I87: =IF(K87="","",IF(K87=E87,"主","客")) -> 客 | J87: =IF(K87="","",IF(K87=E87,F87,E87)) -> RVL | K87: GR | L87: jin | M87: =S87+S88 -> 3 | N87: =T87+T88 -> 6 | O87: =M87+N87 -> 9 | P87: =IF(M87>N87,1,0) -> 0 | Q87: =IF(M87+N87=0,0,IF(M87=N87,1,0)) -> 0 | R87: =IF(M87<N87,1,0) -> 1 | S87: 3 | T87: 1 | U87: =_xlfn.IFS(S87+T87=0,"",S87>T87,IF(I87="主","屠","人"),S87<T87,IF(I87="主","人","屠"),S87=T87,"平") -> 人 | V87: {=_xlfn.IFS(S87+T87=0,"",S87>T87,IF(I87="主",IF(S87=5,4,3),IF(S87=5,0,1)),S87<T87,IF(I87="主",IF(T87=5,0,1),IF(T87=5,4,3)),S87=T87,2)} -> 1 | X87: 唐人街 | Y87: =IF($K87="","",IF($K87=$K85,AP85,AP86)) -> 火灾调查员 | Z87: =IF($K87="","",IF($K87=$K85,AQ85,AQ86)) -> 古董商 | AA87: =IF($K87="","",IF($K87=$K85,AS85,AS86)) -> 佣兵 | AB87: =IF($K87="","",IF($K87=$K85,Y85,Y86)) -> 守墓人 | AC87: =IF($K87="","",IF($K87=$K85,Z85,Z86)) -> 入殓师 | AD87: =IF($K87="","",IF($K87=$K85,AA85,AA86)) -> 木偶师 | AH87: =IF($K87="","",IF($K87=$K85,AV85,AV86)) -> 时空之影 | AI87: =IF($K87="","",IF($K87=$K85,AH85,AH86)) -> 喧嚣 | AK87: 空军 | AL87: 祭司 | AM87: 跛脚羊 | AN87: 歌剧演员 | AP87: 大副 | AQ87: 哭泣小丑 | AR87: 先知 | AS87: 杂技演员 | AT87: 病患 | AU87: 邮差 | AV87: 蜡像师 | AW87: =_xlfn.IFS(AX87="","",AX87=E87,"主",AX87=F87,"客") -> 主 | AX87: =IF(说明!$F$11=3,_xlfn.IFS($G87=1,$E87,$G87=2,$F87,$G87=3,(IF(S87+T87=0,"",$E87)),$G87="加",(IF(S87+T87=0,"",$F87))),_xlfn.IFS($G87=1,$E87,$G87=2,$F87,$G87=3,$E87,$G87=4,(IF(S87+T87=0,"",$F87)),$G87=5,(IF(S87+T87=0,"",$E87)),$G87="加",(IF(S87+T87=0,"",$F87)))) -> RVL | AY87: =_xlfn.IFS(AX87="","",AX87=E87,F87,AX87=F87,E87) -> GR
A88: =输入错误检查!A87 -> 0 | B88: =B87 -> 4 | C88: =C87 -> 13 | D88: =D87 -> 16 | E88: =E87 -> RVL | F88: =F87 -> GR | G88: 3 | H88: 下 | I88: =IF(K88="","",IF(K88=E88,"主","客")) -> 主 | J88: =IF(K88="","",IF(K88=E88,F88,E88)) -> GR | K88: RVL | L88: sprintzer | S88: 0 | T88: 5 | U88: =_xlfn.IFS(S88+T88=0,"",S88>T88,IF(I88="主","屠","人"),S88<T88,IF(I88="主","人","屠"),S88=T88,"平") -> 人 | V88: {=_xlfn.IFS(S88+T88=0,"",S88>T88,IF(I88="主",IF(S88=5,4,3),IF(S88=5,0,1)),S88<T88,IF(I88="主",IF(T88=5,0,1),IF(T88=5,4,3)),S88=T88,2)} -> 0 | X88: =IF(X87="","",X87) -> 唐人街 | Y88: =IF($K88="","",IF($K88=$K86,AP86,AP85)) -> 囚徒 | Z88: =IF($K88="","",IF($K88=$K86,AQ86,AQ85)) -> 哭泣小丑 | AA88: =IF($K88="","",IF($K88=$K86,AS86,AS85)) -> 空军 | AB88: =IF($K88="","",IF($K88=$K86,Y86,Y85)) -> 木偶师 | AC88: =IF($K88="","",IF($K88=$K86,Z86,Z85)) -> 大副 | AD88: =IF($K88="","",IF($K88=$K86,AA86,AA85)) -> 舞女 | AH88: =IF($K88="","",IF($K88=$K86,AV86,AV85)) -> 歌剧演员 | AI88: =IF($K88="","",IF($K88=$K86,AH86,AH85)) -> 跛脚羊 | AK88: 先知 | AL88: 入殓师 | AM88: 时空之影 | AN88: 喧嚣 | AP88: 守墓人 | AQ88: 古董商 | AR88: 心理学家 | AS88: 火灾调查员 | AT88: 飞行家 | AU88: 调酒师 | AV88: 使徒 | AW88: =_xlfn.IFS(AX88="","",AX88=E88,"主",AX88=F88,"客") -> 主 | AX88: =IF(说明!$F$11=3,_xlfn.IFS($G88=1,$E88,$G88=2,$F88,$G88=3,(IF(S88+T88=0,"",$E88)),$G88="加",(IF(S88+T88=0,"",$F88))),_xlfn.IFS($G88=1,$E88,$G88=2,$F88,$G88=3,$E88,$G88=4,(IF(S88+T88=0,"",$F88)),$G88=5,(IF(S88+T88=0,"",$E88)),$G88="加",(IF(S88+T88=0,"",$F88)))) -> RVL | AY88: =_xlfn.IFS(AX88="","",AX88=E88,F88,AX88=F88,E88) -> GR
A89: =输入错误检查!A88 -> 0 | B89: =B88 -> 4 | C89: =C88 -> 13 | D89: =D88 -> 16 | E89: =E88 -> RVL | F89: =F88 -> GR | G89: 加 | H89: 上 | I89: =IF(K89="","",IF(K89=E89,"主","客")) | J89: =IF(K89="","",IF(K89=E89,F89,E89)) | M89: =S89+S90 -> 0 | N89: =T89+T90 -> 0 | O89: =M89+N89 -> 0 | P89: =IF(M89>N89,1,0) -> 0 | Q89: =IF(M89+N89=0,0,IF(M89=N89,1,0)) -> 0 | R89: =IF(M89<N89,1,0) -> 0 | U89: =_xlfn.IFS(S89+T89=0,"",S89>T89,IF(I89="主","屠","人"),S89<T89,IF(I89="主","人","屠"),S89=T89,"平") | V89: {=_xlfn.IFS(S89+T89=0,"",S89>T89,IF(I89="主",IF(S89=5,4,3),IF(S89=5,0,1)),S89<T89,IF(I89="主",IF(T89=5,0,1),IF(T89=5,4,3)),S89=T89,2)} | Y89: =IF($K89="","",IF($K89=$K87,AP87,AP88)) | Z89: =IF($K89="","",IF($K89=$K87,AQ87,AQ88)) | AA89: =IF($K89="","",IF($K89=$K87,AS87,AS88)) | AB89: =IF($K89="","",IF($K89=$K87,Y87,Y88)) | AC89: =IF($K89="","",IF($K89=$K87,Z87,Z88)) | AD89: =IF($K89="","",IF($K89=$K87,AA87,AA88)) | AE89: =IF($K89="","",IF($K89=$K87,AB87,AB88)) | AF89: =IF($K89="","",IF($K89=$K87,AC87,AC88)) | AG89: =IF($K89="","",IF($K89=$K87,AD87,AD88)) | AH89: =IF($K89="","",IF($K89=$K87,AV87,AV88)) | AI89: =IF($K89="","",IF($K89=$K87,AH87,AH88)) | AJ89: =IF($K89="","",IF($K89=$K87,AI87,AI88)) | AW89: =_xlfn.IFS(AX89="","",AX89=E89,"主",AX89=F89,"客") | AX89: =IF(说明!$F$11=3,_xlfn.IFS($G89=1,$E89,$G89=2,$F89,$G89=3,(IF(S89+T89=0,"",$E89)),$G89="加",(IF(S89+T89=0,"",$F89))),_xlfn.IFS($G89=1,$E89,$G89=2,$F89,$G89=3,$E89,$G89=4,(IF(S89+T89=0,"",$F89)),$G89=5,(IF(S89+T89=0,"",$E89)),$G89="加",(IF(S89+T89=0,"",$F89)))) | AY89: =_xlfn.IFS(AX89="","",AX89=E89,F89,AX89=F89,E89)
A90: =输入错误检查!A89 -> 0 | B90: =B89 -> 4 | C90: =C89 -> 13 | D90: =D89 -> 16 | E90: =E89 -> RVL | F90: =F89 -> GR | G90: 加 | H90: 下 | I90: =IF(K90="","",IF(K90=E90,"主","客")) | J90: =IF(K90="","",IF(K90=E90,F90,E90)) | U90: =_xlfn.IFS(S90+T90=0,"",S90>T90,IF(I90="主","屠","人"),S90<T90,IF(I90="主","人","屠"),S90=T90,"平") | V90: {=_xlfn.IFS(S90+T90=0,"",S90>T90,IF(I90="主",IF(S90=5,4,3),IF(S90=5,0,1)),S90<T90,IF(I90="主",IF(T90=5,0,1),IF(T90=5,4,3)),S90=T90,2)} | X90: =IF(X89="","",X89) | Y90: =IF($K90="","",IF($K90=$K88,AP88,AP87)) | Z90: =IF($K90="","",IF($K90=$K88,AQ88,AQ87)) | AA90: =IF($K90="","",IF($K90=$K88,AS88,AS87)) | AB90: =IF($K90="","",IF($K90=$K88,Y88,Y87)) | AC90: =IF($K90="","",IF($K90=$K88,Z88,Z87)) | AD90: =IF($K90="","",IF($K90=$K88,AA88,AA87)) | AE90: =IF($K90="","",IF($K90=$K88,AB88,AB87)) | AF90: =IF($K90="","",IF($K90=$K88,AC88,AC87)) | AG90: =IF($K90="","",IF($K90=$K88,AD88,AD87)) | AH90: =IF($K90="","",IF($K90=$K88,AV88,AV87)) | AI90: =IF($K90="","",IF($K90=$K88,AH88,AH87)) | AJ90: =IF($K90="","",IF($K90=$K88,AI88,AI87)) | AW90: =_xlfn.IFS(AX90="","",AX90=E90,"主",AX90=F90,"客") | AX90: =IF(说明!$F$11=3,_xlfn.IFS($G90=1,$E90,$G90=2,$F90,$G90=3,(IF(S90+T90=0,"",$E90)),$G90="加",(IF(S90+T90=0,"",$F90))),_xlfn.IFS($G90=1,$E90,$G90=2,$F90,$G90=3,$E90,$G90=4,(IF(S90+T90=0,"",$F90)),$G90=5,(IF(S90+T90=0,"",$E90)),$G90="加",(IF(S90+T90=0,"",$F90)))) | AY90: =_xlfn.IFS(AX90="","",AX90=E90,F90,AX90=F90,E90)
A91: =输入错误检查!A90 -> 0 | B91: 4 | C91: 13 | D91: 18 | E91: RD | F91: MRC | G91: 1 | H91: 上 | I91: =IF(K91="","",IF(K91=E91,"主","客")) -> 客 | J91: =IF(K91="","",IF(K91=E91,F91,E91)) -> RD | K91: MRC | L91: xc | M91: =S91+S92 -> 4 | N91: =T91+T92 -> 4 | O91: =M91+N91 -> 8 | P91: =IF(M91>N91,1,0) -> 0 | Q91: =IF(M91+N91=0,0,IF(M91=N91,1,0)) -> 1 | R91: =IF(M91<N91,1,0) -> 0 | S91: 2 | T91: 2 | U91: =_xlfn.IFS(S91+T91=0,"",S91>T91,IF(I91="主","屠","人"),S91<T91,IF(I91="主","人","屠"),S91=T91,"平") -> 平 | V91: {=_xlfn.IFS(S91+T91=0,"",S91>T91,IF(I91="主",IF(S91=5,4,3),IF(S91=5,0,1)),S91<T91,IF(I91="主",IF(T91=5,0,1),IF(T91=5,4,3)),S91=T91,2)} -> 2 | W91: 唐人街 | X91: 永眠镇 | AK91: 入殓师 | AL91: 大副 | AP91: 守墓人 | AQ91: 古董商 | AR91: 木偶师 | AS91: 飞行家 | AT91: 骑士 | AU91: 园丁 | AV91: 时空之影 | AW91: =_xlfn.IFS(AX91="","",AX91=E91,"主",AX91=F91,"客") -> 主 | AX91: =IF(说明!$F$11=3,_xlfn.IFS($G91=1,$E91,$G91=2,$F91,$G91=3,(IF(S91+T91=0,"",$E91)),$G91="加",(IF(S91+T91=0,"",$F91))),_xlfn.IFS($G91=1,$E91,$G91=2,$F91,$G91=3,$E91,$G91=4,(IF(S91+T91=0,"",$F91)),$G91=5,(IF(S91+T91=0,"",$E91)),$G91="加",(IF(S91+T91=0,"",$F91)))) -> RD | AY91: =_xlfn.IFS(AX91="","",AX91=E91,F91,AX91=F91,E91) -> MRC
A92: =输入错误检查!A91 -> 0 | B92: =B91 -> 4 | C92: =C91 -> 13 | D92: =D91 -> 18 | E92: =E91 -> RD | F92: =F91 -> MRC | G92: 1 | H92: 下 | I92: =IF(K92="","",IF(K92=E92,"主","客")) -> 主 | J92: =IF(K92="","",IF(K92=E92,F92,E92)) -> MRC | K92: RD | L92: hajimi | S92: 2 | T92: 2 | U92: =_xlfn.IFS(S92+T92=0,"",S92>T92,IF(I92="主","屠","人"),S92<T92,IF(I92="主","人","屠"),S92=T92,"平") -> 平 | V92: {=_xlfn.IFS(S92+T92=0,"",S92>T92,IF(I92="主",IF(S92=5,4,3),IF(S92=5,0,1)),S92<T92,IF(I92="主",IF(T92=5,0,1),IF(T92=5,4,3)),S92=T92,2)} -> 2 | W92: =IF(W91="","",W91) -> 唐人街 | X92: =IF(X91="","",X91) -> 永眠镇 | AK92: 机械师 | AL92: 大副 | AP92: 守墓人 | AQ92: 骑士 | AR92: 祭司 | AS92: 调香师 | AT92: 心理学家 | AU92: 飞行家 | AV92: 喧嚣 | AW92: =_xlfn.IFS(AX92="","",AX92=E92,"主",AX92=F92,"客") -> 主 | AX92: =IF(说明!$F$11=3,_xlfn.IFS($G92=1,$E92,$G92=2,$F92,$G92=3,(IF(S92+T92=0,"",$E92)),$G92="加",(IF(S92+T92=0,"",$F92))),_xlfn.IFS($G92=1,$E92,$G92=2,$F92,$G92=3,$E92,$G92=4,(IF(S92+T92=0,"",$F92)),$G92=5,(IF(S92+T92=0,"",$E92)),$G92="加",(IF(S92+T92=0,"",$F92)))) -> RD | AY92: =_xlfn.IFS(AX92="","",AX92=E92,F92,AX92=F92,E92) -> MRC
A93: =输入错误检查!A92 -> 0 | B93: =B92 -> 4 | C93: =C92 -> 13 | D93: =D92 -> 18 | E93: =E92 -> RD | F93: =F92 -> MRC | G93: 2 | H93: 上 | I93: =IF(K93="","",IF(K93=E93,"主","客")) -> 客 | J93: =IF(K93="","",IF(K93=E93,F93,E93)) -> RD | K93: MRC | L93: xc | M93: =S93+S94 -> 4 | N93: =T93+T94 -> 4 | O93: =M93+N93 -> 8 | P93: =IF(M93>N93,1,0) -> 0 | Q93: =IF(M93+N93=0,0,IF(M93=N93,1,0)) -> 1 | R93: =IF(M93<N93,1,0) -> 0 | S93: 2 | T93: 2 | U93: =_xlfn.IFS(S93+T93=0,"",S93>T93,IF(I93="主","屠","人"),S93<T93,IF(I93="主","人","屠"),S93=T93,"平") -> 平 | V93: {=_xlfn.IFS(S93+T93=0,"",S93>T93,IF(I93="主",IF(S93=5,4,3),IF(S93=5,0,1)),S93<T93,IF(I93="主",IF(T93=5,0,1),IF(T93=5,4,3)),S93=T93,2)} -> 2 | W93: 月亮河公园 | X93: 圣心医院 | Y93: =IF($K93="","",IF($K93=$K91,AP91,AP92)) -> 守墓人 | Z93: =IF($K93="","",IF($K93=$K91,AQ91,AQ92)) -> 古董商 | AA93: =IF($K93="","",IF($K93=$K91,AS91,AS92)) -> 飞行家 | AH93: =IF($K93="","",IF($K93=$K91,AV91,AV92)) -> 时空之影 | AK93: 大副 | AL93: 木偶师 | AM93: 跛脚羊 | AP93: 入殓师 | AQ93: 佣兵 | AR93: 骑士 | AS93: 心理学家 | AT93: 先知 | AU93: 火灾调查员 | AV93: 喧嚣 | AW93: =_xlfn.IFS(AX93="","",AX93=E93,"主",AX93=F93,"客") -> 客 | AX93: =IF(说明!$F$11=3,_xlfn.IFS($G93=1,$E93,$G93=2,$F93,$G93=3,(IF(S93+T93=0,"",$E93)),$G93="加",(IF(S93+T93=0,"",$F93))),_xlfn.IFS($G93=1,$E93,$G93=2,$F93,$G93=3,$E93,$G93=4,(IF(S93+T93=0,"",$F93)),$G93=5,(IF(S93+T93=0,"",$E93)),$G93="加",(IF(S93+T93=0,"",$F93)))) -> MRC | AY93: =_xlfn.IFS(AX93="","",AX93=E93,F93,AX93=F93,E93) -> RD
A94: =输入错误检查!A93 -> 0 | B94: =B93 -> 4 | C94: =C93 -> 13 | D94: =D93 -> 18 | E94: =E93 -> RD | F94: =F93 -> MRC | G94: 2 | H94: 下 | I94: =IF(K94="","",IF(K94=E94,"主","客")) -> 主 | J94: =IF(K94="","",IF(K94=E94,F94,E94)) -> MRC | K94: RD | L94: hajimi | S94: 2 | T94: 2 | U94: =_xlfn.IFS(S94+T94=0,"",S94>T94,IF(I94="主","屠","人"),S94<T94,IF(I94="主","人","屠"),S94=T94,"平") -> 平 | V94: {=_xlfn.IFS(S94+T94=0,"",S94>T94,IF(I94="主",IF(S94=5,4,3),IF(S94=5,0,1)),S94<T94,IF(I94="主",IF(T94=5,0,1),IF(T94=5,4,3)),S94=T94,2)} -> 2 | W94: =IF(W93="","",W93) -> 月亮河公园 | X94: =IF(X93="","",X93) -> 圣心医院 | Y94: =IF($K94="","",IF($K94=$K92,AP92,AP91)) -> 守墓人 | Z94: =IF($K94="","",IF($K94=$K92,AQ92,AQ91)) -> 骑士 | AA94: =IF($K94="","",IF($K94=$K92,AS92,AS91)) -> 调香师 | AH94: =IF($K94="","",IF($K94=$K92,AV92,AV91)) -> 喧嚣 | AK94: 先知 | AL94: 空军 | AM94: 跛脚羊 | AP94: 杂技演员 | AQ94: 佣兵 | AR94: 入殓师 | AS94: 勘探员 | AT94: 飞行家 | AU94: 病患 | AV94: 雕刻家 | AW94: =_xlfn.IFS(AX94="","",AX94=E94,"主",AX94=F94,"客") -> 客 | AX94: =IF(说明!$F$11=3,_xlfn.IFS($G94=1,$E94,$G94=2,$F94,$G94=3,(IF(S94+T94=0,"",$E94)),$G94="加",(IF(S94+T94=0,"",$F94))),_xlfn.IFS($G94=1,$E94,$G94=2,$F94,$G94=3,$E94,$G94=4,(IF(S94+T94=0,"",$F94)),$G94=5,(IF(S94+T94=0,"",$E94)),$G94="加",(IF(S94+T94=0,"",$F94)))) -> MRC | AY94: =_xlfn.IFS(AX94="","",AX94=E94,F94,AX94=F94,E94) -> RD
A95: =输入错误检查!A94 -> 0 | B95: =B94 -> 4 | C95: =C94 -> 13 | D95: =D94 -> 18 | E95: =E94 -> RD | F95: =F94 -> MRC | G95: 3 | H95: 上 | I95: =IF(K95="","",IF(K95=E95,"主","客")) -> 客 | J95: =IF(K95="","",IF(K95=E95,F95,E95)) -> RD | K95: MRC | L95: xc | M95: =S95+S96 -> 3 | N95: =T95+T96 -> 5 | O95: =M95+N95 -> 8 | P95: =IF(M95>N95,1,0) -> 0 | Q95: =IF(M95+N95=0,0,IF(M95=N95,1,0)) -> 0 | R95: =IF(M95<N95,1,0) -> 1 | S95: 1 | T95: 3 | U95: =_xlfn.IFS(S95+T95=0,"",S95>T95,IF(I95="主","屠","人"),S95<T95,IF(I95="主","人","屠"),S95=T95,"平") -> 屠 | V95: {=_xlfn.IFS(S95+T95=0,"",S95>T95,IF(I95="主",IF(S95=5,4,3),IF(S95=5,0,1)),S95<T95,IF(I95="主",IF(T95=5,0,1),IF(T95=5,4,3)),S95=T95,2)} -> 3 | X95: 军工厂 | Y95: =IF($K95="","",IF($K95=$K93,AP93,AP94)) -> 入殓师 | Z95: =IF($K95="","",IF($K95=$K93,AQ93,AQ94)) -> 佣兵 | AA95: =IF($K95="","",IF($K95=$K93,AS93,AS94)) -> 心理学家 | AB95: =IF($K95="","",IF($K95=$K93,Y93,Y94)) -> 守墓人 | AC95: =IF($K95="","",IF($K95=$K93,Z93,Z94)) -> 古董商 | AD95: =IF($K95="","",IF($K95=$K93,AA93,AA94)) -> 飞行家 | AH95: =IF($K95="","",IF($K95=$K93,AV93,AV94)) -> 喧嚣 | AI95: =IF($K95="","",IF($K95=$K93,AH93,AH94)) -> 时空之影 | AK95: 先知 | AL95: 空军 | AM95: 跛脚羊 | AN95: 梦之女巫 | AP95: 骑士 | AQ95: 小说家 | AR95: 勘探员 | AS95: 木偶师 | AT95: 哭泣小丑 | AU95: 邮差 | AV95: 使徒 | AW95: =_xlfn.IFS(AX95="","",AX95=E95,"主",AX95=F95,"客") -> 主 | AX95: =IF(说明!$F$11=3,_xlfn.IFS($G95=1,$E95,$G95=2,$F95,$G95=3,(IF(S95+T95=0,"",$E95)),$G95="加",(IF(S95+T95=0,"",$F95))),_xlfn.IFS($G95=1,$E95,$G95=2,$F95,$G95=3,$E95,$G95=4,(IF(S95+T95=0,"",$F95)),$G95=5,(IF(S95+T95=0,"",$E95)),$G95="加",(IF(S95+T95=0,"",$F95)))) -> RD | AY95: =_xlfn.IFS(AX95="","",AX95=E95,F95,AX95=F95,E95) -> MRC
A96: =输入错误检查!A95 -> 0 | B96: =B95 -> 4 | C96: =C95 -> 13 | D96: =D95 -> 18 | E96: =E95 -> RD | F96: =F95 -> MRC | G96: 3 | H96: 下 | I96: =IF(K96="","",IF(K96=E96,"主","客")) -> 主 | J96: =IF(K96="","",IF(K96=E96,F96,E96)) -> MRC | K96: RD | L96: hajimi | S96: 2 | T96: 2 | U96: =_xlfn.IFS(S96+T96=0,"",S96>T96,IF(I96="主","屠","人"),S96<T96,IF(I96="主","人","屠"),S96=T96,"平") -> 平 | V96: {=_xlfn.IFS(S96+T96=0,"",S96>T96,IF(I96="主",IF(S96=5,4,3),IF(S96=5,0,1)),S96<T96,IF(I96="主",IF(T96=5,0,1),IF(T96=5,4,3)),S96=T96,2)} -> 2 | X96: =IF(X95="","",X95) -> 军工厂 | Y96: =IF($K96="","",IF($K96=$K94,AP94,AP93)) -> 杂技演员 | Z96: =IF($K96="","",IF($K96=$K94,AQ94,AQ93)) -> 佣兵 | AA96: =IF($K96="","",IF($K96=$K94,AS94,AS93)) -> 勘探员 | AB96: =IF($K96="","",IF($K96=$K94,Y94,Y93)) -> 守墓人 | AC96: =IF($K96="","",IF($K96=$K94,Z94,Z93)) -> 骑士 | AD96: =IF($K96="","",IF($K96=$K94,AA94,AA93)) -> 调香师 | AH96: =IF($K96="","",IF($K96=$K94,AV94,AV93)) -> 雕刻家 | AI96: =IF($K96="","",IF($K96=$K94,AH94,AH93)) -> 喧嚣 | AK96: 先知 | AL96: 冒险家 | AM96: 跛脚羊 | AN96: 时空之影 | AP96: 大副 | AQ96: 古董商 | AR96: 小说家 | AS96: 病患 | AT96: 机械师 | AU96: 木偶师 | AV96: 使徒 | AW96: =_xlfn.IFS(AX96="","",AX96=E96,"主",AX96=F96,"客") -> 主 | AX96: =IF(说明!$F$11=3,_xlfn.IFS($G96=1,$E96,$G96=2,$F96,$G96=3,(IF(S96+T96=0,"",$E96)),$G96="加",(IF(S96+T96=0,"",$F96))),_xlfn.IFS($G96=1,$E96,$G96=2,$F96,$G96=3,$E96,$G96=4,(IF(S96+T96=0,"",$F96)),$G96=5,(IF(S96+T96=0,"",$E96)),$G96="加",(IF(S96+T96=0,"",$F96)))) -> RD | AY96: =_xlfn.IFS(AX96="","",AX96=E96,F96,AX96=F96,E96) -> MRC
A97: =输入错误检查!A96 -> 0 | B97: =B96 -> 4 | C97: =C96 -> 13 | D97: =D96 -> 18 | E97: =E96 -> RD | F97: =F96 -> MRC | G97: 加 | H97: 上 | I97: =IF(K97="","",IF(K97=E97,"主","客")) | J97: =IF(K97="","",IF(K97=E97,F97,E97)) | M97: =S97+S98 -> 0 | N97: =T97+T98 -> 0 | O97: =M97+N97 -> 0 | P97: =IF(M97>N97,1,0) -> 0 | Q97: =IF(M97+N97=0,0,IF(M97=N97,1,0)) -> 0 | R97: =IF(M97<N97,1,0) -> 0 | U97: =_xlfn.IFS(S97+T97=0,"",S97>T97,IF(I97="主","屠","人"),S97<T97,IF(I97="主","人","屠"),S97=T97,"平") | V97: {=_xlfn.IFS(S97+T97=0,"",S97>T97,IF(I97="主",IF(S97=5,4,3),IF(S97=5,0,1)),S97<T97,IF(I97="主",IF(T97=5,0,1),IF(T97=5,4,3)),S97=T97,2)} | Y97: =IF($K97="","",IF($K97=$K95,AP95,AP96)) | Z97: =IF($K97="","",IF($K97=$K95,AQ95,AQ96)) | AA97: =IF($K97="","",IF($K97=$K95,AS95,AS96)) | AB97: =IF($K97="","",IF($K97=$K95,Y95,Y96)) | AC97: =IF($K97="","",IF($K97=$K95,Z95,Z96)) | AD97: =IF($K97="","",IF($K97=$K95,AA95,AA96)) | AE97: =IF($K97="","",IF($K97=$K95,AB95,AB96)) | AF97: =IF($K97="","",IF($K97=$K95,AC95,AC96)) | AG97: =IF($K97="","",IF($K97=$K95,AD95,AD96)) | AH97: =IF($K97="","",IF($K97=$K95,AV95,AV96)) | AI97: =IF($K97="","",IF($K97=$K95,AH95,AH96)) | AJ97: =IF($K97="","",IF($K97=$K95,AI95,AI96)) | AW97: =_xlfn.IFS(AX97="","",AX97=E97,"主",AX97=F97,"客") | AX97: =IF(说明!$F$11=3,_xlfn.IFS($G97=1,$E97,$G97=2,$F97,$G97=3,(IF(S97+T97=0,"",$E97)),$G97="加",(IF(S97+T97=0,"",$F97))),_xlfn.IFS($G97=1,$E97,$G97=2,$F97,$G97=3,$E97,$G97=4,(IF(S97+T97=0,"",$F97)),$G97=5,(IF(S97+T97=0,"",$E97)),$G97="加",(IF(S97+T97=0,"",$F97)))) | AY97: =_xlfn.IFS(AX97="","",AX97=E97,F97,AX97=F97,E97)
A98: =输入错误检查!A97 -> 0 | B98: =B97 -> 4 | C98: =C97 -> 13 | D98: =D97 -> 18 | E98: =E97 -> RD | F98: =F97 -> MRC | G98: 加 | H98: 下 | I98: =IF(K98="","",IF(K98=E98,"主","客")) | J98: =IF(K98="","",IF(K98=E98,F98,E98)) | U98: =_xlfn.IFS(S98+T98=0,"",S98>T98,IF(I98="主","屠","人"),S98<T98,IF(I98="主","人","屠"),S98=T98,"平") | V98: {=_xlfn.IFS(S98+T98=0,"",S98>T98,IF(I98="主",IF(S98=5,4,3),IF(S98=5,0,1)),S98<T98,IF(I98="主",IF(T98=5,0,1),IF(T98=5,4,3)),S98=T98,2)} | X98: =IF(X97="","",X97) | Y98: =IF($K98="","",IF($K98=$K96,AP96,AP95)) | Z98: =IF($K98="","",IF($K98=$K96,AQ96,AQ95)) | AA98: =IF($K98="","",IF($K98=$K96,AS96,AS95)) | AB98: =IF($K98="","",IF($K98=$K96,Y96,Y95)) | AC98: =IF($K98="","",IF($K98=$K96,Z96,Z95)) | AD98: =IF($K98="","",IF($K98=$K96,AA96,AA95)) | AE98: =IF($K98="","",IF($K98=$K96,AB96,AB95)) | AF98: =IF($K98="","",IF($K98=$K96,AC96,AC95)) | AG98: =IF($K98="","",IF($K98=$K96,AD96,AD95)) | AH98: =IF($K98="","",IF($K98=$K96,AV96,AV95)) | AI98: =IF($K98="","",IF($K98=$K96,AH96,AH95)) | AJ98: =IF($K98="","",IF($K98=$K96,AI96,AI95)) | AW98: =_xlfn.IFS(AX98="","",AX98=E98,"主",AX98=F98,"客") | AX98: =IF(说明!$F$11=3,_xlfn.IFS($G98=1,$E98,$G98=2,$F98,$G98=3,(IF(S98+T98=0,"",$E98)),$G98="加",(IF(S98+T98=0,"",$F98))),_xlfn.IFS($G98=1,$E98,$G98=2,$F98,$G98=3,$E98,$G98=4,(IF(S98+T98=0,"",$F98)),$G98=5,(IF(S98+T98=0,"",$E98)),$G98="加",(IF(S98+T98=0,"",$F98)))) | AY98: =_xlfn.IFS(AX98="","",AX98=E98,F98,AX98=F98,E98)
A99: =输入错误检查!A98 -> 0 | B99: 4 | C99: 14 | D99: 12 | E99: AWG | F99: TE | G99: 1 | H99: 上 | I99: =IF(K99="","",IF(K99=E99,"主","客")) -> 客 | J99: =IF(K99="","",IF(K99=E99,F99,E99)) -> AWG | K99: TE | L99: ppei | M99: =S99+S100 -> 2 | N99: =T99+T100 -> 7 | O99: =M99+N99 -> 9 | P99: =IF(M99>N99,1,0) -> 0 | Q99: =IF(M99+N99=0,0,IF(M99=N99,1,0)) -> 0 | R99: =IF(M99<N99,1,0) -> 1 | S99: 0 | T99: 5 | U99: =_xlfn.IFS(S99+T99=0,"",S99>T99,IF(I99="主","屠","人"),S99<T99,IF(I99="主","人","屠"),S99=T99,"平") -> 屠 | V99: {=_xlfn.IFS(S99+T99=0,"",S99>T99,IF(I99="主",IF(S99=5,4,3),IF(S99=5,0,1)),S99<T99,IF(I99="主",IF(T99=5,0,1),IF(T99=5,4,3)),S99=T99,2)} -> 4 | W99: 月亮河公园 | X99: 红教堂 | AK99: 先知 | AL99: 机械师 | AP99: 守墓人 | AQ99: 木偶师 | AR99: 冒险家 | AS99: 咒术师 | AT99: 入殓师 | AU99: 杂技演员 | AV99: 跛脚羊 | AW99: =_xlfn.IFS(AX99="","",AX99=E99,"主",AX99=F99,"客") -> 主 | AX99: =IF(说明!$F$11=3,_xlfn.IFS($G99=1,$E99,$G99=2,$F99,$G99=3,(IF(S99+T99=0,"",$E99)),$G99="加",(IF(S99+T99=0,"",$F99))),_xlfn.IFS($G99=1,$E99,$G99=2,$F99,$G99=3,$E99,$G99=4,(IF(S99+T99=0,"",$F99)),$G99=5,(IF(S99+T99=0,"",$E99)),$G99="加",(IF(S99+T99=0,"",$F99)))) -> AWG | AY99: =_xlfn.IFS(AX99="","",AX99=E99,F99,AX99=F99,E99) -> TE
A100: =输入错误检查!A99 -> 0 | B100: =B99 -> 4 | C100: =C99 -> 14 | D100: =D99 -> 12 | E100: =E99 -> AWG | F100: =F99 -> TE | G100: 1 | H100: 下 | I100: =IF(K100="","",IF(K100=E100,"主","客")) -> 主 | J100: =IF(K100="","",IF(K100=E100,F100,E100)) -> TE | K100: AWG | L100: brontal | S100: 2 | T100: 2 | U100: =_xlfn.IFS(S100+T100=0,"",S100>T100,IF(I100="主","屠","人"),S100<T100,IF(I100="主","人","屠"),S100=T100,"平") -> 平 | V100: {=_xlfn.IFS(S100+T100=0,"",S100>T100,IF(I100="主",IF(S100=5,4,3),IF(S100=5,0,1)),S100<T100,IF(I100="主",IF(T100=5,0,1),IF(T100=5,4,3)),S100=T100,2)} -> 2 | W100: 月亮河公园 | X100: 红教堂 | AK100: 大副 | AL100: 机械师 | AP100: 先知 | AQ100: 守墓人 | AR100: 空军 | AS100: 飞行家 | AT100: 火灾调查员 | AU100: 古董商 | AV100: 喧嚣 | AW100: =_xlfn.IFS(AX100="","",AX100=E100,"主",AX100=F100,"客") -> 主 | AX100: =IF(说明!$F$11=3,_xlfn.IFS($G100=1,$E100,$G100=2,$F100,$G100=3,(IF(S100+T100=0,"",$E100)),$G100="加",(IF(S100+T100=0,"",$F100))),_xlfn.IFS($G100=1,$E100,$G100=2,$F100,$G100=3,$E100,$G100=4,(IF(S100+T100=0,"",$F100)),$G100=5,(IF(S100+T100=0,"",$E100)),$G100="加",(IF(S100+T100=0,"",$F100)))) -> AWG | AY100: =_xlfn.IFS(AX100="","",AX100=E100,F100,AX100=F100,E100) -> TE
A101: =输入错误检查!A100 -> 0 | B101: =B100 -> 4 | C101: =C100 -> 14 | D101: =D100 -> 12 | E101: =E100 -> AWG | F101: =F100 -> TE | G101: 2 | H101: 上 | I101: =IF(K101="","",IF(K101=E101,"主","客")) -> 主 | J101: =IF(K101="","",IF(K101=E101,F101,E101)) -> TE | K101: AWG | L101: brontal | M101: =S101+S102 -> 4 | N101: =T101+T102 -> 4 | O101: =M101+N101 -> 8 | P101: =IF(M101>N101,1,0) -> 0 | Q101: =IF(M101+N101=0,0,IF(M101=N101,1,0)) -> 1 | R101: =IF(M101<N101,1,0) -> 0 | S101: 3 | T101: 1 | U101: =_xlfn.IFS(S101+T101=0,"",S101>T101,IF(I101="主","屠","人"),S101<T101,IF(I101="主","人","屠"),S101=T101,"平") -> 屠 | V101: {=_xlfn.IFS(S101+T101=0,"",S101>T101,IF(I101="主",IF(S101=5,4,3),IF(S101=5,0,1)),S101<T101,IF(I101="主",IF(T101=5,0,1),IF(T101=5,4,3)),S101=T101,2)} -> 3 | W101: 唐人街 | X101: 湖景村 | Y101: =IF($K101="","",IF($K101=$K99,AP99,AP100)) -> 先知 | Z101: =IF($K101="","",IF($K101=$K99,AQ99,AQ100)) -> 守墓人 | AA101: =IF($K101="","",IF($K101=$K99,AS99,AS100)) -> 飞行家 | AH101: =IF($K101="","",IF($K101=$K99,AV99,AV100)) -> 喧嚣 | AK101: 古董商 | AL101: 大副 | AM101: 跛脚羊 | AP101: 野人 | AQ101: 空军 | AR101: 骑士 | AS101: 杂技演员 | AT101: 心理学家 | AU101: 木偶师 | AV101: 歌剧演员 | AW101: =_xlfn.IFS(AX101="","",AX101=E101,"主",AX101=F101,"客") -> 客 | AX101: =IF(说明!$F$11=3,_xlfn.IFS($G101=1,$E101,$G101=2,$F101,$G101=3,(IF(S101+T101=0,"",$E101)),$G101="加",(IF(S101+T101=0,"",$F101))),_xlfn.IFS($G101=1,$E101,$G101=2,$F101,$G101=3,$E101,$G101=4,(IF(S101+T101=0,"",$F101)),$G101=5,(IF(S101+T101=0,"",$E101)),$G101="加",(IF(S101+T101=0,"",$F101)))) -> TE | AY101: =_xlfn.IFS(AX101="","",AX101=E101,F101,AX101=F101,E101) -> AWG
...

Sheet 对局数据
D1: 大天赋填写：飞轮，大心脏，搏命，双弹 | AE1: 大天赋填写：封窗，底牌，一刀，张狂 | AM1: 不建议实时记录时记录
A2: 本页出错 | B2: 日期 | D2: 时间 | E2: 主场 | F2: 客场 | G2: 局 | H2: 半场 | I2: 地图 | J2: 人队 | K2: 人ID1 | L2: 人1 | M2: 区域选择号1 | N2: 大天赋1 | O2: 大天赋2 | P2: 人ID2 | Q2: 人2 | R2: 区域选择号2 | S2: 大天赋1 | T2: 大天赋2 | U2: 人ID3 | V2: 人3 | W2: 区域选择号3 | X2: 大天赋1 | Y2: 大天赋2 | Z2: 人ID4 | AA2: 人4 | AB2: 区域选择号4 | AC2: 大天赋1 | AD2: 大天赋2 | AE2: 屠队 | AF2: 屠ID | AG2: 屠选 | AH2: 区域选择 | AI2: 大天赋1 | AJ2: 大天赋2 | AK2: 辅助特质1 | AL2: 底牌 没带写 未携带 | AM2: 首倒人ID | AN2: 开追时间(分) | AO2: 开追时间(秒) | AP2: 特殊状况备忘 | AQ2: 首倒用时 (分) | AR2: 首倒用时 (秒) | AS2: 首倒时 修机进度 | AT2: 特殊状况备忘 | AU2: 破译加速当刻进度 | AV2: 计时器时间(分) | AW2: 计时器时间(秒) | AX2: 特殊状况备忘 | AY2: 破译完成当刻时间（分） | AZ2: 破译完成当刻时间（秒） | BA2: 暂停或重赛 | BB2: 管理员用时间检查 | BC2: 首倒一溜时间 | BD2: 计时器延时 | BF2: 比赛用时 (分) | BG2: 比赛用时 (秒)
A3: =输入错误检查!C2 -> 0 | B3: =原始数据!B3 -> 4 | C3: =原始数据!C3 -> 11 | D3: =原始数据!D3 -> 12 | E3: =原始数据!E3 -> AXIZ | F3: =原始数据!F3 -> TE | G3: =原始数据!G3 -> 1 | H3: =原始数据!H3 -> 上 | I3: =IF(原始数据!X3="","",原始数据!X3) -> 里奥的回忆 | J3: =原始数据!J3 -> AXIZ | K3: =IF(赛后数据!$M3="","",_xlfn.IFS(L3=赛后数据!$N3,赛后数据!$M3,L3=赛后数据!$V3,赛后数据!$U3,L3=赛后数据!$AD3,赛后数据!$AC3,L3=赛后数据!$AL3,赛后数据!$AK3)) -> takakou | L3: =IF(原始数据!AP3="","",原始数据!AP3) -> 大副 | M3: 6 | N3: 大心脏 | O3: 搏命 | P3: =IF(赛后数据!$M3="","",_xlfn.IFS(Q3=赛后数据!$N3,赛后数据!$M3,Q3=赛后数据!$V3,赛后数据!$U3,Q3=赛后数据!$AD3,赛后数据!$AC3,Q3=赛后数据!$AL3,赛后数据!$AK3)) -> tuna | Q3: =IF(原始数据!AQ3="","",原始数据!AQ3) -> 飞行家 | R3: 8 | S3: 飞轮 | T3: 搏命 | U3: =IF(赛后数据!$M3="","",_xlfn.IFS(V3=赛后数据!$N3,赛后数据!$M3,V3=赛后数据!$V3,赛后数据!$U3,V3=赛后数据!$AD3,赛后数据!$AC3,V3=赛后数据!$AL3,赛后数据!$AK3)) -> nyan | V3: =IF(原始数据!AS3="","",原始数据!AS3) -> 咒术师 | W3: 4 | X3: 双弹 | Y3: 飞轮 | Z3: =IF(赛后数据!$M3="","",_xlfn.IFS(AA3=赛后数据!$N3,赛后数据!$M3,AA3=赛后数据!$V3,赛后数据!$U3,AA3=赛后数据!$AD3,赛后数据!$AC3,AA3=赛后数据!$AL3,赛后数据!$AK3)) -> atto | AA3: =IF(原始数据!AU3="","",原始数据!AU3) -> 冒险家 | AB3: 5 | AC3: 搏命 | AD3: 双弹 | AE3: =IF(原始数据!K3="","",原始数据!K3) -> TE | AF3: =IF(原始数据!L3="","",原始数据!L3) -> ppei | AG3: =IF(原始数据!AV3="","",原始数据!AV3) -> 跛脚羊 | AH3: 7 | AI3: 底牌 | AJ3: 一刀 | AK3: 窥视者 | AL3: 闪现 | AM3: tuna | AN3: 0 | AO3: 10 | AP3: 看见脚印 | AQ3: 0 | AR3: 59 | AS3: 163 | AU3: 390 | AV3: 3 | AW3: 22 | AY3: 5 | AZ3: 15 | BC3: =AQ3*60+AR3-AN3*60-AO3 -> 49 | BD3: =IF(AV3="","",AV3*60+AW3-200) -> 2 | BF3: 6 | BG3: 47
A4: =输入错误检查!C3 -> 0 | B4: =原始数据!B4 -> 4 | C4: =原始数据!C4 -> 11 | D4: =原始数据!D4 -> 12 | E4: =原始数据!E4 -> AXIZ | F4: =原始数据!F4 -> TE | G4: =原始数据!G4 -> 1 | H4: =原始数据!H4 -> 下 | I4: =IF(原始数据!X4="","",原始数据!X4) -> 里奥的回忆 | J4: =原始数据!J4 -> TE | K4: =IF(赛后数据!$M4="","",_xlfn.IFS(L4=赛后数据!$N4,赛后数据!$M4,L4=赛后数据!$V4,赛后数据!$U4,L4=赛后数据!$AD4,赛后数据!$AC4,L4=赛后数据!$AL4,赛后数据!$AK4)) -> yihua | L4: =IF(原始数据!AP4="","",原始数据!AP4) -> 冒险家 | M4: 8 | N4: 飞轮 | O4: 搏命 | P4: =IF(赛后数据!$M4="","",_xlfn.IFS(Q4=赛后数据!$N4,赛后数据!$M4,Q4=赛后数据!$V4,赛后数据!$U4,Q4=赛后数据!$AD4,赛后数据!$AC4,Q4=赛后数据!$AL4,赛后数据!$AK4)) -> libao | Q4: =IF(原始数据!AQ4="","",原始数据!AQ4) -> 入殓师 | R4: 5 | S4: 飞轮 | T4: 双弹 | U4: =IF(赛后数据!$M4="","",_xlfn.IFS(V4=赛后数据!$N4,赛后数据!$M4,V4=赛后数据!$V4,赛后数据!$U4,V4=赛后数据!$AD4,赛后数据!$AC4,V4=赛后数据!$AL4,赛后数据!$AK4)) -> maom | V4: =IF(原始数据!AS4="","",原始数据!AS4) -> 木偶师 | W4: 4 | X4: 搏命 | Y4: 双弹 | Z4: =IF(赛后数据!$M4="","",_xlfn.IFS(AA4=赛后数据!$N4,赛后数据!$M4,AA4=赛后数据!$V4,赛后数据!$U4,AA4=赛后数据!$AD4,赛后数据!$AC4,AA4=赛后数据!$AL4,赛后数据!$AK4)) -> yangy | AA4: =IF(原始数据!AU4="","",原始数据!AU4) -> 心理学家 | AB4: 6 | AC4: 搏命 | AD4: 双弹 | AE4: =IF(原始数据!K4="","",原始数据!K4) -> AXIZ | AF4: =IF(原始数据!L4="","",原始数据!L4) -> kakiri | AG4: =IF(原始数据!AV4="","",原始数据!AV4) -> 跛脚羊 | AH4: 7 | AI4: 底牌 | AJ4: 一刀 | AK4: 闪现 | AL4: 传送 | AM4: yihua | AN4: 0 | AO4: 20 | AP4: 放笼 | AQ4: 0 | AR4: 58 | AS4: 145 | AU4: 426 | AV4: 3 | AW4: 22 | AY4: 5 | AZ4: 21 | BC4: =AQ4*60+AR4-AN4*60-AO4 -> 38 | BD4: =IF(AV4="","",AV4*60+AW4-200) -> 2 | BF4: 6 | BG4: 12
A5: =输入错误检查!C4 -> 0 | B5: =原始数据!B5 -> 4 | C5: =原始数据!C5 -> 11 | D5: =原始数据!D5 -> 12 | E5: =原始数据!E5 -> AXIZ | F5: =原始数据!F5 -> TE | G5: =原始数据!G5 -> 2 | H5: =原始数据!H5 -> 上 | I5: =IF(原始数据!X5="","",原始数据!X5) -> 唐人街 | J5: =原始数据!J5 -> TE | K5: =IF(赛后数据!$M5="","",_xlfn.IFS(L5=赛后数据!$N5,赛后数据!$M5,L5=赛后数据!$V5,赛后数据!$U5,L5=赛后数据!$AD5,赛后数据!$AC5,L5=赛后数据!$AL5,赛后数据!$AK5)) -> libao | L5: =IF(原始数据!AP5="","",原始数据!AP5) -> 病患 | M5: 1 | N5: 飞轮 | O5: 双弹 | P5: =IF(赛后数据!$M5="","",_xlfn.IFS(Q5=赛后数据!$N5,赛后数据!$M5,Q5=赛后数据!$V5,赛后数据!$U5,Q5=赛后数据!$AD5,赛后数据!$AC5,Q5=赛后数据!$AL5,赛后数据!$AK5)) -> yangy | Q5: =IF(原始数据!AQ5="","",原始数据!AQ5) -> 作曲家 | R5: 9 | S5: 飞轮 | T5: 双弹 | U5: =IF(赛后数据!$M5="","",_xlfn.IFS(V5=赛后数据!$N5,赛后数据!$M5,V5=赛后数据!$V5,赛后数据!$U5,V5=赛后数据!$AD5,赛后数据!$AC5,V5=赛后数据!$AL5,赛后数据!$AK5)) -> yihua | V5: =IF(原始数据!AS5="","",原始数据!AS5) -> 大副 | W5: 4 | X5: 大心脏 | Y5: 搏命 | Z5: =IF(赛后数据!$M5="","",_xlfn.IFS(AA5=赛后数据!$N5,赛后数据!$M5,AA5=赛后数据!$V5,赛后数据!$U5,AA5=赛后数据!$AD5,赛后数据!$AC5,AA5=赛后数据!$AL5,赛后数据!$AK5)) -> maom | AA5: =IF(原始数据!AU5="","",原始数据!AU5) -> 哭泣小丑 | AB5: 6 | AC5: 搏命 | AD5: 双弹 | AE5: =IF(原始数据!K5="","",原始数据!K5) -> AXIZ | AF5: =IF(原始数据!L5="","",原始数据!L5) -> kakiri | AG5: =IF(原始数据!AV5="","",原始数据!AV5) -> 小丑 | AH5: 8 | AI5: 张狂 | AJ5: 一刀 | AK5: 闪现 | AL5: 未携带 | AM5: maom | AN5: 0 | AO5: 25 | AP5: 看见脚印 | AQ5: 1 | AR5: 3 | AS5: 152 | AU5: 365 | AV5: 3 | AW5: 21 | AZ5: 未破译完成 | BC5: =AQ5*60+AR5-AN5*60-AO5 -> 38 | BD5: =IF(AV5="","",AV5*60+AW5-200) -> 1 | BF5: 8 | BG5: 0
A6: =输入错误检查!C5 -> 0 | B6: =原始数据!B6 -> 4 | C6: =原始数据!C6 -> 11 | D6: =原始数据!D6 -> 12 | E6: =原始数据!E6 -> AXIZ | F6: =原始数据!F6 -> TE | G6: =原始数据!G6 -> 2 | H6: =原始数据!H6 -> 下 | I6: =IF(原始数据!X6="","",原始数据!X6) -> 唐人街 | J6: =原始数据!J6 -> AXIZ | K6: =IF(赛后数据!$M6="","",_xlfn.IFS(L6=赛后数据!$N6,赛后数据!$M6,L6=赛后数据!$V6,赛后数据!$U6,L6=赛后数据!$AD6,赛后数据!$AC6,L6=赛后数据!$AL6,赛后数据!$AK6)) -> takakou | L6: =IF(原始数据!AP6="","",原始数据!AP6) -> 野人 | M6: 4 | N6: 大心脏 | O6: 搏命 | P6: =IF(赛后数据!$M6="","",_xlfn.IFS(Q6=赛后数据!$N6,赛后数据!$M6,Q6=赛后数据!$V6,赛后数据!$U6,Q6=赛后数据!$AD6,赛后数据!$AC6,Q6=赛后数据!$AL6,赛后数据!$AK6)) -> atto | Q6: =IF(原始数据!AQ6="","",原始数据!AQ6) -> 囚徒 | R6: 8 | S6: 飞轮 | T6: 双弹 | U6: =IF(赛后数据!$M6="","",_xlfn.IFS(V6=赛后数据!$N6,赛后数据!$M6,V6=赛后数据!$V6,赛后数据!$U6,V6=赛后数据!$AD6,赛后数据!$AC6,V6=赛后数据!$AL6,赛后数据!$AK6)) -> nyan | V6: =IF(原始数据!AS6="","",原始数据!AS6) -> 空军 | W6: 9 | X6: 飞轮 | Y6: 双弹 | Z6: =IF(赛后数据!$M6="","",_xlfn.IFS(AA6=赛后数据!$N6,赛后数据!$M6,AA6=赛后数据!$V6,赛后数据!$U6,AA6=赛后数据!$AD6,赛后数据!$AC6,AA6=赛后数据!$AL6,赛后数据!$AK6)) -> tuna | AA6: =IF(原始数据!AU6="","",原始数据!AU6) -> 木偶师 | AB6: 5 | AC6: 大心脏 | AD6: 双弹 | AE6: =IF(原始数据!K6="","",原始数据!K6) -> TE | AF6: =IF(原始数据!L6="","",原始数据!L6) -> ppei | AG6: =IF(原始数据!AV6="","",原始数据!AV6) -> 歌剧演员 | AH6: 1 | AI6: 底牌 | AJ6: 未携带 | AK6: 失常 | AL6: 闪现 | AM6: nyan | AN6: 1 | AO6: 47 | AP6: 开枪换追 | AQ6: 2 | AR6: 5 | AS6: 240 | AU6: 390 | AV6: 3 | AW6: 21 | AY6: 4 | AZ6: 28 | BC6: =AQ6*60+AR6-AN6*60-AO6 -> 18 | BD6: =IF(AV6="","",AV6*60+AW6-200) -> 1 | BF6: 5 | BG6: 41
A7: =输入错误检查!C6 -> 0 | B7: =原始数据!B7 -> 4 | C7: =原始数据!C7 -> 11 | D7: =原始数据!D7 -> 12 | E7: =原始数据!E7 -> AXIZ | F7: =原始数据!F7 -> TE | G7: =原始数据!G7 -> 3 | H7: =原始数据!H7 -> 上 | I7: =IF(原始数据!X7="","",原始数据!X7) -> 红教堂 | J7: =原始数据!J7 -> AXIZ | K7: =IF(赛后数据!$M7="","",_xlfn.IFS(L7=赛后数据!$N7,赛后数据!$M7,L7=赛后数据!$V7,赛后数据!$U7,L7=赛后数据!$AD7,赛后数据!$AC7,L7=赛后数据!$AL7,赛后数据!$AK7)) -> atto | L7: =IF(原始数据!AP7="","",原始数据!AP7) -> 先知 | M7: 5 | N7: 飞轮 | O7: 双弹 | P7: =IF(赛后数据!$M7="","",_xlfn.IFS(Q7=赛后数据!$N7,赛后数据!$M7,Q7=赛后数据!$V7,赛后数据!$U7,Q7=赛后数据!$AD7,赛后数据!$AC7,Q7=赛后数据!$AL7,赛后数据!$AK7)) -> nyan | Q7: =IF(原始数据!AQ7="","",原始数据!AQ7) -> 古董商 | R7: 6 | S7: 飞轮 | T7: 双弹 | U7: =IF(赛后数据!$M7="","",_xlfn.IFS(V7=赛后数据!$N7,赛后数据!$M7,V7=赛后数据!$V7,赛后数据!$U7,V7=赛后数据!$AD7,赛后数据!$AC7,V7=赛后数据!$AL7,赛后数据!$AK7)) -> takakou | V7: =IF(原始数据!AS7="","",原始数据!AS7) -> 佣兵 | W7: 4 | X7: 大心脏 | Y7: 搏命 | Z7: =IF(赛后数据!$M7="","",_xlfn.IFS(AA7=赛后数据!$N7,赛后数据!$M7,AA7=赛后数据!$V7,赛后数据!$U7,AA7=赛后数据!$AD7,赛后数据!$AC7,AA7=赛后数据!$AL7,赛后数据!$AK7)) -> tuna | AA7: =IF(原始数据!AU7="","",原始数据!AU7) -> 火灾调查员 | AB7: 8 | AC7: 飞轮 | AD7: 双弹 | AE7: =IF(原始数据!K7="","",原始数据!K7) -> TE | AF7: =IF(原始数据!L7="","",原始数据!L7) -> ppei | AG7: =IF(原始数据!AV7="","",原始数据!AV7) -> 鹿头 | AH7: 3 | AI7: 底牌 | AJ7: 一刀 | AK7: 闪现 | AL7: 传送 | AM7: nyan | AN7: 0 | AO7: 7 | AP7: 看见脚印 | AQ7: 1 | AR7: 0 | AS7: 172 | AU7: 413 | AV7: 3 | AW7: 21 | AY7: 5 | AZ7: 30 | BC7: =AQ7*60+AR7-AN7*60-AO7 -> 53 | BD7: =IF(AV7="","",AV7*60+AW7-200) -> 1 | BF7: 6 | BG7: 32
A8: =输入错误检查!C7 -> 0 | B8: =原始数据!B8 -> 4 | C8: =原始数据!C8 -> 11 | D8: =原始数据!D8 -> 12 | E8: =原始数据!E8 -> AXIZ | F8: =原始数据!F8 -> TE | G8: =原始数据!G8 -> 3 | H8: =原始数据!H8 -> 下 | I8: =IF(原始数据!X8="","",原始数据!X8) -> 红教堂 | J8: =原始数据!J8 -> TE | K8: =IF(赛后数据!$M8="","",_xlfn.IFS(L8=赛后数据!$N8,赛后数据!$M8,L8=赛后数据!$V8,赛后数据!$U8,L8=赛后数据!$AD8,赛后数据!$AC8,L8=赛后数据!$AL8,赛后数据!$AK8)) -> yihua | L8: =IF(原始数据!AP8="","",原始数据!AP8) -> 佣兵 | M8: 8 | N8: 大心脏 | O8: 搏命 | P8: =IF(赛后数据!$M8="","",_xlfn.IFS(Q8=赛后数据!$N8,赛后数据!$M8,Q8=赛后数据!$V8,赛后数据!$U8,Q8=赛后数据!$AD8,赛后数据!$AC8,Q8=赛后数据!$AL8,赛后数据!$AK8)) -> maom | Q8: =IF(原始数据!AQ8="","",原始数据!AQ8) -> 小说家 | R8: 2 | S8: 搏命 | T8: 飞轮 | U8: =IF(赛后数据!$M8="","",_xlfn.IFS(V8=赛后数据!$N8,赛后数据!$M8,V8=赛后数据!$V8,赛后数据!$U8,V8=赛后数据!$AD8,赛后数据!$AC8,V8=赛后数据!$AL8,赛后数据!$AK8)) -> libao | V8: =IF(原始数据!AS8="","",原始数据!AS8) -> 杂技演员 | W8: 6 | X8: 大心脏 | Y8: 搏命 | Z8: =IF(赛后数据!$M8="","",_xlfn.IFS(AA8=赛后数据!$N8,赛后数据!$M8,AA8=赛后数据!$V8,赛后数据!$U8,AA8=赛后数据!$AD8,赛后数据!$AC8,AA8=赛后数据!$AL8,赛后数据!$AK8)) -> yangy | AA8: =IF(原始数据!AU8="","",原始数据!AU8) -> 邮差 | AB8: 5 | AC8: 大心脏 | AD8: 双弹 | AE8: =IF(原始数据!K8="","",原始数据!K8) -> AXIZ | AF8: =IF(原始数据!L8="","",原始数据!L8) -> kakaka | AG8: =IF(原始数据!AV8="","",原始数据!AV8) -> 歌剧演员 | AH8: 3 | AI8: 封窗 | AJ8: 一刀 | AK8: 闪现 | AL8: 未携带 | AM8: maom | AN8: 0 | AO8: 9 | AP8: 看见脚印 | AQ8: 0 | AR8: 39 | AS8: 80 | AU8: 315 | AV8: 3 | AW8: 21 | AZ8: 未破译完成 | BC8: =AQ8*60+AR8-AN8*60-AO8 -> 30 | BD8: =IF(AV8="","",AV8*60+AW8-200) -> 1 | BF8: 7 | BG8: 40
A9: =输入错误检查!C8 -> 0 | B9: =原始数据!B9 -> 4 | C9: =原始数据!C9 -> 11 | D9: =原始数据!D9 -> 12 | E9: =原始数据!E9 -> AXIZ | F9: =原始数据!F9 -> TE | G9: =原始数据!G9 -> 加 | H9: =原始数据!H9 -> 上 | I9: =IF(原始数据!X9="","",原始数据!X9) | J9: =原始数据!J9 | K9: =IF(赛后数据!$M9="","",_xlfn.IFS(L9=赛后数据!$N9,赛后数据!$M9,L9=赛后数据!$V9,赛后数据!$U9,L9=赛后数据!$AD9,赛后数据!$AC9,L9=赛后数据!$AL9,赛后数据!$AK9)) | L9: =IF(原始数据!AP9="","",原始数据!AP9) | P9: =IF(赛后数据!$M9="","",_xlfn.IFS(Q9=赛后数据!$N9,赛后数据!$M9,Q9=赛后数据!$V9,赛后数据!$U9,Q9=赛后数据!$AD9,赛后数据!$AC9,Q9=赛后数据!$AL9,赛后数据!$AK9)) | Q9: =IF(原始数据!AQ9="","",原始数据!AQ9) | U9: =IF(赛后数据!$M9="","",_xlfn.IFS(V9=赛后数据!$N9,赛后数据!$M9,V9=赛后数据!$V9,赛后数据!$U9,V9=赛后数据!$AD9,赛后数据!$AC9,V9=赛后数据!$AL9,赛后数据!$AK9)) | V9: =IF(原始数据!AS9="","",原始数据!AS9) | Z9: =IF(赛后数据!$M9="","",_xlfn.IFS(AA9=赛后数据!$N9,赛后数据!$M9,AA9=赛后数据!$V9,赛后数据!$U9,AA9=赛后数据!$AD9,赛后数据!$AC9,AA9=赛后数据!$AL9,赛后数据!$AK9)) | AA9: =IF(原始数据!AU9="","",原始数据!AU9) | AE9: =IF(原始数据!K9="","",原始数据!K9) | AF9: =IF(原始数据!L9="","",原始数据!L9) | AG9: =IF(原始数据!AV9="","",原始数据!AV9) | BC9: =AQ9*60+AR9-AN9*60-AO9 -> 0 | BD9: =IF(AV9="","",AV9*60+AW9-200)
A10: =输入错误检查!C9 -> 0 | B10: =原始数据!B10 -> 4 | C10: =原始数据!C10 -> 11 | D10: =原始数据!D10 -> 12 | E10: =原始数据!E10 -> AXIZ | F10: =原始数据!F10 -> TE | G10: =原始数据!G10 -> 加 | H10: =原始数据!H10 -> 下 | I10: =IF(原始数据!X10="","",原始数据!X10) | J10: =原始数据!J10 | K10: =IF(赛后数据!$M10="","",_xlfn.IFS(L10=赛后数据!$N10,赛后数据!$M10,L10=赛后数据!$V10,赛后数据!$U10,L10=赛后数据!$AD10,赛后数据!$AC10,L10=赛后数据!$AL10,赛后数据!$AK10)) | L10: =IF(原始数据!AP10="","",原始数据!AP10) | P10: =IF(赛后数据!$M10="","",_xlfn.IFS(Q10=赛后数据!$N10,赛后数据!$M10,Q10=赛后数据!$V10,赛后数据!$U10,Q10=赛后数据!$AD10,赛后数据!$AC10,Q10=赛后数据!$AL10,赛后数据!$AK10)) | Q10: =IF(原始数据!AQ10="","",原始数据!AQ10) | U10: =IF(赛后数据!$M10="","",_xlfn.IFS(V10=赛后数据!$N10,赛后数据!$M10,V10=赛后数据!$V10,赛后数据!$U10,V10=赛后数据!$AD10,赛后数据!$AC10,V10=赛后数据!$AL10,赛后数据!$AK10)) | V10: =IF(原始数据!AS10="","",原始数据!AS10) | Z10: =IF(赛后数据!$M10="","",_xlfn.IFS(AA10=赛后数据!$N10,赛后数据!$M10,AA10=赛后数据!$V10,赛后数据!$U10,AA10=赛后数据!$AD10,赛后数据!$AC10,AA10=赛后数据!$AL10,赛后数据!$AK10)) | AA10: =IF(原始数据!AU10="","",原始数据!AU10) | AE10: =IF(原始数据!K10="","",原始数据!K10) | AF10: =IF(原始数据!L10="","",原始数据!L10) | AG10: =IF(原始数据!AV10="","",原始数据!AV10) | BC10: =AQ10*60+AR10-AN10*60-AO10 -> 0 | BD10: =IF(AV10="","",AV10*60+AW10-200)
A11: =输入错误检查!C10 -> 0 | B11: =原始数据!B11 -> 4 | C11: =原始数据!C11 -> 11 | D11: =原始数据!D11 -> 14 | E11: =原始数据!E11 -> RVL | F11: =原始数据!F11 -> FT | G11: =原始数据!G11 -> 1 | H11: =原始数据!H11 -> 上 | I11: =IF(原始数据!X11="","",原始数据!X11) -> 永眠镇 | J11: =原始数据!J11 -> RVL | K11: =IF(赛后数据!$M11="","",_xlfn.IFS(L11=赛后数据!$N11,赛后数据!$M11,L11=赛后数据!$V11,赛后数据!$U11,L11=赛后数据!$AD11,赛后数据!$AC11,L11=赛后数据!$AL11,赛后数据!$AK11)) -> schmiddy | L11: =IF(原始数据!AP11="","",原始数据!AP11) -> 入殓师 | M11: 6 | N11: 飞轮 | O11: 双弹 | P11: =IF(赛后数据!$M11="","",_xlfn.IFS(Q11=赛后数据!$N11,赛后数据!$M11,Q11=赛后数据!$V11,赛后数据!$U11,Q11=赛后数据!$AD11,赛后数据!$AC11,Q11=赛后数据!$AL11,赛后数据!$AK11)) -> rolend | Q11: =IF(原始数据!AQ11="","",原始数据!AQ11) -> 守墓人 | R11: 5 | S11: 大心脏 | T11: 搏命 | U11: =IF(赛后数据!$M11="","",_xlfn.IFS(V11=赛后数据!$N11,赛后数据!$M11,V11=赛后数据!$V11,赛后数据!$U11,V11=赛后数据!$AD11,赛后数据!$AC11,V11=赛后数据!$AL11,赛后数据!$AK11)) -> green | V11: =IF(原始数据!AS11="","",原始数据!AS11) -> 木偶师 | W11: 8 | X11: 搏命 | Y11: 双弹 | Z11: =IF(赛后数据!$M11="","",_xlfn.IFS(AA11=赛后数据!$N11,赛后数据!$M11,AA11=赛后数据!$V11,赛后数据!$U11,AA11=赛后数据!$AD11,赛后数据!$AC11,AA11=赛后数据!$AL11,赛后数据!$AK11)) -> yinl | AA11: =IF(原始数据!AU11="","",原始数据!AU11) -> 空军 | AB11: 2 | AC11: 飞轮 | AD11: 双弹 | AE11: =IF(原始数据!K11="","",原始数据!K11) -> FT | AF11: =IF(原始数据!L11="","",原始数据!L11) -> heshen | AG11: =IF(原始数据!AV11="","",原始数据!AV11) -> 跛脚羊 | AH11: 4 | AI11: 底牌 | AJ11: 一刀 | AK11: 失常 | AL11: 传送 | AM11: yinl | AN11: 0 | AO11: 6 | AP11: 看见求生 | AQ11: 1 | AR11: 2 | AS11: 162 | AU11: 350 | AV11: 3 | AW11: 21 | AY11: 未破译完成 | BC11: =AQ11*60+AR11-AN11*60-AO11 -> 56 | BD11: =IF(AV11="","",AV11*60+AW11-200) -> 1
A12: =输入错误检查!C11 -> 0 | B12: =原始数据!B12 -> 4 | C12: =原始数据!C12 -> 11 | D12: =原始数据!D12 -> 14 | E12: =原始数据!E12 -> RVL | F12: =原始数据!F12 -> FT | G12: =原始数据!G12 -> 1 | H12: =原始数据!H12 -> 下 | I12: =IF(原始数据!X12="","",原始数据!X12) -> 永眠镇 | J12: =原始数据!J12 -> FT | K12: =IF(赛后数据!$M12="","",_xlfn.IFS(L12=赛后数据!$N12,赛后数据!$M12,L12=赛后数据!$V12,赛后数据!$U12,L12=赛后数据!$AD12,赛后数据!$AC12,L12=赛后数据!$AL12,赛后数据!$AK12)) -> miniblue | L12: =IF(原始数据!AP12="","",原始数据!AP12) -> 大副 | M12: 5 | N12: 大心脏 | O12: 搏命 | P12: =IF(赛后数据!$M12="","",_xlfn.IFS(Q12=赛后数据!$N12,赛后数据!$M12,Q12=赛后数据!$V12,赛后数据!$U12,Q12=赛后数据!$AD12,赛后数据!$AC12,Q12=赛后数据!$AL12,赛后数据!$AK12)) -> shadow | Q12: =IF(原始数据!AQ12="","",原始数据!AQ12) -> 祭司 | R12: 6 | S12: 搏命 | T12: 双弹 | U12: =IF(赛后数据!$M12="","",_xlfn.IFS(V12=赛后数据!$N12,赛后数据!$M12,V12=赛后数据!$V12,赛后数据!$U12,V12=赛后数据!$AD12,赛后数据!$AC12,V12=赛后数据!$AL12,赛后数据!$AK12)) -> kuga | V12: =IF(原始数据!AS12="","",原始数据!AS12) -> 飞行家 | W12: 8 | X12: 飞轮 | Y12: 双弹 | Z12: =IF(赛后数据!$M12="","",_xlfn.IFS(AA12=赛后数据!$N12,赛后数据!$M12,AA12=赛后数据!$V12,赛后数据!$U12,AA12=赛后数据!$AD12,赛后数据!$AC12,AA12=赛后数据!$AL12,赛后数据!$AK12)) -> ahd | AA12: =IF(原始数据!AU12="","",原始数据!AU12) -> 心理学家 | AB12: 3 | AC12: 搏命 | AD12: 双弹 | AE12: =IF(原始数据!K12="","",原始数据!K12) -> RVL | AF12: =IF(原始数据!L12="","",原始数据!L12) -> sprintzer | AG12: =IF(原始数据!AV12="","",原始数据!AV12) -> 跛脚羊 | AH12: 4 | AI12: 底牌 | AJ12: 一刀 | AK12: 失常 | AL12: 传送 | AM12: kuga | AN12: 0 | AO12: 11 | AP12: 犹豫后追原求生 | AQ12: 1 | AR12: 36 | AS12: 236 | AU12: 460 | AV12: 3 | AW12: 21 | AY12: 3 | AZ12: 42 | BC12: =AQ12*60+AR12-AN12*60-AO12 -> 85 | BD12: =IF(AV12="","",AV12*60+AW12-200) -> 1
A13: =输入错误检查!C12 -> 0 | B13: =原始数据!B13 -> 4 | C13: =原始数据!C13 -> 11 | D13: =原始数据!D13 -> 14 | E13: =原始数据!E13 -> RVL | F13: =原始数据!F13 -> FT | G13: =原始数据!G13 -> 2 | H13: =原始数据!H13 -> 上 | I13: =IF(原始数据!X13="","",原始数据!X13) -> 唐人街 | J13: =原始数据!J13 -> FT | K13: =IF(赛后数据!$M13="","",_xlfn.IFS(L13=赛后数据!$N13,赛后数据!$M13,L13=赛后数据!$V13,赛后数据!$U13,L13=赛后数据!$AD13,赛后数据!$AC13,L13=赛后数据!$AL13,赛后数据!$AK13)) -> miniblue | L13: =IF(原始数据!AP13="","",原始数据!AP13) -> 佣兵 | M13: 5 | N13: 大心脏 | O13: 搏命 | P13: =IF(赛后数据!$M13="","",_xlfn.IFS(Q13=赛后数据!$N13,赛后数据!$M13,Q13=赛后数据!$V13,赛后数据!$U13,Q13=赛后数据!$AD13,赛后数据!$AC13,Q13=赛后数据!$AL13,赛后数据!$AK13)) -> shadow | Q13: =IF(原始数据!AQ13="","",原始数据!AQ13) -> 空军 | R13: 8 | S13: 大心脏 | T13: 双弹 | U13: =IF(赛后数据!$M13="","",_xlfn.IFS(V13=赛后数据!$N13,赛后数据!$M13,V13=赛后数据!$V13,赛后数据!$U13,V13=赛后数据!$AD13,赛后数据!$AC13,V13=赛后数据!$AL13,赛后数据!$AK13)) -> kuga | V13: =IF(原始数据!AS13="","",原始数据!AS13) -> 火灾调查员 | W13: 2 | X13: 搏命 | Y13: 双弹 | Z13: =IF(赛后数据!$M13="","",_xlfn.IFS(AA13=赛后数据!$N13,赛后数据!$M13,AA13=赛后数据!$V13,赛后数据!$U13,AA13=赛后数据!$AD13,赛后数据!$AC13,AA13=赛后数据!$AL13,赛后数据!$AK13)) -> ahd | AA13: =IF(原始数据!AU13="","",原始数据!AU13) -> 入殓师 | AB13: 9 | AC13: 飞轮 | AD13: 双弹 | AE13: =IF(原始数据!K13="","",原始数据!K13) -> RVL | AF13: =IF(原始数据!L13="","",原始数据!L13) -> sprintzer | AG13: =IF(原始数据!AV13="","",原始数据!AV13) -> 歌剧演员 | AH13: 1 | AI13: 底牌 | AJ13: 一刀 | AK13: 失常 | AL13: 传送 | AM13: kuga | AN13: 0 | AO13: 7 | AP13: 脚印 | AQ13: 0 | AR13: 33 | AS13: 93 | AU13: 277 | AV13: 3 | AW13: 21 | AY13: 未破译完成 | BC13: =AQ13*60+AR13-AN13*60-AO13 -> 26 | BD13: =IF(AV13="","",AV13*60+AW13-200) -> 1
A14: =输入错误检查!C13 -> 0 | B14: =原始数据!B14 -> 4 | C14: =原始数据!C14 -> 11 | D14: =原始数据!D14 -> 14 | E14: =原始数据!E14 -> RVL | F14: =原始数据!F14 -> FT | G14: =原始数据!G14 -> 2 | H14: =原始数据!H14 -> 下 | I14: =IF(原始数据!X14="","",原始数据!X14) -> 唐人街 | J14: =原始数据!J14 -> RVL | K14: =IF(赛后数据!$M14="","",_xlfn.IFS(L14=赛后数据!$N14,赛后数据!$M14,L14=赛后数据!$V14,赛后数据!$U14,L14=赛后数据!$AD14,赛后数据!$AC14,L14=赛后数据!$AL14,赛后数据!$AK14)) -> schmiddy | L14: =IF(原始数据!AP14="","",原始数据!AP14) -> 火灾调查员 | M14: 5 | N14: 搏命 | O14: 双弹 | P14: =IF(赛后数据!$M14="","",_xlfn.IFS(Q14=赛后数据!$N14,赛后数据!$M14,Q14=赛后数据!$V14,赛后数据!$U14,Q14=赛后数据!$AD14,赛后数据!$AC14,Q14=赛后数据!$AL14,赛后数据!$AK14)) -> rolend | Q14: =IF(原始数据!AQ14="","",原始数据!AQ14) -> 大副 | R14: 2 | S14: 大心脏 | T14: 搏命 | U14: =IF(赛后数据!$M14="","",_xlfn.IFS(V14=赛后数据!$N14,赛后数据!$M14,V14=赛后数据!$V14,赛后数据!$U14,V14=赛后数据!$AD14,赛后数据!$AC14,V14=赛后数据!$AL14,赛后数据!$AK14)) -> yinl | V14: =IF(原始数据!AS14="","",原始数据!AS14) -> 囚徒 | W14: 9 | X14: 飞轮 | Y14: 双弹 | Z14: =IF(赛后数据!$M14="","",_xlfn.IFS(AA14=赛后数据!$N14,赛后数据!$M14,AA14=赛后数据!$V14,赛后数据!$U14,AA14=赛后数据!$AD14,赛后数据!$AC14,AA14=赛后数据!$AL14,赛后数据!$AK14)) -> green | AA14: =IF(原始数据!AU14="","",原始数据!AU14) -> 心理学家 | AB14: 4 | AC14: 大心脏 | AD14: 双弹 | AE14: =IF(原始数据!K14="","",原始数据!K14) -> FT | AF14: =IF(原始数据!L14="","",原始数据!L14) -> miao | AG14: =IF(原始数据!AV14="","",原始数据!AV14) -> 歌剧演员 | AH14: 1 | AI14: 底牌 | AJ14: 一刀 | AK14: 闪现 | AL14: 传送 | AM14: green | AN14: 0 | AO14: 11 | AP14: 脚印 | AQ14: 1 | AR14: 2 | AS14: 160 | AU14: 438 | AV14: 3 | AW14: 21 | AY14: 5 | AZ14: 19 | BC14: =AQ14*60+AR14-AN14*60-AO14 -> 51 | BD14: =IF(AV14="","",AV14*60+AW14-200) -> 1
A15: =输入错误检查!C14 -> 0 | B15: =原始数据!B15 -> 4 | C15: =原始数据!C15 -> 11 | D15: =原始数据!D15 -> 14 | E15: =原始数据!E15 -> RVL | F15: =原始数据!F15 -> FT | G15: =原始数据!G15 -> 3 | H15: =原始数据!H15 -> 上 | I15: =IF(原始数据!X15="","",原始数据!X15) -> 湖景村 | J15: =原始数据!J15 -> RVL | K15: =IF(赛后数据!$M15="","",_xlfn.IFS(L15=赛后数据!$N15,赛后数据!$M15,L15=赛后数据!$V15,赛后数据!$U15,L15=赛后数据!$AD15,赛后数据!$AC15,L15=赛后数据!$AL15,赛后数据!$AK15)) -> rolend | L15: =IF(原始数据!AP15="","",原始数据!AP15) -> 佣兵 | M15: 7 | N15: 大心脏 | O15: 搏命 | P15: =IF(赛后数据!$M15="","",_xlfn.IFS(Q15=赛后数据!$N15,赛后数据!$M15,Q15=赛后数据!$V15,赛后数据!$U15,Q15=赛后数据!$AD15,赛后数据!$AC15,Q15=赛后数据!$AL15,赛后数据!$AK15)) -> yinl | Q15: =IF(原始数据!AQ15="","",原始数据!AQ15) -> 空军 | R15: 2 | S15: 大心脏 | T15: 双弹 | U15: =IF(赛后数据!$M15="","",_xlfn.IFS(V15=赛后数据!$N15,赛后数据!$M15,V15=赛后数据!$V15,赛后数据!$U15,V15=赛后数据!$AD15,赛后数据!$AC15,V15=赛后数据!$AL15,赛后数据!$AK15)) -> schmiddy | V15: =IF(原始数据!AS15="","",原始数据!AS15) -> 心理学家 | W15: 5 | X15: 大心脏 | Y15: 双弹 | Z15: =IF(赛后数据!$M15="","",_xlfn.IFS(AA15=赛后数据!$N15,赛后数据!$M15,AA15=赛后数据!$V15,赛后数据!$U15,AA15=赛后数据!$AD15,赛后数据!$AC15,AA15=赛后数据!$AL15,赛后数据!$AK15)) -> green | AA15: =IF(原始数据!AU15="","",原始数据!AU15) -> 机械师 | AB15: 8 | AC15: 飞轮 | AD15: 双弹 | AE15: =IF(原始数据!K15="","",原始数据!K15) -> FT | AF15: =IF(原始数据!L15="","",原始数据!L15) -> miao | AG15: =IF(原始数据!AV15="","",原始数据!AV15) -> 红夫人 | AH15: 6 | AI15: 底牌 | AJ15: 一刀 | AK15: 闪现 | AL15: 失常 | AM15: yinl | AN15: 0 | AO15: 5 | AP15: 看见求生 | AQ15: 0 | AR15: 49 | AS15: 113 | AU15: 340 | AV15: 3 | AW15: 21 | AY15: 6 | AZ15: 54 | BC15: =AQ15*60+AR15-AN15*60-AO15 -> 44 | BD15: =IF(AV15="","",AV15*60+AW15-200) -> 1
A16: =输入错误检查!C15 -> 0 | B16: =原始数据!B16 -> 4 | C16: =原始数据!C16 -> 11 | D16: =原始数据!D16 -> 14 | E16: =原始数据!E16 -> RVL | F16: =原始数据!F16 -> FT | G16: =原始数据!G16 -> 3 | H16: =原始数据!H16 -> 下 | I16: =IF(原始数据!X16="","",原始数据!X16) -> 湖景村 | J16: =原始数据!J16 -> FT | K16: =IF(赛后数据!$M16="","",_xlfn.IFS(L16=赛后数据!$N16,赛后数据!$M16,L16=赛后数据!$V16,赛后数据!$U16,L16=赛后数据!$AD16,赛后数据!$AC16,L16=赛后数据!$AL16,赛后数据!$AK16)) -> shadow | L16: =IF(原始数据!AP16="","",原始数据!AP16) -> 心理学家 | M16: 5 | N16: 飞轮 | O16: 双弹 | P16: =IF(赛后数据!$M16="","",_xlfn.IFS(Q16=赛后数据!$N16,赛后数据!$M16,Q16=赛后数据!$V16,赛后数据!$U16,Q16=赛后数据!$AD16,赛后数据!$AC16,Q16=赛后数据!$AL16,赛后数据!$AK16)) -> kuga | Q16: =IF(原始数据!AQ16="","",原始数据!AQ16) -> 杂技演员 | R16: 2 | S16: 飞轮 | T16: 搏命 | U16: =IF(赛后数据!$M16="","",_xlfn.IFS(V16=赛后数据!$N16,赛后数据!$M16,V16=赛后数据!$V16,赛后数据!$U16,V16=赛后数据!$AD16,赛后数据!$AC16,V16=赛后数据!$AL16,赛后数据!$AK16)) -> ahd | V16: =IF(原始数据!AS16="","",原始数据!AS16) -> 入殓师 | W16: 8 | X16: 飞轮 | Y16: 双弹 | Z16: =IF(赛后数据!$M16="","",_xlfn.IFS(AA16=赛后数据!$N16,赛后数据!$M16,AA16=赛后数据!$V16,赛后数据!$U16,AA16=赛后数据!$AD16,赛后数据!$AC16,AA16=赛后数据!$AL16,赛后数据!$AK16)) -> miniblue | AA16: =IF(原始数据!AU16="","",原始数据!AU16) -> 野人 | AB16: 11 | AC16: 大心脏 | AD16: 搏命 | AE16: =IF(原始数据!K16="","",原始数据!K16) -> RVL | AF16: =IF(原始数据!L16="","",原始数据!L16) -> sprintzer | AG16: =IF(原始数据!AV16="","",原始数据!AV16) -> 梦之女巫 | AH16: 6 | AI16: 底牌 | AJ16: 一刀 | AK16: 巡视者 | AL16: 闪现 | AM16: kuga | AN16: 0 | AO16: 17 | AP16: 寄生信徒 | AQ16: 0 | AR16: 53 | AS16: 144 | AU16: 317 | AV16: 3 | AW16: 21 | AY16: 6 | AZ16: 27 | BC16: =AQ16*60+AR16-AN16*60-AO16 -> 36 | BD16: =IF(AV16="","",AV16*60+AW16-200) -> 1
A17: =输入错误检查!C16 -> 0 | B17: =原始数据!B17 -> 4 | C17: =原始数据!C17 -> 11 | D17: =原始数据!D17 -> 14 | E17: =原始数据!E17 -> RVL | F17: =原始数据!F17 -> FT | G17: =原始数据!G17 -> 加 | H17: =原始数据!H17 -> 上 | I17: =IF(原始数据!X17="","",原始数据!X17) | J17: =原始数据!J17 | K17: =IF(赛后数据!$M17="","",_xlfn.IFS(L17=赛后数据!$N17,赛后数据!$M17,L17=赛后数据!$V17,赛后数据!$U17,L17=赛后数据!$AD17,赛后数据!$AC17,L17=赛后数据!$AL17,赛后数据!$AK17)) | L17: =IF(原始数据!AP17="","",原始数据!AP17) | P17: =IF(赛后数据!$M17="","",_xlfn.IFS(Q17=赛后数据!$N17,赛后数据!$M17,Q17=赛后数据!$V17,赛后数据!$U17,Q17=赛后数据!$AD17,赛后数据!$AC17,Q17=赛后数据!$AL17,赛后数据!$AK17)) | Q17: =IF(原始数据!AQ17="","",原始数据!AQ17) | U17: =IF(赛后数据!$M17="","",_xlfn.IFS(V17=赛后数据!$N17,赛后数据!$M17,V17=赛后数据!$V17,赛后数据!$U17,V17=赛后数据!$AD17,赛后数据!$AC17,V17=赛后数据!$AL17,赛后数据!$AK17)) | V17: =IF(原始数据!AS17="","",原始数据!AS17) | Z17: =IF(赛后数据!$M17="","",_xlfn.IFS(AA17=赛后数据!$N17,赛后数据!$M17,AA17=赛后数据!$V17,赛后数据!$U17,AA17=赛后数据!$AD17,赛后数据!$AC17,AA17=赛后数据!$AL17,赛后数据!$AK17)) | AA17: =IF(原始数据!AU17="","",原始数据!AU17) | AE17: =IF(原始数据!K17="","",原始数据!K17) | AF17: =IF(原始数据!L17="","",原始数据!L17) | AG17: =IF(原始数据!AV17="","",原始数据!AV17) | BC17: =AQ17*60+AR17-AN17*60-AO17 -> 0 | BD17: =IF(AV17="","",AV17*60+AW17-200)
A18: =输入错误检查!C17 -> 0 | B18: =原始数据!B18 -> 4 | C18: =原始数据!C18 -> 11 | D18: =原始数据!D18 -> 14 | E18: =原始数据!E18 -> RVL | F18: =原始数据!F18 -> FT | G18: =原始数据!G18 -> 加 | H18: =原始数据!H18 -> 下 | I18: =IF(原始数据!X18="","",原始数据!X18) | J18: =原始数据!J18 | K18: =IF(赛后数据!$M18="","",_xlfn.IFS(L18=赛后数据!$N18,赛后数据!$M18,L18=赛后数据!$V18,赛后数据!$U18,L18=赛后数据!$AD18,赛后数据!$AC18,L18=赛后数据!$AL18,赛后数据!$AK18)) | L18: =IF(原始数据!AP18="","",原始数据!AP18) | P18: =IF(赛后数据!$M18="","",_xlfn.IFS(Q18=赛后数据!$N18,赛后数据!$M18,Q18=赛后数据!$V18,赛后数据!$U18,Q18=赛后数据!$AD18,赛后数据!$AC18,Q18=赛后数据!$AL18,赛后数据!$AK18)) | Q18: =IF(原始数据!AQ18="","",原始数据!AQ18) | U18: =IF(赛后数据!$M18="","",_xlfn.IFS(V18=赛后数据!$N18,赛后数据!$M18,V18=赛后数据!$V18,赛后数据!$U18,V18=赛后数据!$AD18,赛后数据!$AC18,V18=赛后数据!$AL18,赛后数据!$AK18)) | V18: =IF(原始数据!AS18="","",原始数据!AS18) | Z18: =IF(赛后数据!$M18="","",_xlfn.IFS(AA18=赛后数据!$N18,赛后数据!$M18,AA18=赛后数据!$V18,赛后数据!$U18,AA18=赛后数据!$AD18,赛后数据!$AC18,AA18=赛后数据!$AL18,赛后数据!$AK18)) | AA18: =IF(原始数据!AU18="","",原始数据!AU18) | AE18: =IF(原始数据!K18="","",原始数据!K18) | AF18: =IF(原始数据!L18="","",原始数据!L18) | AG18: =IF(原始数据!AV18="","",原始数据!AV18) | BC18: =AQ18*60+AR18-AN18*60-AO18 -> 0 | BD18: =IF(AV18="","",AV18*60+AW18-200)
A19: =输入错误检查!C18 -> 0 | B19: =原始数据!B19 -> 4 | C19: =原始数据!C19 -> 11 | D19: =原始数据!D19 -> 16 | E19: =原始数据!E19 -> ZZZ | F19: =原始数据!F19 -> RD | G19: =原始数据!G19 -> 1 | H19: =原始数据!H19 -> 上 | I19: =IF(原始数据!X19="","",原始数据!X19) -> 永眠镇 | J19: =原始数据!J19 -> ZZZ | K19: =IF(赛后数据!$M19="","",_xlfn.IFS(L19=赛后数据!$N19,赛后数据!$M19,L19=赛后数据!$V19,赛后数据!$U19,L19=赛后数据!$AD19,赛后数据!$AC19,L19=赛后数据!$AL19,赛后数据!$AK19)) -> ouo | L19: =IF(原始数据!AP19="","",原始数据!AP19) -> 空军 | M19: 8 | N19: 飞轮 | O19: 双弹 | P19: =IF(赛后数据!$M19="","",_xlfn.IFS(Q19=赛后数据!$N19,赛后数据!$M19,Q19=赛后数据!$V19,赛后数据!$U19,Q19=赛后数据!$AD19,赛后数据!$AC19,Q19=赛后数据!$AL19,赛后数据!$AK19)) -> nn | Q19: =IF(原始数据!AQ19="","",原始数据!AQ19) -> 骑士 | R19: 6 | S19: 飞轮 | T19: 双弹 | U19: =IF(赛后数据!$M19="","",_xlfn.IFS(V19=赛后数据!$N19,赛后数据!$M19,V19=赛后数据!$V19,赛后数据!$U19,V19=赛后数据!$AD19,赛后数据!$AC19,V19=赛后数据!$AL19,赛后数据!$AK19)) -> ego | V19: =IF(原始数据!AS19="","",原始数据!AS19) -> 入殓师 | W19: 2 | X19: 飞轮 | Y19: 大心脏 | Z19: =IF(赛后数据!$M19="","",_xlfn.IFS(AA19=赛后数据!$N19,赛后数据!$M19,AA19=赛后数据!$V19,赛后数据!$U19,AA19=赛后数据!$AD19,赛后数据!$AC19,AA19=赛后数据!$AL19,赛后数据!$AK19)) -> nana | AA19: =IF(原始数据!AU19="","",原始数据!AU19) -> 园丁 | AB19: 5 | AC19: 搏命 | AD19: 双弹 | AE19: =IF(原始数据!K19="","",原始数据!K19) -> RD | AF19: =IF(原始数据!L19="","",原始数据!L19) -> hajimi | AG19: =IF(原始数据!AV19="","",原始数据!AV19) -> 喧嚣 | AH19: 4 | AI19: 底牌 | AJ19: 张狂 | AK19: 移行 | AL19: 兴奋 | AM19: ego | AN19: 0 | AO19: 7 | AP19: 上第一颗球 | AQ19: 0 | AR19: 41 | AS19: 96 | AU19: 305 | AV19: 3 | AW19: 19 | AY19: 未破译完成 | BC19: =AQ19*60+AR19-AN19*60-AO19 -> 34 | BD19: =IF(AV19="","",AV19*60+AW19-200) -> -1 | BF19: 6 | BG19: 6
A20: =输入错误检查!C19 -> 0 | B20: =原始数据!B20 -> 4 | C20: =原始数据!C20 -> 11 | D20: =原始数据!D20 -> 16 | E20: =原始数据!E20 -> ZZZ | F20: =原始数据!F20 -> RD | G20: =原始数据!G20 -> 1 | H20: =原始数据!H20 -> 下 | I20: =IF(原始数据!X20="","",原始数据!X20) -> 永眠镇 | J20: =原始数据!J20 -> RD | K20: =IF(赛后数据!$M20="","",_xlfn.IFS(L20=赛后数据!$N20,赛后数据!$M20,L20=赛后数据!$V20,赛后数据!$U20,L20=赛后数据!$AD20,赛后数据!$AC20,L20=赛后数据!$AL20,赛后数据!$AK20)) -> zhengkai | L20: =IF(原始数据!AP20="","",原始数据!AP20) -> 守墓人 | M20: 5 | N20: 大心脏 | O20: 搏命 | P20: =IF(赛后数据!$M20="","",_xlfn.IFS(Q20=赛后数据!$N20,赛后数据!$M20,Q20=赛后数据!$V20,赛后数据!$U20,Q20=赛后数据!$AD20,赛后数据!$AC20,Q20=赛后数据!$AL20,赛后数据!$AK20)) -> pinpin | Q20: =IF(原始数据!AQ20="","",原始数据!AQ20) -> 古董商 | R20: 8 | S20: 飞轮 | T20: 大心脏 | U20: =IF(赛后数据!$M20="","",_xlfn.IFS(V20=赛后数据!$N20,赛后数据!$M20,V20=赛后数据!$V20,赛后数据!$U20,V20=赛后数据!$AD20,赛后数据!$AC20,V20=赛后数据!$AL20,赛后数据!$AK20)) -> huanxue | V20: =IF(原始数据!AS20="","",原始数据!AS20) -> 飞行家 | W20: 3 | X20: 飞轮 | Y20: 搏命 | Z20: =IF(赛后数据!$M20="","",_xlfn.IFS(AA20=赛后数据!$N20,赛后数据!$M20,AA20=赛后数据!$V20,赛后数据!$U20,AA20=赛后数据!$AD20,赛后数据!$AC20,AA20=赛后数据!$AL20,赛后数据!$AK20)) -> cy | AA20: =IF(原始数据!AU20="","",原始数据!AU20) -> 入殓师 | AB20: 6 | AC20: 飞轮 | AD20: 双弹 | AE20: =IF(原始数据!K20="","",原始数据!K20) -> ZZZ | AF20: =IF(原始数据!L20="","",原始数据!L20) -> mz | AG20: =IF(原始数据!AV20="","",原始数据!AV20) -> 歌剧演员 | AH20: 9 | AI20: 底牌 | AJ20: 一刀 | AK20: 失常 | AL20: 传送 | AM20: huanxue | AN20: 0 | AO20: 50 | AP20: 换追 | AQ20: 1 | AR20: 50 | AS20: 313 | AU20: 431 | AV20: 3 | AW20: 21 | AY20: 5 | AZ20: 24 | BC20: =AQ20*60+AR20-AN20*60-AO20 -> 60 | BD20: =IF(AV20="","",AV20*60+AW20-200) -> 1 | BF20: 7 | BG20: 5
A21: =输入错误检查!C20 -> 0 | B21: =原始数据!B21 -> 4 | C21: =原始数据!C21 -> 11 | D21: =原始数据!D21 -> 16 | E21: =原始数据!E21 -> ZZZ | F21: =原始数据!F21 -> RD | G21: =原始数据!G21 -> 2 | H21: =原始数据!H21 -> 上 | I21: =IF(原始数据!X21="","",原始数据!X21) -> 湖景村 | J21: =原始数据!J21 -> ZZZ | K21: =IF(赛后数据!$M21="","",_xlfn.IFS(L21=赛后数据!$N21,赛后数据!$M21,L21=赛后数据!$V21,赛后数据!$U21,L21=赛后数据!$AD21,赛后数据!$AC21,L21=赛后数据!$AL21,赛后数据!$AK21)) -> ouo | L21: =IF(原始数据!AP21="","",原始数据!AP21) -> 舞女 | M21: 8 | N21: 飞轮 | O21: 大心脏 | P21: =IF(赛后数据!$M21="","",_xlfn.IFS(Q21=赛后数据!$N21,赛后数据!$M21,Q21=赛后数据!$V21,赛后数据!$U21,Q21=赛后数据!$AD21,赛后数据!$AC21,Q21=赛后数据!$AL21,赛后数据!$AK21)) -> nn | Q21: =IF(原始数据!AQ21="","",原始数据!AQ21) -> 魔术师 | R21: 5 | S21: 飞轮 | T21: 双弹 | U21: =IF(赛后数据!$M21="","",_xlfn.IFS(V21=赛后数据!$N21,赛后数据!$M21,V21=赛后数据!$V21,赛后数据!$U21,V21=赛后数据!$AD21,赛后数据!$AC21,V21=赛后数据!$AL21,赛后数据!$AK21)) -> ego | V21: =IF(原始数据!AS21="","",原始数据!AS21) -> 机械师 | W21: 2 | X21: 飞轮 | Y21: 双弹 | Z21: =IF(赛后数据!$M21="","",_xlfn.IFS(AA21=赛后数据!$N21,赛后数据!$M21,AA21=赛后数据!$V21,赛后数据!$U21,AA21=赛后数据!$AD21,赛后数据!$AC21,AA21=赛后数据!$AL21,赛后数据!$AK21)) -> nana | AA21: =IF(原始数据!AU21="","",原始数据!AU21) -> 守墓人 | AB21: 6 | AC21: 大心脏 | AD21: 搏命 | AE21: =IF(原始数据!K21="","",原始数据!K21) -> RD | AF21: =IF(原始数据!L21="","",原始数据!L21) -> binbin | AG21: =IF(原始数据!AV21="","",原始数据!AV21) -> 跛脚羊 | AH21: 4 | AI21: 底牌 | AJ21: 一刀 | AK21: 失常 | AL21: 闪现 | AM21: nn | AN21: 0 | AO21: 44 | AP21: 换追 | AQ21: 1 | AR21: 12 | AS21: 188 | AU21: 426 | AV21: 3 | AW21: 21 | AY21: 9 | AZ21: 7 | BC21: =AQ21*60+AR21-AN21*60-AO21 -> 28 | BD21: =IF(AV21="","",AV21*60+AW21-200) -> 1 | BF21: 10 | BG21: 1
A22: =输入错误检查!C21 -> 0 | B22: =原始数据!B22 -> 4 | C22: =原始数据!C22 -> 11 | D22: =原始数据!D22 -> 16 | E22: =原始数据!E22 -> ZZZ | F22: =原始数据!F22 -> RD | G22: =原始数据!G22 -> 2 | H22: =原始数据!H22 -> 下 | I22: =IF(原始数据!X22="","",原始数据!X22) -> 湖景村 | J22: =原始数据!J22 -> RD | K22: =IF(赛后数据!$M22="","",_xlfn.IFS(L22=赛后数据!$N22,赛后数据!$M22,L22=赛后数据!$V22,赛后数据!$U22,L22=赛后数据!$AD22,赛后数据!$AC22,L22=赛后数据!$AL22,赛后数据!$AK22)) -> cy | L22: =IF(原始数据!AP22="","",原始数据!AP22) -> 大副 | M22: 7 | N22: 大心脏 | O22: 搏命 | P22: =IF(赛后数据!$M22="","",_xlfn.IFS(Q22=赛后数据!$N22,赛后数据!$M22,Q22=赛后数据!$V22,赛后数据!$U22,Q22=赛后数据!$AD22,赛后数据!$AC22,Q22=赛后数据!$AL22,赛后数据!$AK22)) -> meimei | Q22: =IF(原始数据!AQ22="","",原始数据!AQ22) -> 心理学家 | R22: 8 | S22: 搏命 | T22: 双弹 | U22: =IF(赛后数据!$M22="","",_xlfn.IFS(V22=赛后数据!$N22,赛后数据!$M22,V22=赛后数据!$V22,赛后数据!$U22,V22=赛后数据!$AD22,赛后数据!$AC22,V22=赛后数据!$AL22,赛后数据!$AK22)) -> pinpin | V22: =IF(原始数据!AS22="","",原始数据!AS22) -> 先知 | W22: 2 | X22: 飞轮 | Y22: 双弹 | Z22: =IF(赛后数据!$M22="","",_xlfn.IFS(AA22=赛后数据!$N22,赛后数据!$M22,AA22=赛后数据!$V22,赛后数据!$U22,AA22=赛后数据!$AD22,赛后数据!$AC22,AA22=赛后数据!$AL22,赛后数据!$AK22)) -> huanxue | AA22: =IF(原始数据!AU22="","",原始数据!AU22) -> 教授 | AB22: 5 | AC22: 飞轮 | AD22: 大心脏 | AE22: =IF(原始数据!K22="","",原始数据!K22) -> ZZZ | AF22: =IF(原始数据!L22="","",原始数据!L22) -> mz | AG22: =IF(原始数据!AV22="","",原始数据!AV22) -> 记录员 | AH22: 1 | AI22: 底牌 | AJ22: 一刀 | AK22: 闪现 | AL22: 传送 | AM22: pinpin | AN22: 0 | AO22: 10 | AP22: 窗口看到 | AQ22: 1 | AR22: 40 | AS22: 279 | AU22: 412 | AV22: 3 | AW22: 21 | AY22: 5 | AZ22: 16 | BC22: =AQ22*60+AR22-AN22*60-AO22 -> 90 | BD22: =IF(AV22="","",AV22*60+AW22-200) -> 1 | BF22: 6 | BG22: 58
A23: =输入错误检查!C22 -> 0 | B23: =原始数据!B23 -> 4 | C23: =原始数据!C23 -> 11 | D23: =原始数据!D23 -> 16 | E23: =原始数据!E23 -> ZZZ | F23: =原始数据!F23 -> RD | G23: =原始数据!G23 -> 3 | H23: =原始数据!H23 -> 上 | I23: =IF(原始数据!X23="","",原始数据!X23) | J23: =原始数据!J23 | K23: =IF(赛后数据!$M23="","",_xlfn.IFS(L23=赛后数据!$N23,赛后数据!$M23,L23=赛后数据!$V23,赛后数据!$U23,L23=赛后数据!$AD23,赛后数据!$AC23,L23=赛后数据!$AL23,赛后数据!$AK23)) | L23: =IF(原始数据!AP23="","",原始数据!AP23) | P23: =IF(赛后数据!$M23="","",_xlfn.IFS(Q23=赛后数据!$N23,赛后数据!$M23,Q23=赛后数据!$V23,赛后数据!$U23,Q23=赛后数据!$AD23,赛后数据!$AC23,Q23=赛后数据!$AL23,赛后数据!$AK23)) | Q23: =IF(原始数据!AQ23="","",原始数据!AQ23) | U23: =IF(赛后数据!$M23="","",_xlfn.IFS(V23=赛后数据!$N23,赛后数据!$M23,V23=赛后数据!$V23,赛后数据!$U23,V23=赛后数据!$AD23,赛后数据!$AC23,V23=赛后数据!$AL23,赛后数据!$AK23)) | V23: =IF(原始数据!AS23="","",原始数据!AS23) | Z23: =IF(赛后数据!$M23="","",_xlfn.IFS(AA23=赛后数据!$N23,赛后数据!$M23,AA23=赛后数据!$V23,赛后数据!$U23,AA23=赛后数据!$AD23,赛后数据!$AC23,AA23=赛后数据!$AL23,赛后数据!$AK23)) | AA23: =IF(原始数据!AU23="","",原始数据!AU23) | AE23: =IF(原始数据!K23="","",原始数据!K23) | AF23: =IF(原始数据!L23="","",原始数据!L23) | AG23: =IF(原始数据!AV23="","",原始数据!AV23) | BC23: =AQ23*60+AR23-AN23*60-AO23 -> 0 | BD23: =IF(AV23="","",AV23*60+AW23-200)
A24: =输入错误检查!C23 -> 0 | B24: =原始数据!B24 -> 4 | C24: =原始数据!C24 -> 11 | D24: =原始数据!D24 -> 16 | E24: =原始数据!E24 -> ZZZ | F24: =原始数据!F24 -> RD | G24: =原始数据!G24 -> 3 | H24: =原始数据!H24 -> 下 | I24: =IF(原始数据!X24="","",原始数据!X24) | J24: =原始数据!J24 | K24: =IF(赛后数据!$M24="","",_xlfn.IFS(L24=赛后数据!$N24,赛后数据!$M24,L24=赛后数据!$V24,赛后数据!$U24,L24=赛后数据!$AD24,赛后数据!$AC24,L24=赛后数据!$AL24,赛后数据!$AK24)) | L24: =IF(原始数据!AP24="","",原始数据!AP24) | P24: =IF(赛后数据!$M24="","",_xlfn.IFS(Q24=赛后数据!$N24,赛后数据!$M24,Q24=赛后数据!$V24,赛后数据!$U24,Q24=赛后数据!$AD24,赛后数据!$AC24,Q24=赛后数据!$AL24,赛后数据!$AK24)) | Q24: =IF(原始数据!AQ24="","",原始数据!AQ24) | U24: =IF(赛后数据!$M24="","",_xlfn.IFS(V24=赛后数据!$N24,赛后数据!$M24,V24=赛后数据!$V24,赛后数据!$U24,V24=赛后数据!$AD24,赛后数据!$AC24,V24=赛后数据!$AL24,赛后数据!$AK24)) | V24: =IF(原始数据!AS24="","",原始数据!AS24) | Z24: =IF(赛后数据!$M24="","",_xlfn.IFS(AA24=赛后数据!$N24,赛后数据!$M24,AA24=赛后数据!$V24,赛后数据!$U24,AA24=赛后数据!$AD24,赛后数据!$AC24,AA24=赛后数据!$AL24,赛后数据!$AK24)) | AA24: =IF(原始数据!AU24="","",原始数据!AU24) | AE24: =IF(原始数据!K24="","",原始数据!K24) | AF24: =IF(原始数据!L24="","",原始数据!L24) | AG24: =IF(原始数据!AV24="","",原始数据!AV24) | BC24: =AQ24*60+AR24-AN24*60-AO24 -> 0 | BD24: =IF(AV24="","",AV24*60+AW24-200)
A25: =输入错误检查!C24 -> 0 | B25: =原始数据!B25 -> 4 | C25: =原始数据!C25 -> 11 | D25: =原始数据!D25 -> 16 | E25: =原始数据!E25 -> ZZZ | F25: =原始数据!F25 -> RD | G25: =原始数据!G25 -> 加 | H25: =原始数据!H25 -> 上 | I25: =IF(原始数据!X25="","",原始数据!X25) | J25: =原始数据!J25 | K25: =IF(赛后数据!$M25="","",_xlfn.IFS(L25=赛后数据!$N25,赛后数据!$M25,L25=赛后数据!$V25,赛后数据!$U25,L25=赛后数据!$AD25,赛后数据!$AC25,L25=赛后数据!$AL25,赛后数据!$AK25)) | L25: =IF(原始数据!AP25="","",原始数据!AP25) | P25: =IF(赛后数据!$M25="","",_xlfn.IFS(Q25=赛后数据!$N25,赛后数据!$M25,Q25=赛后数据!$V25,赛后数据!$U25,Q25=赛后数据!$AD25,赛后数据!$AC25,Q25=赛后数据!$AL25,赛后数据!$AK25)) | Q25: =IF(原始数据!AQ25="","",原始数据!AQ25) | U25: =IF(赛后数据!$M25="","",_xlfn.IFS(V25=赛后数据!$N25,赛后数据!$M25,V25=赛后数据!$V25,赛后数据!$U25,V25=赛后数据!$AD25,赛后数据!$AC25,V25=赛后数据!$AL25,赛后数据!$AK25)) | V25: =IF(原始数据!AS25="","",原始数据!AS25) | Z25: =IF(赛后数据!$M25="","",_xlfn.IFS(AA25=赛后数据!$N25,赛后数据!$M25,AA25=赛后数据!$V25,赛后数据!$U25,AA25=赛后数据!$AD25,赛后数据!$AC25,AA25=赛后数据!$AL25,赛后数据!$AK25)) | AA25: =IF(原始数据!AU25="","",原始数据!AU25) | AE25: =IF(原始数据!K25="","",原始数据!K25) | AF25: =IF(原始数据!L25="","",原始数据!L25) | AG25: =IF(原始数据!AV25="","",原始数据!AV25) | BC25: =AQ25*60+AR25-AN25*60-AO25 -> 0 | BD25: =IF(AV25="","",AV25*60+AW25-200)
A26: =输入错误检查!C25 -> 0 | B26: =原始数据!B26 -> 4 | C26: =原始数据!C26 -> 11 | D26: =原始数据!D26 -> 16 | E26: =原始数据!E26 -> ZZZ | F26: =原始数据!F26 -> RD | G26: =原始数据!G26 -> 加 | H26: =原始数据!H26 -> 下 | I26: =IF(原始数据!X26="","",原始数据!X26) | J26: =原始数据!J26 | K26: =IF(赛后数据!$M26="","",_xlfn.IFS(L26=赛后数据!$N26,赛后数据!$M26,L26=赛后数据!$V26,赛后数据!$U26,L26=赛后数据!$AD26,赛后数据!$AC26,L26=赛后数据!$AL26,赛后数据!$AK26)) | L26: =IF(原始数据!AP26="","",原始数据!AP26) | P26: =IF(赛后数据!$M26="","",_xlfn.IFS(Q26=赛后数据!$N26,赛后数据!$M26,Q26=赛后数据!$V26,赛后数据!$U26,Q26=赛后数据!$AD26,赛后数据!$AC26,Q26=赛后数据!$AL26,赛后数据!$AK26)) | Q26: =IF(原始数据!AQ26="","",原始数据!AQ26) | U26: =IF(赛后数据!$M26="","",_xlfn.IFS(V26=赛后数据!$N26,赛后数据!$M26,V26=赛后数据!$V26,赛后数据!$U26,V26=赛后数据!$AD26,赛后数据!$AC26,V26=赛后数据!$AL26,赛后数据!$AK26)) | V26: =IF(原始数据!AS26="","",原始数据!AS26) | Z26: =IF(赛后数据!$M26="","",_xlfn.IFS(AA26=赛后数据!$N26,赛后数据!$M26,AA26=赛后数据!$V26,赛后数据!$U26,AA26=赛后数据!$AD26,赛后数据!$AC26,AA26=赛后数据!$AL26,赛后数据!$AK26)) | AA26: =IF(原始数据!AU26="","",原始数据!AU26) | AE26: =IF(原始数据!K26="","",原始数据!K26) | AF26: =IF(原始数据!L26="","",原始数据!L26) | AG26: =IF(原始数据!AV26="","",原始数据!AV26) | BC26: =AQ26*60+AR26-AN26*60-AO26 -> 0 | BD26: =IF(AV26="","",AV26*60+AW26-200)
A27: =输入错误检查!C26 -> 0 | B27: =原始数据!B27 -> 4 | C27: =原始数据!C27 -> 11 | D27: =原始数据!D27 -> 18 | E27: =原始数据!E27 -> GG | F27: =原始数据!F27 -> RC | G27: =原始数据!G27 -> 1 | H27: =原始数据!H27 -> 上 | I27: =IF(原始数据!X27="","",原始数据!X27) -> 唐人街 | J27: =原始数据!J27 -> RC | K27: =IF(赛后数据!$M27="","",_xlfn.IFS(L27=赛后数据!$N27,赛后数据!$M27,L27=赛后数据!$V27,赛后数据!$U27,L27=赛后数据!$AD27,赛后数据!$AC27,L27=赛后数据!$AL27,赛后数据!$AK27)) -> soba | L27: =IF(原始数据!AP27="","",原始数据!AP27) -> 祭司 | M27: 5 | N27: 飞轮 | O27: 双弹 | P27: =IF(赛后数据!$M27="","",_xlfn.IFS(Q27=赛后数据!$N27,赛后数据!$M27,Q27=赛后数据!$V27,赛后数据!$U27,Q27=赛后数据!$AD27,赛后数据!$AC27,Q27=赛后数据!$AL27,赛后数据!$AK27)) -> raolie | Q27: =IF(原始数据!AQ27="","",原始数据!AQ27) -> 律师 | R27: 8 | S27: 飞轮 | T27: 双弹 | U27: =IF(赛后数据!$M27="","",_xlfn.IFS(V27=赛后数据!$N27,赛后数据!$M27,V27=赛后数据!$V27,赛后数据!$U27,V27=赛后数据!$AD27,赛后数据!$AC27,V27=赛后数据!$AL27,赛后数据!$AK27)) -> city | V27: =IF(原始数据!AS27="","",原始数据!AS27) -> 大副 | W27: 9 | X27: 搏命 | Y27: 大心脏 | Z27: =IF(赛后数据!$M27="","",_xlfn.IFS(AA27=赛后数据!$N27,赛后数据!$M27,AA27=赛后数据!$V27,赛后数据!$U27,AA27=赛后数据!$AD27,赛后数据!$AC27,AA27=赛后数据!$AL27,赛后数据!$AK27)) -> kirye | AA27: =IF(原始数据!AU27="","",原始数据!AU27) -> 飞行家 | AB27: 4 | AC27: 飞轮 | AD27: 大心脏 | AE27: =IF(原始数据!K27="","",原始数据!K27) -> GG | AF27: =IF(原始数据!L27="","",原始数据!L27) -> xawm | AG27: =IF(原始数据!AV27="","",原始数据!AV27) -> 跛脚羊 | AH27: 7 | AI27: 底牌 | AJ27: 一刀 | AK27: 失常 | AL27: 移形 | AM27: kirye | AN27: 0 | AO27: 12 | AP27: 看到飞行家 | AQ27: 0 | AR27: 21 | AS27: 22 | AU27: 217 | AV27: 3 | AW27: 21 | AY27: 未破译完成 | BC27: =AQ27*60+AR27-AN27*60-AO27 -> 9 | BD27: =IF(AV27="","",AV27*60+AW27-200) -> 1 | BF27: 7 | BG27: 38
A28: =输入错误检查!C27 -> 0 | B28: =原始数据!B28 -> 4 | C28: =原始数据!C28 -> 11 | D28: =原始数据!D28 -> 18 | E28: =原始数据!E28 -> GG | F28: =原始数据!F28 -> RC | G28: =原始数据!G28 -> 1 | H28: =原始数据!H28 -> 下 | I28: =IF(原始数据!X28="","",原始数据!X28) -> 唐人街 | J28: =原始数据!J28 -> GG | K28: =IF(赛后数据!$M28="","",_xlfn.IFS(L28=赛后数据!$N28,赛后数据!$M28,L28=赛后数据!$V28,赛后数据!$U28,L28=赛后数据!$AD28,赛后数据!$AC28,L28=赛后数据!$AL28,赛后数据!$AK28)) -> 18 | L28: =IF(原始数据!AP28="","",原始数据!AP28) -> 冒险家 | M28: 8 | N28: 飞轮 | O28: 双弹 | P28: =IF(赛后数据!$M28="","",_xlfn.IFS(Q28=赛后数据!$N28,赛后数据!$M28,Q28=赛后数据!$V28,赛后数据!$U28,Q28=赛后数据!$AD28,赛后数据!$AC28,Q28=赛后数据!$AL28,赛后数据!$AK28)) -> kucao | Q28: =IF(原始数据!AQ28="","",原始数据!AQ28) -> 大副 | R28: 2 | S28: 搏命 | T28: 大心脏 | U28: =IF(赛后数据!$M28="","",_xlfn.IFS(V28=赛后数据!$N28,赛后数据!$M28,V28=赛后数据!$V28,赛后数据!$U28,V28=赛后数据!$AD28,赛后数据!$AC28,V28=赛后数据!$AL28,赛后数据!$AK28)) -> tx | V28: =IF(原始数据!AS28="","",原始数据!AS28) -> 先知 | W28: 5 | X28: 双弹 | Y28: 飞轮 | Z28: =IF(赛后数据!$M28="","",_xlfn.IFS(AA28=赛后数据!$N28,赛后数据!$M28,AA28=赛后数据!$V28,赛后数据!$U28,AA28=赛后数据!$AD28,赛后数据!$AC28,AA28=赛后数据!$AL28,赛后数据!$AK28)) -> ppxia | AA28: =IF(原始数据!AU28="","",原始数据!AU28) -> 心理学家 | AB28: 9 | AC28: 搏命 | AD28: 双弹 | AE28: =IF(原始数据!K28="","",原始数据!K28) -> RC | AF28: =IF(原始数据!L28="","",原始数据!L28) -> aka | AG28: =IF(原始数据!AV28="","",原始数据!AV28) -> 隐士 | AH28: 1 | AI28: 张狂 | AJ28: 一刀 | AK28: 传送 | AL28: 未携带 | AM28: 18 | AN28: 1 | AO28: 49 | AP28: 再临换追 | AQ28: 3 | AR28: 13 | AS28: 363 | AT28: 冒险家50书页 | AU28: 374 | AV28: 3 | AW28: 21 | AY28: 5 | AZ28: 48 | BC28: =AQ28*60+AR28-AN28*60-AO28 -> 84 | BD28: =IF(AV28="","",AV28*60+AW28-200) -> 1 | BF28: 7 | BG28: 42
A29: =输入错误检查!C28 -> 0 | B29: =原始数据!B29 -> 4 | C29: =原始数据!C29 -> 11 | D29: =原始数据!D29 -> 18 | E29: =原始数据!E29 -> GG | F29: =原始数据!F29 -> RC | G29: =原始数据!G29 -> 2 | H29: =原始数据!H29 -> 上 | I29: =IF(原始数据!X29="","",原始数据!X29) -> 月亮河公园 | J29: =原始数据!J29 -> RC | K29: =IF(赛后数据!$M29="","",_xlfn.IFS(L29=赛后数据!$N29,赛后数据!$M29,L29=赛后数据!$V29,赛后数据!$U29,L29=赛后数据!$AD29,赛后数据!$AC29,L29=赛后数据!$AL29,赛后数据!$AK29)) -> raolie | L29: =IF(原始数据!AP29="","",原始数据!AP29) -> 木偶师 | M29: 12 | N29: 双弹 | O29: 大心脏 | P29: =IF(赛后数据!$M29="","",_xlfn.IFS(Q29=赛后数据!$N29,赛后数据!$M29,Q29=赛后数据!$V29,赛后数据!$U29,Q29=赛后数据!$AD29,赛后数据!$AC29,Q29=赛后数据!$AL29,赛后数据!$AK29)) -> kirye | Q29: =IF(原始数据!AQ29="","",原始数据!AQ29) -> 杂技演员 | R29: 9 | S29: 双弹 | T29: 大心脏 | U29: =IF(赛后数据!$M29="","",_xlfn.IFS(V29=赛后数据!$N29,赛后数据!$M29,V29=赛后数据!$V29,赛后数据!$U29,V29=赛后数据!$AD29,赛后数据!$AC29,V29=赛后数据!$AL29,赛后数据!$AK29)) -> city | V29: =IF(原始数据!AS29="","",原始数据!AS29) -> 野人 | W29: 2 | X29: 搏命 | Y29: 大心脏 | Z29: =IF(赛后数据!$M29="","",_xlfn.IFS(AA29=赛后数据!$N29,赛后数据!$M29,AA29=赛后数据!$V29,赛后数据!$U29,AA29=赛后数据!$AD29,赛后数据!$AC29,AA29=赛后数据!$AL29,赛后数据!$AK29)) -> soba | AA29: =IF(原始数据!AU29="","",原始数据!AU29) -> 幸运儿 | AB29: 11 | AC29: 飞轮 | AD29: 大心脏 | AE29: =IF(原始数据!K29="","",原始数据!K29) -> GG | AF29: =IF(原始数据!L29="","",原始数据!L29) -> xawm | AG29: =IF(原始数据!AV29="","",原始数据!AV29) -> 歌剧演员 | AH29: 10 | AI29: 底牌 | AJ29: 一刀 | AK29: 闪现 | AL29: 传送 | AM29: soba | AN29: 0 | AO29: 56 | AP29: 视线出现幸运儿 | AQ29: 1 | AR29: 32 | AS29: 178 | AU29: 351 | AV29: 3 | AW29: 21 | AY29: 5 | AZ29: 44 | BC29: =AQ29*60+AR29-AN29*60-AO29 -> 36 | BD29: =IF(AV29="","",AV29*60+AW29-200) -> 1 | BF29: 6 | BG29: 38
A30: =输入错误检查!C29 -> 0 | B30: =原始数据!B30 -> 4 | C30: =原始数据!C30 -> 11 | D30: =原始数据!D30 -> 18 | E30: =原始数据!E30 -> GG | F30: =原始数据!F30 -> RC | G30: =原始数据!G30 -> 2 | H30: =原始数据!H30 -> 下 | I30: =IF(原始数据!X30="","",原始数据!X30) -> 月亮河公园 | J30: =原始数据!J30 -> GG | K30: =IF(赛后数据!$M30="","",_xlfn.IFS(L30=赛后数据!$N30,赛后数据!$M30,L30=赛后数据!$V30,赛后数据!$U30,L30=赛后数据!$AD30,赛后数据!$AC30,L30=赛后数据!$AL30,赛后数据!$AK30)) -> kucao | L30: =IF(原始数据!AP30="","",原始数据!AP30) -> 佣兵 | M30: 2 | N30: 搏命 | O30: 大心脏 | P30: =IF(赛后数据!$M30="","",_xlfn.IFS(Q30=赛后数据!$N30,赛后数据!$M30,Q30=赛后数据!$V30,赛后数据!$U30,Q30=赛后数据!$AD30,赛后数据!$AC30,Q30=赛后数据!$AL30,赛后数据!$AK30)) -> 18 | Q30: =IF(原始数据!AQ30="","",原始数据!AQ30) -> 入殓师 | R30: 11 | S30: 双弹 | T30: 大心脏 | U30: =IF(赛后数据!$M30="","",_xlfn.IFS(V30=赛后数据!$N30,赛后数据!$M30,V30=赛后数据!$V30,赛后数据!$U30,V30=赛后数据!$AD30,赛后数据!$AC30,V30=赛后数据!$AL30,赛后数据!$AK30)) -> ppxia | V30: =IF(原始数据!AS30="","",原始数据!AS30) -> 空军 | W30: 4 | X30: 飞轮 | Y30: 大心脏 | Z30: =IF(赛后数据!$M30="","",_xlfn.IFS(AA30=赛后数据!$N30,赛后数据!$M30,AA30=赛后数据!$V30,赛后数据!$U30,AA30=赛后数据!$AD30,赛后数据!$AC30,AA30=赛后数据!$AL30,赛后数据!$AK30)) -> tx | AA30: =IF(原始数据!AU30="","",原始数据!AU30) -> 心理学家 | AB30: 9 | AC30: 搏命 | AD30: 双弹 | AE30: =IF(原始数据!K30="","",原始数据!K30) -> RC | AF30: =IF(原始数据!L30="","",原始数据!L30) -> aka | AG30: =IF(原始数据!AV30="","",原始数据!AV30) -> 喧嚣 | AH30: 10 | AI30: 底牌 | AJ30: 张狂 | AK30: 失常 | AL30: 未使用 | AM30: tx | AN30: 0 | AO30: 3 | AP30: 释放双重惊喜 | AQ30: 1 | AR30: 9 | AS30: 183 | AU30: 281 | AV30: 3 | AW30: 21 | AY30: 未破译完成 | BC30: =AQ30*60+AR30-AN30*60-AO30 -> 66 | BD30: =IF(AV30="","",AV30*60+AW30-200) -> 1 | BF30: 7 | BG30: 5
A31: =输入错误检查!C30 -> 0 | B31: =原始数据!B31 -> 4 | C31: =原始数据!C31 -> 11 | D31: =原始数据!D31 -> 18 | E31: =原始数据!E31 -> GG | F31: =原始数据!F31 -> RC | G31: =原始数据!G31 -> 3 | H31: =原始数据!H31 -> 上 | I31: =IF(原始数据!X31="","",原始数据!X31) -> 军工厂 | J31: =原始数据!J31 -> RC | K31: =IF(赛后数据!$M31="","",_xlfn.IFS(L31=赛后数据!$N31,赛后数据!$M31,L31=赛后数据!$V31,赛后数据!$U31,L31=赛后数据!$AD31,赛后数据!$AC31,L31=赛后数据!$AL31,赛后数据!$AK31)) -> monop | L31: =IF(原始数据!AP31="","",原始数据!AP31) -> 佣兵 | M31: 8 | N31: 搏命 | O31: 大心脏 | P31: =IF(赛后数据!$M31="","",_xlfn.IFS(Q31=赛后数据!$N31,赛后数据!$M31,Q31=赛后数据!$V31,赛后数据!$U31,Q31=赛后数据!$AD31,赛后数据!$AC31,Q31=赛后数据!$AL31,赛后数据!$AK31)) -> kirye | Q31: =IF(原始数据!AQ31="","",原始数据!AQ31) -> 火灾调查员 | R31: 6 | S31: 搏命 | T31: 大心脏 | U31: =IF(赛后数据!$M31="","",_xlfn.IFS(V31=赛后数据!$N31,赛后数据!$M31,V31=赛后数据!$V31,赛后数据!$U31,V31=赛后数据!$AD31,赛后数据!$AC31,V31=赛后数据!$AL31,赛后数据!$AK31)) -> soba | V31: =IF(原始数据!AS31="","",原始数据!AS31) -> 冒险家 | W31: 9 | X31: 飞轮 | Y31: 大心脏 | Z31: =IF(赛后数据!$M31="","",_xlfn.IFS(AA31=赛后数据!$N31,赛后数据!$M31,AA31=赛后数据!$V31,赛后数据!$U31,AA31=赛后数据!$AD31,赛后数据!$AC31,AA31=赛后数据!$AL31,赛后数据!$AK31)) -> raolie | AA31: =IF(原始数据!AU31="","",原始数据!AU31) -> 囚徒 | AB31: 5 | AC31: 飞轮 | AD31: 双弹 | AE31: =IF(原始数据!K31="","",原始数据!K31) -> GG | AF31: =IF(原始数据!L31="","",原始数据!L31) -> xawm | AG31: =IF(原始数据!AV31="","",原始数据!AV31) -> 时空之影 | AH31: 4 | AI31: 底牌 | AJ31: 一刀 | AK31: 闪现 | AL31: 未使用 | AM31: raolie | AN31: 0 | AO31: 31 | AP31: 视线出现囚徒 | AQ31: 1 | AR31: 46 | AS31: 166 | AT31: 冒险家49书页 | AU31: 355 | AV31: 3 | AW31: 21 | AY31: 4 | AZ31: 21 | BC31: =AQ31*60+AR31-AN31*60-AO31 -> 75 | BD31: =IF(AV31="","",AV31*60+AW31-200) -> 1 | BF31: 5 | BG31: 10
A32: =输入错误检查!C31 -> 0 | B32: =原始数据!B32 -> 4 | C32: =原始数据!C32 -> 11 | D32: =原始数据!D32 -> 18 | E32: =原始数据!E32 -> GG | F32: =原始数据!F32 -> RC | G32: =原始数据!G32 -> 3 | H32: =原始数据!H32 -> 下 | I32: =IF(原始数据!X32="","",原始数据!X32) -> 军工厂 | J32: =原始数据!J32 -> GG | K32: =IF(赛后数据!$M32="","",_xlfn.IFS(L32=赛后数据!$N32,赛后数据!$M32,L32=赛后数据!$V32,赛后数据!$U32,L32=赛后数据!$AD32,赛后数据!$AC32,L32=赛后数据!$AL32,赛后数据!$AK32)) -> ppxia | L32: =IF(原始数据!AP32="","",原始数据!AP32) -> 古董商 | M32: 6 | N32: 双弹 | O32: 大心脏 | P32: =IF(赛后数据!$M32="","",_xlfn.IFS(Q32=赛后数据!$N32,赛后数据!$M32,Q32=赛后数据!$V32,赛后数据!$U32,Q32=赛后数据!$AD32,赛后数据!$AC32,Q32=赛后数据!$AL32,赛后数据!$AK32)) -> tx | Q32: =IF(原始数据!AQ32="","",原始数据!AQ32) -> 心理学家 | R32: 5 | S32: 搏命 | T32: 大心脏 | U32: =IF(赛后数据!$M32="","",_xlfn.IFS(V32=赛后数据!$N32,赛后数据!$M32,V32=赛后数据!$V32,赛后数据!$U32,V32=赛后数据!$AD32,赛后数据!$AC32,V32=赛后数据!$AL32,赛后数据!$AK32)) -> 18 | V32: =IF(原始数据!AS32="","",原始数据!AS32) -> 飞行家 | W32: 8 | X32: 双弹 | Y32: 大心脏 | Z32: =IF(赛后数据!$M32="","",_xlfn.IFS(AA32=赛后数据!$N32,赛后数据!$M32,AA32=赛后数据!$V32,赛后数据!$U32,AA32=赛后数据!$AD32,赛后数据!$AC32,AA32=赛后数据!$AL32,赛后数据!$AK32)) -> kucao | AA32: =IF(原始数据!AU32="","",原始数据!AU32) -> 骑士 | AB32: 2 | AC32: 搏命 | AD32: 大心脏 | AE32: =IF(原始数据!K32="","",原始数据!K32) -> RC | AF32: =IF(原始数据!L32="","",原始数据!L32) -> aka | AG32: =IF(原始数据!AV32="","",原始数据!AV32) -> 使徒 | AH32: 1 | AI32: 底牌 | AJ32: 一刀 | AK32: 移形 | AL32: 传送 | AM32: kucao | AN32: 0 | AO32: 17 | AP32: 释放爱猫 | AQ32: 1 | AR32: 40 | AS32: 282 | AU32: 473 | AV32: 3 | AW32: 21 | AY32: 3 | AZ32: 37 | BC32: =AQ32*60+AR32-AN32*60-AO32 -> 83 | BD32: =IF(AV32="","",AV32*60+AW32-200) -> 1 | BF32: 4 | BG32: 42
A33: =输入错误检查!C32 -> 0 | B33: =原始数据!B33 -> 4 | C33: =原始数据!C33 -> 11 | D33: =原始数据!D33 -> 18 | E33: =原始数据!E33 -> GG | F33: =原始数据!F33 -> RC | G33: =原始数据!G33 -> 加 | H33: =原始数据!H33 -> 上 | I33: =IF(原始数据!X33="","",原始数据!X33) -> 永眠镇 | J33: =原始数据!J33 -> GG | K33: =IF(赛后数据!$M33="","",_xlfn.IFS(L33=赛后数据!$N33,赛后数据!$M33,L33=赛后数据!$V33,赛后数据!$U33,L33=赛后数据!$AD33,赛后数据!$AC33,L33=赛后数据!$AL33,赛后数据!$AK33)) -> kucao | L33: =IF(原始数据!AP33="","",原始数据!AP33) -> 野人 | M33: 8 | N33: 搏命 | O33: 大心脏 | P33: =IF(赛后数据!$M33="","",_xlfn.IFS(Q33=赛后数据!$N33,赛后数据!$M33,Q33=赛后数据!$V33,赛后数据!$U33,Q33=赛后数据!$AD33,赛后数据!$AC33,Q33=赛后数据!$AL33,赛后数据!$AK33)) -> tx | Q33: =IF(原始数据!AQ33="","",原始数据!AQ33) -> 囚徒 | R33: 6 | S33: 飞轮 | T33: 双弹 | U33: =IF(赛后数据!$M33="","",_xlfn.IFS(V33=赛后数据!$N33,赛后数据!$M33,V33=赛后数据!$V33,赛后数据!$U33,V33=赛后数据!$AD33,赛后数据!$AC33,V33=赛后数据!$AL33,赛后数据!$AK33)) -> 18 | V33: =IF(原始数据!AS33="","",原始数据!AS33) -> 杂技演员 | W33: 3 | X33: 搏命 | Y33: 双弹 | Z33: =IF(赛后数据!$M33="","",_xlfn.IFS(AA33=赛后数据!$N33,赛后数据!$M33,AA33=赛后数据!$V33,赛后数据!$U33,AA33=赛后数据!$AD33,赛后数据!$AC33,AA33=赛后数据!$AL33,赛后数据!$AK33)) -> ppxia | AA33: =IF(原始数据!AU33="","",原始数据!AU33) -> 幸运儿 | AB33: 5 | AC33: 双弹 | AD33: 大心脏 | AE33: =IF(原始数据!K33="","",原始数据!K33) -> RC | AF33: =IF(原始数据!L33="","",原始数据!L33) -> aka | AG33: =IF(原始数据!AV33="","",原始数据!AV33) -> 歌剧演员 | AH33: 10 | AI33: 底牌 | AJ33: 一刀 | AK33: 失常 | AL33: 传送 | AM33: tx | AN33: 0 | AO33: 10 | AP33: 看见脚印 | AQ33: 0 | AR33: 59 | AS33: 120 | AU33: 382 | AV33: 3 | AW33: 21 | AY33: 6 | AZ33: 37 | BC33: =AQ33*60+AR33-AN33*60-AO33 -> 49 | BD33: =IF(AV33="","",AV33*60+AW33-200) -> 1 | BF33: 8 | BG33: 14
A34: =输入错误检查!C33 -> 0 | B34: =原始数据!B34 -> 4 | C34: =原始数据!C34 -> 11 | D34: =原始数据!D34 -> 18 | E34: =原始数据!E34 -> GG | F34: =原始数据!F34 -> RC | G34: =原始数据!G34 -> 加 | H34: =原始数据!H34 -> 下 | I34: =IF(原始数据!X34="","",原始数据!X34) -> 永眠镇 | J34: =原始数据!J34 -> RC | K34: =IF(赛后数据!$M34="","",_xlfn.IFS(L34=赛后数据!$N34,赛后数据!$M34,L34=赛后数据!$V34,赛后数据!$U34,L34=赛后数据!$AD34,赛后数据!$AC34,L34=赛后数据!$AL34,赛后数据!$AK34)) -> soba | L34: =IF(原始数据!AP34="","",原始数据!AP34) -> 入殓师 | M34: 6 | N34: 双弹 | O34: 大心脏 | P34: =IF(赛后数据!$M34="","",_xlfn.IFS(Q34=赛后数据!$N34,赛后数据!$M34,Q34=赛后数据!$V34,赛后数据!$U34,Q34=赛后数据!$AD34,赛后数据!$AC34,Q34=赛后数据!$AL34,赛后数据!$AK34)) -> monop | Q34: =IF(原始数据!AQ34="","",原始数据!AQ34) -> 前锋 | R34: 5 | S34: 飞轮 | T34: 搏命 | U34: =IF(赛后数据!$M34="","",_xlfn.IFS(V34=赛后数据!$N34,赛后数据!$M34,V34=赛后数据!$V34,赛后数据!$U34,V34=赛后数据!$AD34,赛后数据!$AC34,V34=赛后数据!$AL34,赛后数据!$AK34)) -> raolie | V34: =IF(原始数据!AS34="","",原始数据!AS34) -> 舞女 | W34: 8 | X34: 飞轮 | Y34: 大心脏 | Z34: =IF(赛后数据!$M34="","",_xlfn.IFS(AA34=赛后数据!$N34,赛后数据!$M34,AA34=赛后数据!$V34,赛后数据!$U34,AA34=赛后数据!$AD34,赛后数据!$AC34,AA34=赛后数据!$AL34,赛后数据!$AK34)) -> kirye | AA34: =IF(原始数据!AU34="","",原始数据!AU34) -> 病患 | AB34: 2 | AC34: 双弹 | AD34: 大心脏 | AE34: =IF(原始数据!K34="","",原始数据!K34) -> GG | AF34: =IF(原始数据!L34="","",原始数据!L34) -> xawm | AG34: =IF(原始数据!AV34="","",原始数据!AV34) -> 鹿头 | AH34: 4 | AI34: 底牌 | AJ34: 一刀 | AK34: 移形 | AL34: 巡视者 | AM34: raolie | AN34: 0 | AO34: 13 | AP34: 看见脚印 | AQ34: 1 | AR34: 0 | AS34: 131 | AU34: 393 | AV34: 3 | AW34: 21 | AY34: 未破译完成 | BC34: =AQ34*60+AR34-AN34*60-AO34 -> 47 | BD34: =IF(AV34="","",AV34*60+AW34-200) -> 1 | BF34: 7 | BG34: 17
A35: =输入错误检查!C34 -> 0 | B35: =原始数据!B35 -> 4 | C35: =原始数据!C35 -> 12 | D35: =原始数据!D35 -> 12 | E35: =原始数据!E35 -> DOU5 | F35: =原始数据!F35 -> AWG | G35: =原始数据!G35 -> 1 | H35: =原始数据!H35 -> 上 | I35: =IF(原始数据!X35="","",原始数据!X35) -> 里奥的回忆 | J35: =原始数据!J35 -> DOU5 | K35: =IF(赛后数据!$M35="","",_xlfn.IFS(L35=赛后数据!$N35,赛后数据!$M35,L35=赛后数据!$V35,赛后数据!$U35,L35=赛后数据!$AD35,赛后数据!$AC35,L35=赛后数据!$AL35,赛后数据!$AK35)) -> silverzhi | L35: =IF(原始数据!AP35="","",原始数据!AP35) -> 冒险家 | M35: 5 | N35: 双弹 | O35: 大心脏 | P35: =IF(赛后数据!$M35="","",_xlfn.IFS(Q35=赛后数据!$N35,赛后数据!$M35,Q35=赛后数据!$V35,赛后数据!$U35,Q35=赛后数据!$AD35,赛后数据!$AC35,Q35=赛后数据!$AL35,赛后数据!$AK35)) -> czai | Q35: =IF(原始数据!AQ35="","",原始数据!AQ35) -> 古董商 | R35: 8 | S35: 飞轮 | T35: 搏命 | U35: =IF(赛后数据!$M35="","",_xlfn.IFS(V35=赛后数据!$N35,赛后数据!$M35,V35=赛后数据!$V35,赛后数据!$U35,V35=赛后数据!$AD35,赛后数据!$AC35,V35=赛后数据!$AL35,赛后数据!$AK35)) -> chen | V35: =IF(原始数据!AS35="","",原始数据!AS35) -> 飞行家 | W35: 4 | X35: 飞轮 | Y35: 搏命 | Z35: =IF(赛后数据!$M35="","",_xlfn.IFS(AA35=赛后数据!$N35,赛后数据!$M35,AA35=赛后数据!$V35,赛后数据!$U35,AA35=赛后数据!$AD35,赛后数据!$AC35,AA35=赛后数据!$AL35,赛后数据!$AK35)) -> nan | AA35: =IF(原始数据!AU35="","",原始数据!AU35) -> 前锋 | AB35: 6 | AC35: 飞轮 | AD35: 搏命 | AE35: =IF(原始数据!K35="","",原始数据!K35) -> AWG | AF35: =IF(原始数据!L35="","",原始数据!L35) -> brontal | AG35: =IF(原始数据!AV35="","",原始数据!AV35) -> 喧嚣 | AH35: 7 | AI35: 底牌 | AJ35: 张狂 | AK35: 窥视者 | AL35: 金身 | AM35: chen | AN35: 0 | AO35: 10 | AP35: 看见脚印 | AQ35: 1 | AR35: 5 | AS35: 121 | AT35: 冒险家34书页 | AU35: 400 | AV35: 3 | AW35: 21 | AX35: 冒险家24书页 | AY35: 4 | AZ35: 56 | BC35: =AQ35*60+AR35-AN35*60-AO35 -> 55 | BD35: =IF(AV35="","",AV35*60+AW35-200) -> 1 | BF35: 6 | BG35: 16
A36: =输入错误检查!C35 -> 0 | B36: =原始数据!B36 -> 4 | C36: =原始数据!C36 -> 12 | D36: =原始数据!D36 -> 12 | E36: =原始数据!E36 -> DOU5 | F36: =原始数据!F36 -> AWG | G36: =原始数据!G36 -> 1 | H36: =原始数据!H36 -> 下 | I36: =IF(原始数据!X36="","",原始数据!X36) -> 里奥的回忆 | J36: =原始数据!J36 -> AWG | K36: =IF(赛后数据!$M36="","",_xlfn.IFS(L36=赛后数据!$N36,赛后数据!$M36,L36=赛后数据!$V36,赛后数据!$U36,L36=赛后数据!$AD36,赛后数据!$AC36,L36=赛后数据!$AL36,赛后数据!$AK36)) -> aez | L36: =IF(原始数据!AP36="","",原始数据!AP36) -> 守墓人 | M36: 6 | N36: 搏命 | O36: 大心脏 | P36: =IF(赛后数据!$M36="","",_xlfn.IFS(Q36=赛后数据!$N36,赛后数据!$M36,Q36=赛后数据!$V36,赛后数据!$U36,Q36=赛后数据!$AD36,赛后数据!$AC36,Q36=赛后数据!$AL36,赛后数据!$AK36)) -> kaeru | Q36: =IF(原始数据!AQ36="","",原始数据!AQ36) -> 木偶师 | R36: 4 | S36: 飞轮 | T36: 搏命 | U36: =IF(赛后数据!$M36="","",_xlfn.IFS(V36=赛后数据!$N36,赛后数据!$M36,V36=赛后数据!$V36,赛后数据!$U36,V36=赛后数据!$AD36,赛后数据!$AC36,V36=赛后数据!$AL36,赛后数据!$AK36)) -> nameko | V36: =IF(原始数据!AS36="","",原始数据!AS36) -> 咒术师 | W36: 5 | X36: 飞轮 | Y36: 双弹 | Z36: =IF(赛后数据!$M36="","",_xlfn.IFS(AA36=赛后数据!$N36,赛后数据!$M36,AA36=赛后数据!$V36,赛后数据!$U36,AA36=赛后数据!$AD36,赛后数据!$AC36,AA36=赛后数据!$AL36,赛后数据!$AK36)) -> batoru | AA36: =IF(原始数据!AU36="","",原始数据!AU36) -> 杂技演员 | AB36: 8 | AC36: 飞轮 | AD36: 搏命 | AE36: =IF(原始数据!K36="","",原始数据!K36) -> DOU5 | AF36: =IF(原始数据!L36="","",原始数据!L36) -> yan | AG36: 跛脚羊 | AH36: 7 | AI36: 底牌 | AJ36: 一刀 | AK36: 失常 | AL36: 传送 | AM36: nameko | AN36: 0 | AO36: 25 | AP36: 看见脚印 | AQ36: 1 | AR36: 10 | AS36: =60+69+58 -> 187 | AU36: =356+39+6 -> 401 | AV36: 3 | AW36: 21 | AY36: 6 | AZ36: 53 | BC36: =AQ36*60+AR36-AN36*60-AO36 -> 45 | BD36: =IF(AV36="","",AV36*60+AW36-200) -> 1 | BF36: 7 | BG36: 32
A37: =输入错误检查!C36 -> 0 | B37: =原始数据!B37 -> 4 | C37: =原始数据!C37 -> 12 | D37: =原始数据!D37 -> 12 | E37: =原始数据!E37 -> DOU5 | F37: =原始数据!F37 -> AWG | G37: =原始数据!G37 -> 2 | H37: =原始数据!H37 -> 上 | I37: =IF(原始数据!X37="","",原始数据!X37) -> 月亮河公园 | J37: =原始数据!J37 -> AWG | K37: =IF(赛后数据!$M37="","",_xlfn.IFS(L37=赛后数据!$N37,赛后数据!$M37,L37=赛后数据!$V37,赛后数据!$U37,L37=赛后数据!$AD37,赛后数据!$AC37,L37=赛后数据!$AL37,赛后数据!$AK37)) -> aez | L37: =IF(原始数据!AP37="","",原始数据!AP37) -> 大副 | M37: 10 | N37: 搏命 | O37: 大心脏 | P37: =IF(赛后数据!$M37="","",_xlfn.IFS(Q37=赛后数据!$N37,赛后数据!$M37,Q37=赛后数据!$V37,赛后数据!$U37,Q37=赛后数据!$AD37,赛后数据!$AC37,Q37=赛后数据!$AL37,赛后数据!$AK37)) -> nameko | Q37: =IF(原始数据!AQ37="","",原始数据!AQ37) -> 古董商 | R37: 7 | S37: 飞轮 | T37: 大心脏 | U37: =IF(赛后数据!$M37="","",_xlfn.IFS(V37=赛后数据!$N37,赛后数据!$M37,V37=赛后数据!$V37,赛后数据!$U37,V37=赛后数据!$AD37,赛后数据!$AC37,V37=赛后数据!$AL37,赛后数据!$AK37)) -> batoru | V37: =IF(原始数据!AS37="","",原始数据!AS37) -> 飞行家 | W37: 2 | X37: 飞轮 | Y37: 搏命 | Z37: =IF(赛后数据!$M37="","",_xlfn.IFS(AA37=赛后数据!$N37,赛后数据!$M37,AA37=赛后数据!$V37,赛后数据!$U37,AA37=赛后数据!$AD37,赛后数据!$AC37,AA37=赛后数据!$AL37,赛后数据!$AK37)) -> kaeru | AA37: =IF(原始数据!AU37="","",原始数据!AU37) -> 心理学家 | AB37: 11 | AC37: 飞轮 | AD37: 大心脏 | AE37: =IF(原始数据!K37="","",原始数据!K37) -> DOU5 | AF37: =IF(原始数据!L37="","",原始数据!L37) -> yan | AG37: =IF(原始数据!AV37="","",原始数据!AV37) -> 时空之影 | AH37: 12 | AI37: 张狂 | AJ37: 一刀 | AK37: 闪现 | AL37: 未携带 | AM37: kaeru | AN37: 0 | AO37: 11 | AP37: 伊斯人附身 | AQ37: 1 | AR37: 21 | AS37: =92+37+76 -> 205 | AU37: =270+32+89 -> 391 | AV37: 3 | AW37: 21 | AY37: 6 | AZ37: 26 | BC37: =AQ37*60+AR37-AN37*60-AO37 -> 70 | BD37: =IF(AV37="","",AV37*60+AW37-200) -> 1 | BF37: 7 | BG37: 32
A38: =输入错误检查!C37 -> 0 | B38: =原始数据!B38 -> 4 | C38: =原始数据!C38 -> 12 | D38: =原始数据!D38 -> 12 | E38: =原始数据!E38 -> DOU5 | F38: =原始数据!F38 -> AWG | G38: =原始数据!G38 -> 2 | H38: =原始数据!H38 -> 下 | I38: =IF(原始数据!X38="","",原始数据!X38) -> 月亮河公园 | J38: =原始数据!J38 -> DOU5 | K38: =IF(赛后数据!$M38="","",_xlfn.IFS(L38=赛后数据!$N38,赛后数据!$M38,L38=赛后数据!$V38,赛后数据!$U38,L38=赛后数据!$AD38,赛后数据!$AC38,L38=赛后数据!$AL38,赛后数据!$AK38)) -> silverzhi | L38: =IF(原始数据!AP38="","",原始数据!AP38) -> 病患 | M38: 9 | N38: 双弹 | O38: 大心脏 | P38: =IF(赛后数据!$M38="","",_xlfn.IFS(Q38=赛后数据!$N38,赛后数据!$M38,Q38=赛后数据!$V38,赛后数据!$U38,Q38=赛后数据!$AD38,赛后数据!$AC38,Q38=赛后数据!$AL38,赛后数据!$AK38)) -> nan | Q38: =IF(原始数据!AQ38="","",原始数据!AQ38) -> 野人 | R38: 2 | S38: 搏命 | T38: 大心脏 | U38: =IF(赛后数据!$M38="","",_xlfn.IFS(V38=赛后数据!$N38,赛后数据!$M38,V38=赛后数据!$V38,赛后数据!$U38,V38=赛后数据!$AD38,赛后数据!$AC38,V38=赛后数据!$AL38,赛后数据!$AK38)) -> chen | V38: =IF(原始数据!AS38="","",原始数据!AS38) -> 调酒师 | W38: 4 | X38: 飞轮 | Y38: 大心脏 | Z38: =IF(赛后数据!$M38="","",_xlfn.IFS(AA38=赛后数据!$N38,赛后数据!$M38,AA38=赛后数据!$V38,赛后数据!$U38,AA38=赛后数据!$AD38,赛后数据!$AC38,AA38=赛后数据!$AL38,赛后数据!$AK38)) -> czai | AA38: =IF(原始数据!AU38="","",原始数据!AU38) -> 杂技演员 | AB38: 11 | AC38: 飞轮 | AD38: 搏命 | AE38: =IF(原始数据!K38="","",原始数据!K38) -> AWG | AF38: =IF(原始数据!L38="","",原始数据!L38) -> brontal | AG38: =IF(原始数据!AV38="","",原始数据!AV38) -> 歌剧演员 | AH38: 10 | AI38: 底牌 | AJ38: 一刀 | AK38: 闪现 | AL38: 传送 | AM38: silverzhi | AN38: 0 | AO38: 6 | AP38: 看见脚印 | AQ38: 1 | AR38: 23 | AS38: 241 | AU38: =391+64 -> 455 | AV38: 3 | AW38: 21 | AY38: 3 | AZ38: 59 | BC38: =AQ38*60+AR38-AN38*60-AO38 -> 77 | BD38: =IF(AV38="","",AV38*60+AW38-200) -> 1 | BF38: 5 | BG38: 18
A39: =输入错误检查!C38 -> 0 | B39: =原始数据!B39 -> 4 | C39: =原始数据!C39 -> 12 | D39: =原始数据!D39 -> 12 | E39: =原始数据!E39 -> DOU5 | F39: =原始数据!F39 -> AWG | G39: =原始数据!G39 -> 3 | H39: =原始数据!H39 -> 上 | I39: =IF(原始数据!X39="","",原始数据!X39) | J39: =原始数据!J39 | K39: =IF(赛后数据!$M39="","",_xlfn.IFS(L39=赛后数据!$N39,赛后数据!$M39,L39=赛后数据!$V39,赛后数据!$U39,L39=赛后数据!$AD39,赛后数据!$AC39,L39=赛后数据!$AL39,赛后数据!$AK39)) | L39: =IF(原始数据!AP39="","",原始数据!AP39) | P39: =IF(赛后数据!$M39="","",_xlfn.IFS(Q39=赛后数据!$N39,赛后数据!$M39,Q39=赛后数据!$V39,赛后数据!$U39,Q39=赛后数据!$AD39,赛后数据!$AC39,Q39=赛后数据!$AL39,赛后数据!$AK39)) | Q39: =IF(原始数据!AQ39="","",原始数据!AQ39) | U39: =IF(赛后数据!$M39="","",_xlfn.IFS(V39=赛后数据!$N39,赛后数据!$M39,V39=赛后数据!$V39,赛后数据!$U39,V39=赛后数据!$AD39,赛后数据!$AC39,V39=赛后数据!$AL39,赛后数据!$AK39)) | V39: =IF(原始数据!AS39="","",原始数据!AS39) | Z39: =IF(赛后数据!$M39="","",_xlfn.IFS(AA39=赛后数据!$N39,赛后数据!$M39,AA39=赛后数据!$V39,赛后数据!$U39,AA39=赛后数据!$AD39,赛后数据!$AC39,AA39=赛后数据!$AL39,赛后数据!$AK39)) | AA39: =IF(原始数据!AU39="","",原始数据!AU39) | AE39: =IF(原始数据!K39="","",原始数据!K39) | AF39: =IF(原始数据!L39="","",原始数据!L39) | AG39: =IF(原始数据!AV39="","",原始数据!AV39) | BC39: =AQ39*60+AR39-AN39*60-AO39 -> 0 | BD39: =IF(AV39="","",AV39*60+AW39-200)
A40: =输入错误检查!C39 -> 0 | B40: =原始数据!B40 -> 4 | C40: =原始数据!C40 -> 12 | D40: =原始数据!D40 -> 12 | E40: =原始数据!E40 -> DOU5 | F40: =原始数据!F40 -> AWG | G40: =原始数据!G40 -> 3 | H40: =原始数据!H40 -> 下 | I40: =IF(原始数据!X40="","",原始数据!X40) | J40: =原始数据!J40 | K40: =IF(赛后数据!$M40="","",_xlfn.IFS(L40=赛后数据!$N40,赛后数据!$M40,L40=赛后数据!$V40,赛后数据!$U40,L40=赛后数据!$AD40,赛后数据!$AC40,L40=赛后数据!$AL40,赛后数据!$AK40)) | L40: =IF(原始数据!AP40="","",原始数据!AP40) | P40: =IF(赛后数据!$M40="","",_xlfn.IFS(Q40=赛后数据!$N40,赛后数据!$M40,Q40=赛后数据!$V40,赛后数据!$U40,Q40=赛后数据!$AD40,赛后数据!$AC40,Q40=赛后数据!$AL40,赛后数据!$AK40)) | Q40: =IF(原始数据!AQ40="","",原始数据!AQ40) | U40: =IF(赛后数据!$M40="","",_xlfn.IFS(V40=赛后数据!$N40,赛后数据!$M40,V40=赛后数据!$V40,赛后数据!$U40,V40=赛后数据!$AD40,赛后数据!$AC40,V40=赛后数据!$AL40,赛后数据!$AK40)) | V40: =IF(原始数据!AS40="","",原始数据!AS40) | Z40: =IF(赛后数据!$M40="","",_xlfn.IFS(AA40=赛后数据!$N40,赛后数据!$M40,AA40=赛后数据!$V40,赛后数据!$U40,AA40=赛后数据!$AD40,赛后数据!$AC40,AA40=赛后数据!$AL40,赛后数据!$AK40)) | AA40: =IF(原始数据!AU40="","",原始数据!AU40) | AE40: =IF(原始数据!K40="","",原始数据!K40) | AF40: =IF(原始数据!L40="","",原始数据!L40) | AG40: =IF(原始数据!AV40="","",原始数据!AV40) | BC40: =AQ40*60+AR40-AN40*60-AO40 -> 0 | BD40: =IF(AV40="","",AV40*60+AW40-200)
A41: =输入错误检查!C40 -> 0 | B41: =原始数据!B41 -> 4 | C41: =原始数据!C41 -> 12 | D41: =原始数据!D41 -> 12 | E41: =原始数据!E41 -> DOU5 | F41: =原始数据!F41 -> AWG | G41: =原始数据!G41 -> 加 | H41: =原始数据!H41 -> 上 | I41: =IF(原始数据!X41="","",原始数据!X41) | J41: =原始数据!J41 | K41: =IF(赛后数据!$M41="","",_xlfn.IFS(L41=赛后数据!$N41,赛后数据!$M41,L41=赛后数据!$V41,赛后数据!$U41,L41=赛后数据!$AD41,赛后数据!$AC41,L41=赛后数据!$AL41,赛后数据!$AK41)) | L41: =IF(原始数据!AP41="","",原始数据!AP41) | P41: =IF(赛后数据!$M41="","",_xlfn.IFS(Q41=赛后数据!$N41,赛后数据!$M41,Q41=赛后数据!$V41,赛后数据!$U41,Q41=赛后数据!$AD41,赛后数据!$AC41,Q41=赛后数据!$AL41,赛后数据!$AK41)) | Q41: =IF(原始数据!AQ41="","",原始数据!AQ41) | U41: =IF(赛后数据!$M41="","",_xlfn.IFS(V41=赛后数据!$N41,赛后数据!$M41,V41=赛后数据!$V41,赛后数据!$U41,V41=赛后数据!$AD41,赛后数据!$AC41,V41=赛后数据!$AL41,赛后数据!$AK41)) | V41: =IF(原始数据!AS41="","",原始数据!AS41) | Z41: =IF(赛后数据!$M41="","",_xlfn.IFS(AA41=赛后数据!$N41,赛后数据!$M41,AA41=赛后数据!$V41,赛后数据!$U41,AA41=赛后数据!$AD41,赛后数据!$AC41,AA41=赛后数据!$AL41,赛后数据!$AK41)) | AA41: =IF(原始数据!AU41="","",原始数据!AU41) | AE41: =IF(原始数据!K41="","",原始数据!K41) | AF41: =IF(原始数据!L41="","",原始数据!L41) | AG41: =IF(原始数据!AV41="","",原始数据!AV41) | BC41: =AQ41*60+AR41-AN41*60-AO41 -> 0 | BD41: =IF(AV41="","",AV41*60+AW41-200)
A42: =输入错误检查!C41 -> 0 | B42: =原始数据!B42 -> 4 | C42: =原始数据!C42 -> 12 | D42: =原始数据!D42 -> 12 | E42: =原始数据!E42 -> DOU5 | F42: =原始数据!F42 -> AWG | G42: =原始数据!G42 -> 加 | H42: =原始数据!H42 -> 下 | I42: =IF(原始数据!X42="","",原始数据!X42) | J42: =原始数据!J42 | K42: =IF(赛后数据!$M42="","",_xlfn.IFS(L42=赛后数据!$N42,赛后数据!$M42,L42=赛后数据!$V42,赛后数据!$U42,L42=赛后数据!$AD42,赛后数据!$AC42,L42=赛后数据!$AL42,赛后数据!$AK42)) | L42: =IF(原始数据!AP42="","",原始数据!AP42) | P42: =IF(赛后数据!$M42="","",_xlfn.IFS(Q42=赛后数据!$N42,赛后数据!$M42,Q42=赛后数据!$V42,赛后数据!$U42,Q42=赛后数据!$AD42,赛后数据!$AC42,Q42=赛后数据!$AL42,赛后数据!$AK42)) | Q42: =IF(原始数据!AQ42="","",原始数据!AQ42) | U42: =IF(赛后数据!$M42="","",_xlfn.IFS(V42=赛后数据!$N42,赛后数据!$M42,V42=赛后数据!$V42,赛后数据!$U42,V42=赛后数据!$AD42,赛后数据!$AC42,V42=赛后数据!$AL42,赛后数据!$AK42)) | V42: =IF(原始数据!AS42="","",原始数据!AS42) | Z42: =IF(赛后数据!$M42="","",_xlfn.IFS(AA42=赛后数据!$N42,赛后数据!$M42,AA42=赛后数据!$V42,赛后数据!$U42,AA42=赛后数据!$AD42,赛后数据!$AC42,AA42=赛后数据!$AL42,赛后数据!$AK42)) | AA42: =IF(原始数据!AU42="","",原始数据!AU42) | AE42: =IF(原始数据!K42="","",原始数据!K42) | AF42: =IF(原始数据!L42="","",原始数据!L42) | AG42: =IF(原始数据!AV42="","",原始数据!AV42) | BC42: =AQ42*60+AR42-AN42*60-AO42 -> 0 | BD42: =IF(AV42="","",AV42*60+AW42-200)
A43: =输入错误检查!C42 -> 0 | B43: =原始数据!B43 -> 4 | C43: =原始数据!C43 -> 12 | D43: =原始数据!D43 -> 14 | E43: =原始数据!E43 -> WOLVES | F43: =原始数据!F43 -> OMNI | G43: =原始数据!G43 -> 1 | H43: =原始数据!H43 -> 上 | I43: =IF(原始数据!X43="","",原始数据!X43) -> 永眠镇 | J43: =原始数据!J43 -> OMNI | K43: =IF(赛后数据!$M43="","",_xlfn.IFS(L43=赛后数据!$N43,赛后数据!$M43,L43=赛后数据!$V43,赛后数据!$U43,L43=赛后数据!$AD43,赛后数据!$AC43,L43=赛后数据!$AL43,赛后数据!$AK43)) -> juan | L43: =IF(原始数据!AP43="","",原始数据!AP43) -> 大副 | M43: 5 | N43: 大心脏 | O43: 搏命 | P43: =IF(赛后数据!$M43="","",_xlfn.IFS(Q43=赛后数据!$N43,赛后数据!$M43,Q43=赛后数据!$V43,赛后数据!$U43,Q43=赛后数据!$AD43,赛后数据!$AC43,Q43=赛后数据!$AL43,赛后数据!$AK43)) -> aqua | Q43: =IF(原始数据!AQ43="","",原始数据!AQ43) -> 心理学家 | R43: 6 | S43: 搏命 | T43: 双弹 | U43: =IF(赛后数据!$M43="","",_xlfn.IFS(V43=赛后数据!$N43,赛后数据!$M43,V43=赛后数据!$V43,赛后数据!$U43,V43=赛后数据!$AD43,赛后数据!$AC43,V43=赛后数据!$AL43,赛后数据!$AK43)) -> fluff | V43: =IF(原始数据!AS43="","",原始数据!AS43) -> 杂技演员 | W43: 8 | X43: 飞轮 | Y43: 双弹 | Z43: =IF(赛后数据!$M43="","",_xlfn.IFS(AA43=赛后数据!$N43,赛后数据!$M43,AA43=赛后数据!$V43,赛后数据!$U43,AA43=赛后数据!$AD43,赛后数据!$AC43,AA43=赛后数据!$AL43,赛后数据!$AK43)) -> layz | AA43: =IF(原始数据!AU43="","",原始数据!AU43) -> 飞行家 | AB43: 2 | AC43: 搏命 | AD43: 飞轮 | AE43: =IF(原始数据!K43="","",原始数据!K43) -> WOLVES | AF43: =IF(原始数据!L43="","",原始数据!L43) -> choai | AG43: =IF(原始数据!AV43="","",原始数据!AV43) -> 跛脚羊 | AH43: 9 | AI43: 底牌 | AJ43: 一刀 | AK43: 失常 | AL43: 传送 | AM43: aqua | AN43: 0 | AO43: 7 | AP43: 看见脚印 | AQ43: 1 | AR43: 15 | AS43: 229 | AU43: 397 | AV43: 3 | AW43: 21 | AZ43: 未破译完成 | BC43: =AQ43*60+AR43-AN43*60-AO43 -> 68 | BD43: =IF(AV43="","",AV43*60+AW43-200) -> 1 | BF43: 8 | BG43: 30
A44: =输入错误检查!C43 -> 0 | B44: =原始数据!B44 -> 4 | C44: =原始数据!C44 -> 12 | D44: =原始数据!D44 -> 14 | E44: =原始数据!E44 -> WOLVES | F44: =原始数据!F44 -> OMNI | G44: =原始数据!G44 -> 1 | H44: =原始数据!H44 -> 下 | I44: =IF(原始数据!X44="","",原始数据!X44) -> 永眠镇 | J44: =原始数据!J44 -> WOLVES | K44: =IF(赛后数据!$M44="","",_xlfn.IFS(L44=赛后数据!$N44,赛后数据!$M44,L44=赛后数据!$V44,赛后数据!$U44,L44=赛后数据!$AD44,赛后数据!$AC44,L44=赛后数据!$AL44,赛后数据!$AK44)) -> xmx | L44: =IF(原始数据!AP44="","",原始数据!AP44) -> 守墓人 | M44: 5 | N44: 大心脏 | O44: 搏命 | P44: =IF(赛后数据!$M44="","",_xlfn.IFS(Q44=赛后数据!$N44,赛后数据!$M44,Q44=赛后数据!$V44,赛后数据!$U44,Q44=赛后数据!$AD44,赛后数据!$AC44,Q44=赛后数据!$AL44,赛后数据!$AK44)) -> dking | Q44: =IF(原始数据!AQ44="","",原始数据!AQ44) -> 木偶师 | R44: 8 | S44: 大心脏 | T44: 双弹 | U44: =IF(赛后数据!$M44="","",_xlfn.IFS(V44=赛后数据!$N44,赛后数据!$M44,V44=赛后数据!$V44,赛后数据!$U44,V44=赛后数据!$AD44,赛后数据!$AC44,V44=赛后数据!$AL44,赛后数据!$AK44)) -> jelly | V44: =IF(原始数据!AS44="","",原始数据!AS44) -> 杂技演员 | W44: 2 | X44: 搏命 | Y44: 双弹 | Z44: =IF(赛后数据!$M44="","",_xlfn.IFS(AA44=赛后数据!$N44,赛后数据!$M44,AA44=赛后数据!$V44,赛后数据!$U44,AA44=赛后数据!$AD44,赛后数据!$AC44,AA44=赛后数据!$AL44,赛后数据!$AK44)) -> 487 | AA44: =IF(原始数据!AU44="","",原始数据!AU44) -> 祭司 | AB44: 6 | AC44: 搏命 | AD44: 飞轮 | AE44: =IF(原始数据!K44="","",原始数据!K44) -> OMNI | AF44: =IF(原始数据!L44="","",原始数据!L44) -> pitstoper | AG44: =IF(原始数据!AV44="","",原始数据!AV44) -> 时空之影 | AH44: 4 | AI44: 一刀 | AJ44: 张狂 | AK44: 闪现 | AL44: 未携带 | AM44: 487 | AN44: 0 | AO44: 59 | AP44: 伊斯人附身 | AQ44: 3 | AR44: 16 | AS44: 424 | AU44: 431 | AV44: 3 | AW44: 22 | AY44: 5 | AZ44: 19 | BC44: =AQ44*60+AR44-AN44*60-AO44 -> 137 | BD44: =IF(AV44="","",AV44*60+AW44-200) -> 2 | BF44: 6 | BG44: 58
A45: =输入错误检查!C44 -> 1 | B45: =原始数据!B45 -> 4 | C45: =原始数据!C45 -> 12 | D45: =原始数据!D45 -> 14 | E45: =原始数据!E45 -> WOLVES | F45: =原始数据!F45 -> OMNI | G45: =原始数据!G45 -> 2 | H45: =原始数据!H45 -> 上 | I45: =IF(原始数据!X45="","",原始数据!X45) -> 红教堂 | J45: =原始数据!J45 -> OMNI | K45: =IF(赛后数据!$M45="","",_xlfn.IFS(L45=赛后数据!$N45,赛后数据!$M45,L45=赛后数据!$V45,赛后数据!$U45,L45=赛后数据!$AD45,赛后数据!$AC45,L45=赛后数据!$AL45,赛后数据!$AK45)) -> fluff | L45: =IF(原始数据!AP45="","",原始数据!AP45) -> 小说家 | M45: 6 | N45: 大心脏 | O45: 双弹 | P45: =IF(赛后数据!$M45="","",_xlfn.IFS(Q45=赛后数据!$N45,赛后数据!$M45,Q45=赛后数据!$V45,赛后数据!$U45,Q45=赛后数据!$AD45,赛后数据!$AC45,Q45=赛后数据!$AL45,赛后数据!$AK45)) -> aqua | Q45: =IF(原始数据!AQ45="","",原始数据!AQ45) -> 木偶师 | R45: 4 | S45: 大心脏 | T45: 双弹 | U45: =IF(赛后数据!$M45="","",_xlfn.IFS(V45=赛后数据!$N45,赛后数据!$M45,V45=赛后数据!$V45,赛后数据!$U45,V45=赛后数据!$AD45,赛后数据!$AC45,V45=赛后数据!$AL45,赛后数据!$AK45)) -> layz | V45: =IF(原始数据!AS45="","",原始数据!AS45) -> 园丁 | W45: 2 | X45: 搏命 | Y45: 双弹 | Z45: =IF(赛后数据!$M45="","",_xlfn.IFS(AA45=赛后数据!$N45,赛后数据!$M45,AA45=赛后数据!$V45,赛后数据!$U45,AA45=赛后数据!$AD45,赛后数据!$AC45,AA45=赛后数据!$AL45,赛后数据!$AK45)) -> juan | AA45: =IF(原始数据!AU45="","",原始数据!AU45) -> 守墓人 | AB45: 8 | AC45: 大心脏 | AD45: 搏命 | AE45: =IF(原始数据!K45="","",原始数据!K45) -> WOLVES | AF45: =IF(原始数据!L45="","",原始数据!L45) -> choai | AG45: =IF(原始数据!AV45="","",原始数据!AV45) -> 时空之影 | AH45: 3 | AI45: 一刀 | AJ45: 张狂 | AK45: 闪现 | AL45: 未携带 | AM45: lazy | AN45: 1 | AO45: 10 | AP45: 伊斯人附身 | AQ45: 1 | AR45: 41 | AS45: 190 | AU45: 319 | AV45: 3 | AW45: 21 | AZ45: 未破译完成 | BC45: =AQ45*60+AR45-AN45*60-AO45 -> 31 | BD45: =IF(AV45="","",AV45*60+AW45-200) -> 1 | BF45: 8 | BG45: 14
