Workbook

Sheet 说明
A1: 制作者信息 | E1: 当前赛事 | K1: =E3&F3 -> 2026COA总决赛
A2: 名称 | B2: 第五人格赛事信息记录表 | C2: 比分记录 for BWIKI V2.0 | E2: 年份 | F2: 类型 | K2: 总结
A3: BWIKI欢迎各位加入w点击此表格了解BWIKI | E3: 2026 | F3: COA总决赛 | K3: 总场次 | M3: 总局数 | N3: 2局 | O3: 3局 | P3: 4局 | Q3: 5局 | R3: 加赛
A4: 主分、客分列，哪怕是2：0带走，第三局和加赛那一行也必须填上数字，没比的局局分填0就行 | E4: 可上场监管者角色数 | F4: 33 | G4: 监管者indirect区域 | H4: ="'各类选项'!C3:C"&(F4+3) -> '各类选项'!C3:C36 | K4: =90-COUNTIF(赛果!K$2:K$91,"") -> 12 | M4: =720-COUNTIF(原始数据!L3:L722,"") -> 92 | N4: =COUNTIF(赛果!O2:O91,"2") -> 0 | O4: =COUNTIF(赛果!O2:O91,"3") -> 0 | P4: =COUNTIF(赛果!O2:O91,"4") -> 0 | Q4: =COUNTIF(赛果!O2:O91,"5") -> 90 | R4: =COUNTIF(赛果!O2:O91,"6") -> 0
E5: 可上场求生者角色数 | F5: 49 | G5: 求生者indirect区域 | H5: ="'各类选项'!E3:E"&(F5+3) -> '各类选项'!E3:E52 | K5: 监管者BAN | M5: 求生者BAN | O5: 监管者 胜利 | P5: 胜率 | Q5: 求生者 胜利 | R5: 胜率 | S5: 平局 | T5: 平率
A6: 只有与本格子颜色相同的部分才开放编辑权限噢~记录赛事时，原始数据、牵制时长这两个表是都需要填的。若两队通过加时赛的时长比对才分出胜负，那么需要在大分&小分表格寻找和本格子颜色一样的区域，手动填写最终获胜者。除此以外，本表格其他区域所有内容均使用excel函数自动生成，无需进行任何操作~ | E6: 队伍数量 | F6: 12 | G6: indirect区域 | H6: ="'各类选项'!F2:F"&(F6+1) -> '各类选项'!F2:F13
E7: 监管者阵营人数 | F7: 22 | G7: ="'各类选项'!K2:K"&(F7+1) -> '各类选项'!K2:K23 | H7: ="'各类选项'!L2:L"&(F7+1) -> '各类选项'!L2:L23 | O7: =COUNTIFS(原始数据!U3:U722,"屠") -> 41 | P7: =O7/M4 -> 0.44565217 | Q7: =COUNTIFS(原始数据!U3:U722,"人") -> 14 | R7: =Q7/M4 -> 0.15217391 | S7: =COUNTIFS(原始数据!U3:U722,"平") -> 37 | T7: =S7/M4 -> 0.40217391
E8: 求生者阵营人数 | F8: 58 | G8: 求生者indirect区域 | H8: ="'各类选项'!J2:J"&(F8+1) -> '各类选项'!J2:J59 | K8: 第五人格BWIKI赛事组制作 | R8: 45347
A9: 填写原始数据时，如第一轮第一场上半场由DOU5队东玄先上屠夫，则在屠队列填写D5（全大写），在屠名列填写东玄id（全小写）dx。第一轮是ZQ打DOU5，因此如果东玄被三跑，则ZQ:DOU5比分为3:1，主分填3，客分填1即可。地图名字请填写全名，请勿做任何省略。地图方主客即选择地图的一方本轮处于主场或者客场。如第一轮第一场若由DOU5选图，则此处填客字即可，主/客一个字就行！！倒数第二列的剩余台数就是填写剩余密码机数量。最后一列名字是错误，这是一个简单的纠错，一旦有常见的名字输入错误的问题，这里便会计数，但只是能查到，并不是100%查得到！牵制时长表格和原始数据用类似方法填写，但求生者ID不需要带队名。 | E9: 地图数量 | F9: 9 | G9: 地图区域 | H9: ="'各类选项'!G2:G"&(F9+2) -> '各类选项'!G2:G11
E10: 辅助特质 | F10: 7 | G10: 辅助特质校验 | H10: ="'各类选项'!H2:H"&(F10+2) -> '各类选项'!H2:H9
E11: BO数 | F11: 5
A21: 当参赛的选手、角色有更新时，请更改右上黄色区域 并修改【各类选项】sheet

Sheet 重复内容检查
A1: =COUNTIF(A2:A721,"×") -> 0 | B1: =COUNTIF(B2:B721,"×") -> 0 | C1: =COUNTIF(C2:C721,"×") -> 0 | D1: =COUNTIF(D2:D721,"×") -> 0 | E1: =COUNTIF(E2:E721,"×") -> 0 | F1: =COUNTIF(F2:F721,"×") -> 0 | G1: =COUNTIF(G2:G721,"×") -> 0 | H1: =COUNTIF(H2:H721,"×") -> 0 | ... AN1: =COUNTIF(AN2:AN721,"×") -> 3
A2: =IF(IFERROR(原始数据!B3,"×")="×","×","") | B2: =IF(IFERROR(原始数据!C3,"×")="×","×","") | C2: =IF(IFERROR(原始数据!D3,"×")="×","×","") | D2: =IF(IFERROR(原始数据!E3,"×")="×","×","") | E2: =IF(IFERROR(原始数据!F3,"×")="×","×","") | F2: =IF(IFERROR(原始数据!G3,"×")="×","×","") | G2: =IF(IFERROR(原始数据!H3,"×")="×","×","") | H2: =IF(IFERROR(原始数据!I3,"×")="×","×","") | ... T2: =IF(IFERROR(原始数据!U3,"×")="×","×","") | U2: {=IF(原始数据!W3="-","",IF(原始数据!W3="","",IF(COUNT(FIND(原始数据!W3,原始数据!3:3))=2,"×","")))} | V2: {=IF(原始数据!Y3="-","",IF(原始数据!Y3="","",IF(COUNT(FIND(原始数据!Y3,原始数据!3:3))=2,"×","")))} | W2: =IF(原始数据!Z3="","",IF(COUNTIF(原始数据!3:3,原始数据!Z3)>1,"×","")) | X2: =IF(原始数据!AA3="","",IF(COUNTIF(原始数据!3:3,原始数据!AA3)>1,"×","")) | Y2: =IF(原始数据!AE3="","",IF(COUNTIF(原始数据!3:3,原始数据!AE3)>1,"×","")) | Z2: =IF(原始数据!AF3="","",IF(COUNTIF(原始数据!3:3,原始数据!AF3)>1,"×","")) | AA2: =IF(原始数据!AI3="","",IF(COUNTIF(原始数据!3:3,原始数据!AI3)>1,"×","")) | AB2: =IF(原始数据!AJ3="","",IF(COUNTIF(原始数据!3:3,原始数据!AJ3)>1,"×","")) | AC2: =IF(原始数据!AO3="","",IF(COUNTIF(原始数据!3:3,原始数据!AO3)>1,"×","")) | AD2: =IF(原始数据!AP3="","",IF(COUNTIF(原始数据!3:3,原始数据!AP3)>1,"×","")) | AE2: =IF(原始数据!AQ3="","",IF(COUNTIF(原始数据!3:3,原始数据!AQ3)>1,"×","")) | AF2: =IF(原始数据!AR3="","",IF(COUNTIF(原始数据!3:3,原始数据!AR3)>1,"×","")) | AG2: =IF(原始数据!AS3="","",IF(COUNTIF(原始数据!3:3,原始数据!AS3)>1,"×","")) | AH2: =IF(原始数据!AT3="","",IF(COUNTIF(原始数据!3:3,原始数据!AT3)>1,"×","")) | AI2: =IF(原始数据!AU3="","",IF(COUNTIF(原始数据!3:3,原始数据!AU3)>1,"×","")) | AJ2: =IF(原始数据!AV3="","",IF(COUNTIF(原始数据!3:3,原始数据!AV3)>1,"×","")) | ... AN2: =IF(原始数据!AZ3="","",IF(COUNTIF(原始数据!3:3,原始数据!AZ3)>1,"×",""))
A3: =IF(IFERROR(原始数据!B4,"×")="×","×","") | B3: =IF(IFERROR(原始数据!C4,"×")="×","×","") | C3: =IF(IFERROR(原始数据!D4,"×")="×","×","") | D3: =IF(IFERROR(原始数据!E4,"×")="×","×","") | E3: =IF(IFERROR(原始数据!F4,"×")="×","×","") | F3: =IF(IFERROR(原始数据!G4,"×")="×","×","") | G3: =IF(IFERROR(原始数据!H4,"×")="×","×","") | H3: =IF(IFERROR(原始数据!I4,"×")="×","×","") | ... T3: =IF(IFERROR(原始数据!U4,"×")="×","×","") | U3: {=IF(原始数据!W4="-","",IF(原始数据!W4="","",IF(COUNT(FIND(原始数据!W4,原始数据!4:4))=2,"×","")))} | V3: {=IF(原始数据!Y4="-","",IF(原始数据!Y4="","",IF(COUNT(FIND(原始数据!Y4,原始数据!4:4))=2,"×","")))} | W3: =IF(原始数据!Z4="","",IF(COUNTIF(原始数据!4:4,原始数据!Z4)>1,"×","")) | X3: =IF(原始数据!AA4="","",IF(COUNTIF(原始数据!4:4,原始数据!AA4)>1,"×","")) | Y3: =IF(原始数据!AE4="","",IF(COUNTIF(原始数据!4:4,原始数据!AE4)>1,"×","")) | Z3: =IF(原始数据!AF4="","",IF(COUNTIF(原始数据!4:4,原始数据!AF4)>1,"×","")) | AA3: =IF(原始数据!AI4="","",IF(COUNTIF(原始数据!4:4,原始数据!AI4)>1,"×","")) | AB3: =IF(原始数据!AJ4="","",IF(COUNTIF(原始数据!4:4,原始数据!AJ4)>1,"×","")) | AC3: =IF(原始数据!AO4="","",IF(COUNTIF(原始数据!4:4,原始数据!AO4)>1,"×","")) | AD3: =IF(原始数据!AP4="","",IF(COUNTIF(原始数据!4:4,原始数据!AP4)>1,"×","")) | AE3: =IF(原始数据!AQ4="","",IF(COUNTIF(原始数据!4:4,原始数据!AQ4)>1,"×","")) | AF3: =IF(原始数据!AR4="","",IF(COUNTIF(原始数据!4:4,原始数据!AR4)>1,"×","")) | AG3: =IF(原始数据!AS4="","",IF(COUNTIF(原始数据!4:4,原始数据!AS4)>1,"×","")) | AH3: =IF(原始数据!AT4="","",IF(COUNTIF(原始数据!4:4,原始数据!AT4)>1,"×","")) | AI3: =IF(原始数据!AU4="","",IF(COUNTIF(原始数据!4:4,原始数据!AU4)>1,"×","")) | AJ3: =IF(原始数据!AV4="","",IF(COUNTIF(原始数据!4:4,原始数据!AV4)>1,"×","")) | ... AN3: =IF(原始数据!AZ4="","",IF(COUNTIF(原始数据!4:4,原始数据!AZ4)>1,"×",""))
A4: =IF(IFERROR(原始数据!B5,"×")="×","×","") | B4: =IF(IFERROR(原始数据!C5,"×")="×","×","") | C4: =IF(IFERROR(原始数据!D5,"×")="×","×","") | D4: =IF(IFERROR(原始数据!E5,"×")="×","×","") | E4: =IF(IFERROR(原始数据!F5,"×")="×","×","") | F4: =IF(IFERROR(原始数据!G5,"×")="×","×","") | G4: =IF(IFERROR(原始数据!H5,"×")="×","×","") | H4: =IF(IFERROR(原始数据!I5,"×")="×","×","") | ... T4: =IF(IFERROR(原始数据!U5,"×")="×","×","") | U4: {=IF(原始数据!W5="-","",IF(原始数据!W5="","",IF(COUNT(FIND(原始数据!W5,原始数据!5:5))=2,"×","")))} | V4: {=IF(原始数据!Y5="-","",IF(原始数据!Y5="","",IF(COUNT(FIND(原始数据!Y5,原始数据!5:5))=2,"×","")))} | W4: =IF(原始数据!Z5="","",IF(COUNTIF(原始数据!5:5,原始数据!Z5)>1,"×","")) | X4: =IF(原始数据!AA5="","",IF(COUNTIF(原始数据!5:5,原始数据!AA5)>1,"×","")) | Y4: =IF(原始数据!AE5="","",IF(COUNTIF(原始数据!5:5,原始数据!AE5)>1,"×","")) | Z4: =IF(原始数据!AF5="","",IF(COUNTIF(原始数据!5:5,原始数据!AF5)>1,"×","")) | AA4: =IF(原始数据!AI5="","",IF(COUNTIF(原始数据!5:5,原始数据!AI5)>1,"×","")) | AB4: =IF(原始数据!AJ5="","",IF(COUNTIF(原始数据!5:5,原始数据!AJ5)>1,"×","")) | AC4: =IF(原始数据!AO5="","",IF(COUNTIF(原始数据!5:5,原始数据!AO5)>1,"×","")) | AD4: =IF(原始数据!AP5="","",IF(COUNTIF(原始数据!5:5,原始数据!AP5)>1,"×","")) | AE4: =IF(原始数据!AQ5="","",IF(COUNTIF(原始数据!5:5,原始数据!AQ5)>1,"×","")) | AF4: =IF(原始数据!AR5="","",IF(COUNTIF(原始数据!5:5,原始数据!AR5)>1,"×","")) | AG4: =IF(原始数据!AS5="","",IF(COUNTIF(原始数据!5:5,原始数据!AS5)>1,"×","")) | AH4: =IF(原始数据!AT5="","",IF(COUNTIF(原始数据!5:5,原始数据!AT5)>1,"×","")) | AI4: =IF(原始数据!AU5="","",IF(COUNTIF(原始数据!5:5,原始数据!AU5)>1,"×","")) | AJ4: =IF(原始数据!AV5="","",IF(COUNTIF(原始数据!5:5,原始数据!AV5)>1,"×","")) | ... AN4: =IF(原始数据!AZ5="","",IF(COUNTIF(原始数据!5:5,原始数据!AZ5)>1,"×",""))
A5: =IF(IFERROR(原始数据!B6,"×")="×","×","") | B5: =IF(IFERROR(原始数据!C6,"×")="×","×","") | C5: =IF(IFERROR(原始数据!D6,"×")="×","×","") | D5: =IF(IFERROR(原始数据!E6,"×")="×","×","") | E5: =IF(IFERROR(原始数据!F6,"×")="×","×","") | F5: =IF(IFERROR(原始数据!G6,"×")="×","×","") | G5: =IF(IFERROR(原始数据!H6,"×")="×","×","") | H5: =IF(IFERROR(原始数据!I6,"×")="×","×","") | ... T5: =IF(IFERROR(原始数据!U6,"×")="×","×","") | U5: {=IF(原始数据!W6="-","",IF(原始数据!W6="","",IF(COUNT(FIND(原始数据!W6,原始数据!6:6))=2,"×","")))} | V5: {=IF(原始数据!Y6="-","",IF(原始数据!Y6="","",IF(COUNT(FIND(原始数据!Y6,原始数据!6:6))=2,"×","")))} | W5: =IF(原始数据!Z6="","",IF(COUNTIF(原始数据!6:6,原始数据!Z6)>1,"×","")) | X5: =IF(原始数据!AA6="","",IF(COUNTIF(原始数据!6:6,原始数据!AA6)>1,"×","")) | Y5: =IF(原始数据!AE6="","",IF(COUNTIF(原始数据!6:6,原始数据!AE6)>1,"×","")) | Z5: =IF(原始数据!AF6="","",IF(COUNTIF(原始数据!6:6,原始数据!AF6)>1,"×","")) | AA5: =IF(原始数据!AI6="","",IF(COUNTIF(原始数据!6:6,原始数据!AI6)>1,"×","")) | AB5: =IF(原始数据!AJ6="","",IF(COUNTIF(原始数据!6:6,原始数据!AJ6)>1,"×","")) | AC5: =IF(原始数据!AO6="","",IF(COUNTIF(原始数据!6:6,原始数据!AO6)>1,"×","")) | AD5: =IF(原始数据!AP6="","",IF(COUNTIF(原始数据!6:6,原始数据!AP6)>1,"×","")) | AE5: =IF(原始数据!AQ6="","",IF(COUNTIF(原始数据!6:6,原始数据!AQ6)>1,"×","")) | AF5: =IF(原始数据!AR6="","",IF(COUNTIF(原始数据!6:6,原始数据!AR6)>1,"×","")) | AG5: =IF(原始数据!AS6="","",IF(COUNTIF(原始数据!6:6,原始数据!AS6)>1,"×","")) | AH5: =IF(原始数据!AT6="","",IF(COUNTIF(原始数据!6:6,原始数据!AT6)>1,"×","")) | AI5: =IF(原始数据!AU6="","",IF(COUNTIF(原始数据!6:6,原始数据!AU6)>1,"×","")) | AJ5: =IF(原始数据!AV6="","",IF(COUNTIF(原始数据!6:6,原始数据!AV6)>1,"×","")) | ... AN5: =IF(原始数据!AZ6="","",IF(COUNTIF(原始数据!6:6,原始数据!AZ6)>1,"×",""))
A6: =IF(IFERROR(原始数据!B7,"×")="×","×","") | B6: =IF(IFERROR(原始数据!C7,"×")="×","×","") | C6: =IF(IFERROR(原始数据!D7,"×")="×","×","") | D6: =IF(IFERROR(原始数据!E7,"×")="×","×","") | E6: =IF(IFERROR(原始数据!F7,"×")="×","×","") | F6: =IF(IFERROR(原始数据!G7,"×")="×","×","") | G6: =IF(IFERROR(原始数据!H7,"×")="×","×","") | H6: =IF(IFERROR(原始数据!I7,"×")="×","×","") | ... T6: =IF(IFERROR(原始数据!U7,"×")="×","×","") | U6: {=IF(原始数据!W7="-","",IF(原始数据!W7="","",IF(COUNT(FIND(原始数据!W7,原始数据!7:7))=2,"×","")))} | V6: {=IF(原始数据!Y7="-","",IF(原始数据!Y7="","",IF(COUNT(FIND(原始数据!Y7,原始数据!7:7))=2,"×","")))} | W6: =IF(原始数据!Z7="","",IF(COUNTIF(原始数据!7:7,原始数据!Z7)>1,"×","")) | X6: =IF(原始数据!AA7="","",IF(COUNTIF(原始数据!7:7,原始数据!AA7)>1,"×","")) | Y6: =IF(原始数据!AE7="","",IF(COUNTIF(原始数据!7:7,原始数据!AE7)>1,"×","")) | Z6: =IF(原始数据!AF7="","",IF(COUNTIF(原始数据!7:7,原始数据!AF7)>1,"×","")) | AA6: =IF(原始数据!AI7="","",IF(COUNTIF(原始数据!7:7,原始数据!AI7)>1,"×","")) | AB6: =IF(原始数据!AJ7="","",IF(COUNTIF(原始数据!7:7,原始数据!AJ7)>1,"×","")) | AC6: =IF(原始数据!AO7="","",IF(COUNTIF(原始数据!7:7,原始数据!AO7)>1,"×","")) | AD6: =IF(原始数据!AP7="","",IF(COUNTIF(原始数据!7:7,原始数据!AP7)>1,"×","")) | AE6: =IF(原始数据!AQ7="","",IF(COUNTIF(原始数据!7:7,原始数据!AQ7)>1,"×","")) | AF6: =IF(原始数据!AR7="","",IF(COUNTIF(原始数据!7:7,原始数据!AR7)>1,"×","")) | AG6: =IF(原始数据!AS7="","",IF(COUNTIF(原始数据!7:7,原始数据!AS7)>1,"×","")) | AH6: =IF(原始数据!AT7="","",IF(COUNTIF(原始数据!7:7,原始数据!AT7)>1,"×","")) | AI6: =IF(原始数据!AU7="","",IF(COUNTIF(原始数据!7:7,原始数据!AU7)>1,"×","")) | AJ6: =IF(原始数据!AV7="","",IF(COUNTIF(原始数据!7:7,原始数据!AV7)>1,"×","")) | ... AN6: =IF(原始数据!AZ7="","",IF(COUNTIF(原始数据!7:7,原始数据!AZ7)>1,"×",""))
A7: =IF(IFERROR(原始数据!B8,"×")="×","×","") | B7: =IF(IFERROR(原始数据!C8,"×")="×","×","") | C7: =IF(IFERROR(原始数据!D8,"×")="×","×","") | D7: =IF(IFERROR(原始数据!E8,"×")="×","×","") | E7: =IF(IFERROR(原始数据!F8,"×")="×","×","") | F7: =IF(IFERROR(原始数据!G8,"×")="×","×","") | G7: =IF(IFERROR(原始数据!H8,"×")="×","×","") | H7: =IF(IFERROR(原始数据!I8,"×")="×","×","") | ... T7: =IF(IFERROR(原始数据!U8,"×")="×","×","") | U7: {=IF(原始数据!W8="-","",IF(原始数据!W8="","",IF(COUNT(FIND(原始数据!W8,原始数据!8:8))=2,"×","")))} | V7: {=IF(原始数据!Y8="-","",IF(原始数据!Y8="","",IF(COUNT(FIND(原始数据!Y8,原始数据!8:8))=2,"×","")))} | W7: =IF(原始数据!Z8="","",IF(COUNTIF(原始数据!8:8,原始数据!Z8)>1,"×","")) | X7: =IF(原始数据!AA8="","",IF(COUNTIF(原始数据!8:8,原始数据!AA8)>1,"×","")) | Y7: =IF(原始数据!AE8="","",IF(COUNTIF(原始数据!8:8,原始数据!AE8)>1,"×","")) | Z7: =IF(原始数据!AF8="","",IF(COUNTIF(原始数据!8:8,原始数据!AF8)>1,"×","")) | AA7: =IF(原始数据!AI8="","",IF(COUNTIF(原始数据!8:8,原始数据!AI8)>1,"×","")) | AB7: =IF(原始数据!AJ8="","",IF(COUNTIF(原始数据!8:8,原始数据!AJ8)>1,"×","")) | AC7: =IF(原始数据!AO8="","",IF(COUNTIF(原始数据!8:8,原始数据!AO8)>1,"×","")) | AD7: =IF(原始数据!AP8="","",IF(COUNTIF(原始数据!8:8,原始数据!AP8)>1,"×","")) | AE7: =IF(原始数据!AQ8="","",IF(COUNTIF(原始数据!8:8,原始数据!AQ8)>1,"×","")) | AF7: =IF(原始数据!AR8="","",IF(COUNTIF(原始数据!8:8,原始数据!AR8)>1,"×","")) | AG7: =IF(原始数据!AS8="","",IF(COUNTIF(原始数据!8:8,原始数据!AS8)>1,"×","")) | AH7: =IF(原始数据!AT8="","",IF(COUNTIF(原始数据!8:8,原始数据!AT8)>1,"×","")) | AI7: =IF(原始数据!AU8="","",IF(COUNTIF(原始数据!8:8,原始数据!AU8)>1,"×","")) | AJ7: =IF(原始数据!AV8="","",IF(COUNTIF(原始数据!8:8,原始数据!AV8)>1,"×","")) | ... AN7: =IF(原始数据!AZ8="","",IF(COUNTIF(原始数据!8:8,原始数据!AZ8)>1,"×",""))
A8: =IF(IFERROR(原始数据!B9,"×")="×","×","") | B8: =IF(IFERROR(原始数据!C9,"×")="×","×","") | C8: =IF(IFERROR(原始数据!D9,"×")="×","×","") | D8: =IF(IFERROR(原始数据!E9,"×")="×","×","") | E8: =IF(IFERROR(原始数据!F9,"×")="×","×","") | F8: =IF(IFERROR(原始数据!G9,"×")="×","×","") | G8: =IF(IFERROR(原始数据!H9,"×")="×","×","") | H8: =IF(IFERROR(原始数据!I9,"×")="×","×","") | ... T8: =IF(IFERROR(原始数据!U9,"×")="×","×","") | U8: {=IF(原始数据!W9="-","",IF(原始数据!W9="","",IF(COUNT(FIND(原始数据!W9,原始数据!9:9))=2,"×","")))} | V8: {=IF(原始数据!Y9="-","",IF(原始数据!Y9="","",IF(COUNT(FIND(原始数据!Y9,原始数据!9:9))=2,"×","")))} | W8: =IF(原始数据!Z9="","",IF(COUNTIF(原始数据!9:9,原始数据!Z9)>1,"×","")) | X8: =IF(原始数据!AA9="","",IF(COUNTIF(原始数据!9:9,原始数据!AA9)>1,"×","")) | Y8: =IF(原始数据!AE9="","",IF(COUNTIF(原始数据!9:9,原始数据!AE9)>1,"×","")) | Z8: =IF(原始数据!AF9="","",IF(COUNTIF(原始数据!9:9,原始数据!AF9)>1,"×","")) | AA8: =IF(原始数据!AI9="","",IF(COUNTIF(原始数据!9:9,原始数据!AI9)>1,"×","")) | AB8: =IF(原始数据!AJ9="","",IF(COUNTIF(原始数据!9:9,原始数据!AJ9)>1,"×","")) | AC8: =IF(原始数据!AO9="","",IF(COUNTIF(原始数据!9:9,原始数据!AO9)>1,"×","")) | AD8: =IF(原始数据!AP9="","",IF(COUNTIF(原始数据!9:9,原始数据!AP9)>1,"×","")) | AE8: =IF(原始数据!AQ9="","",IF(COUNTIF(原始数据!9:9,原始数据!AQ9)>1,"×","")) | AF8: =IF(原始数据!AR9="","",IF(COUNTIF(原始数据!9:9,原始数据!AR9)>1,"×","")) | AG8: =IF(原始数据!AS9="","",IF(COUNTIF(原始数据!9:9,原始数据!AS9)>1,"×","")) | AH8: =IF(原始数据!AT9="","",IF(COUNTIF(原始数据!9:9,原始数据!AT9)>1,"×","")) | AI8: =IF(原始数据!AU9="","",IF(COUNTIF(原始数据!9:9,原始数据!AU9)>1,"×","")) | AJ8: =IF(原始数据!AV9="","",IF(COUNTIF(原始数据!9:9,原始数据!AV9)>1,"×","")) | ... AN8: =IF(原始数据!AZ9="","",IF(COUNTIF(原始数据!9:9,原始数据!AZ9)>1,"×",""))
A9: =IF(IFERROR(原始数据!B10,"×")="×","×","") | B9: =IF(IFERROR(原始数据!C10,"×")="×","×","") | C9: =IF(IFERROR(原始数据!D10,"×")="×","×","") | D9: =IF(IFERROR(原始数据!E10,"×")="×","×","") | E9: =IF(IFERROR(原始数据!F10,"×")="×","×","") | F9: =IF(IFERROR(原始数据!G10,"×")="×","×","") | G9: =IF(IFERROR(原始数据!H10,"×")="×","×","") | H9: =IF(IFERROR(原始数据!I10,"×")="×","×","") | ... T9: =IF(IFERROR(原始数据!U10,"×")="×","×","") | U9: {=IF(原始数据!W10="-","",IF(原始数据!W10="","",IF(COUNT(FIND(原始数据!W10,原始数据!10:10))=2,"×","")))} | V9: {=IF(原始数据!Y10="-","",IF(原始数据!Y10="","",IF(COUNT(FIND(原始数据!Y10,原始数据!10:10))=2,"×","")))} | W9: =IF(原始数据!Z10="","",IF(COUNTIF(原始数据!10:10,原始数据!Z10)>1,"×","")) | X9: =IF(原始数据!AA10="","",IF(COUNTIF(原始数据!10:10,原始数据!AA10)>1,"×","")) | Y9: =IF(原始数据!AE10="","",IF(COUNTIF(原始数据!10:10,原始数据!AE10)>1,"×","")) | Z9: =IF(原始数据!AF10="","",IF(COUNTIF(原始数据!10:10,原始数据!AF10)>1,"×","")) | AA9: =IF(原始数据!AI10="","",IF(COUNTIF(原始数据!10:10,原始数据!AI10)>1,"×","")) | AB9: =IF(原始数据!AJ10="","",IF(COUNTIF(原始数据!10:10,原始数据!AJ10)>1,"×","")) | AC9: =IF(原始数据!AO10="","",IF(COUNTIF(原始数据!10:10,原始数据!AO10)>1,"×","")) | AD9: =IF(原始数据!AP10="","",IF(COUNTIF(原始数据!10:10,原始数据!AP10)>1,"×","")) | AE9: =IF(原始数据!AQ10="","",IF(COUNTIF(原始数据!10:10,原始数据!AQ10)>1,"×","")) | AF9: =IF(原始数据!AR10="","",IF(COUNTIF(原始数据!10:10,原始数据!AR10)>1,"×","")) | AG9: =IF(原始数据!AS10="","",IF(COUNTIF(原始数据!10:10,原始数据!AS10)>1,"×","")) | AH9: =IF(原始数据!AT10="","",IF(COUNTIF(原始数据!10:10,原始数据!AT10)>1,"×","")) | AI9: =IF(原始数据!AU10="","",IF(COUNTIF(原始数据!10:10,原始数据!AU10)>1,"×","")) | AJ9: =IF(原始数据!AV10="","",IF(COUNTIF(原始数据!10:10,原始数据!AV10)>1,"×","")) | ... AN9: =IF(原始数据!AZ10="","",IF(COUNTIF(原始数据!10:10,原始数据!AZ10)>1,"×",""))
A10: =IF(IFERROR(原始数据!B11,"×")="×","×","") | B10: =IF(IFERROR(原始数据!C11,"×")="×","×","") | C10: =IF(IFERROR(原始数据!D11,"×")="×","×","") | D10: =IF(IFERROR(原始数据!E11,"×")="×","×","") | E10: =IF(IFERROR(原始数据!F11,"×")="×","×","") | F10: =IF(IFERROR(原始数据!G11,"×")="×","×","") | G10: =IF(IFERROR(原始数据!H11,"×")="×","×","") | H10: =IF(IFERROR(原始数据!I11,"×")="×","×","") | ... T10: =IF(IFERROR(原始数据!U11,"×")="×","×","") | U10: {=IF(原始数据!W11="-","",IF(原始数据!W11="","",IF(COUNT(FIND(原始数据!W11,原始数据!11:11))=2,"×","")))} | V10: {=IF(原始数据!Y11="-","",IF(原始数据!Y11="","",IF(COUNT(FIND(原始数据!Y11,原始数据!11:11))=2,"×","")))} | W10: =IF(原始数据!Z11="","",IF(COUNTIF(原始数据!11:11,原始数据!Z11)>1,"×","")) | X10: =IF(原始数据!AA11="","",IF(COUNTIF(原始数据!11:11,原始数据!AA11)>1,"×","")) | Y10: =IF(原始数据!AE11="","",IF(COUNTIF(原始数据!11:11,原始数据!AE11)>1,"×","")) | Z10: =IF(原始数据!AF11="","",IF(COUNTIF(原始数据!11:11,原始数据!AF11)>1,"×","")) | AA10: =IF(原始数据!AI11="","",IF(COUNTIF(原始数据!11:11,原始数据!AI11)>1,"×","")) | AB10: =IF(原始数据!AJ11="","",IF(COUNTIF(原始数据!11:11,原始数据!AJ11)>1,"×","")) | AC10: =IF(原始数据!AO11="","",IF(COUNTIF(原始数据!11:11,原始数据!AO11)>1,"×","")) | AD10: =IF(原始数据!AP11="","",IF(COUNTIF(原始数据!11:11,原始数据!AP11)>1,"×","")) | AE10: =IF(原始数据!AQ11="","",IF(COUNTIF(原始数据!11:11,原始数据!AQ11)>1,"×","")) | AF10: =IF(原始数据!AR11="","",IF(COUNTIF(原始数据!11:11,原始数据!AR11)>1,"×","")) | AG10: =IF(原始数据!AS11="","",IF(COUNTIF(原始数据!11:11,原始数据!AS11)>1,"×","")) | AH10: =IF(原始数据!AT11="","",IF(COUNTIF(原始数据!11:11,原始数据!AT11)>1,"×","")) | AI10: =IF(原始数据!AU11="","",IF(COUNTIF(原始数据!11:11,原始数据!AU11)>1,"×","")) | AJ10: =IF(原始数据!AV11="","",IF(COUNTIF(原始数据!11:11,原始数据!AV11)>1,"×","")) | ... AN10: =IF(原始数据!AZ11="","",IF(COUNTIF(原始数据!11:11,原始数据!AZ11)>1,"×",""))
A11: =IF(IFERROR(原始数据!B12,"×")="×","×","") | B11: =IF(IFERROR(原始数据!C12,"×")="×","×","") | C11: =IF(IFERROR(原始数据!D12,"×")="×","×","") | D11: =IF(IFERROR(原始数据!E12,"×")="×","×","") | E11: =IF(IFERROR(原始数据!F12,"×")="×","×","") | F11: =IF(IFERROR(原始数据!G12,"×")="×","×","") | G11: =IF(IFERROR(原始数据!H12,"×")="×","×","") | H11: =IF(IFERROR(原始数据!I12,"×")="×","×","") | ... T11: =IF(IFERROR(原始数据!U12,"×")="×","×","") | U11: {=IF(原始数据!W12="-","",IF(原始数据!W12="","",IF(COUNT(FIND(原始数据!W12,原始数据!12:12))=2,"×","")))} | V11: {=IF(原始数据!Y12="-","",IF(原始数据!Y12="","",IF(COUNT(FIND(原始数据!Y12,原始数据!12:12))=2,"×","")))} | W11: =IF(原始数据!Z12="","",IF(COUNTIF(原始数据!12:12,原始数据!Z12)>1,"×","")) | X11: =IF(原始数据!AA12="","",IF(COUNTIF(原始数据!12:12,原始数据!AA12)>1,"×","")) | Y11: =IF(原始数据!AE12="","",IF(COUNTIF(原始数据!12:12,原始数据!AE12)>1,"×","")) | Z11: =IF(原始数据!AF12="","",IF(COUNTIF(原始数据!12:12,原始数据!AF12)>1,"×","")) | AA11: =IF(原始数据!AI12="","",IF(COUNTIF(原始数据!12:12,原始数据!AI12)>1,"×","")) | AB11: =IF(原始数据!AJ12="","",IF(COUNTIF(原始数据!12:12,原始数据!AJ12)>1,"×","")) | AC11: =IF(原始数据!AO12="","",IF(COUNTIF(原始数据!12:12,原始数据!AO12)>1,"×","")) | AD11: =IF(原始数据!AP12="","",IF(COUNTIF(原始数据!12:12,原始数据!AP12)>1,"×","")) | AE11: =IF(原始数据!AQ12="","",IF(COUNTIF(原始数据!12:12,原始数据!AQ12)>1,"×","")) | AF11: =IF(原始数据!AR12="","",IF(COUNTIF(原始数据!12:12,原始数据!AR12)>1,"×","")) | AG11: =IF(原始数据!AS12="","",IF(COUNTIF(原始数据!12:12,原始数据!AS12)>1,"×","")) | AH11: =IF(原始数据!AT12="","",IF(COUNTIF(原始数据!12:12,原始数据!AT12)>1,"×","")) | AI11: =IF(原始数据!AU12="","",IF(COUNTIF(原始数据!12:12,原始数据!AU12)>1,"×","")) | AJ11: =IF(原始数据!AV12="","",IF(COUNTIF(原始数据!12:12,原始数据!AV12)>1,"×","")) | ... AN11: =IF(原始数据!AZ12="","",IF(COUNTIF(原始数据!12:12,原始数据!AZ12)>1,"×",""))
A12: =IF(IFERROR(原始数据!B13,"×")="×","×","") | B12: =IF(IFERROR(原始数据!C13,"×")="×","×","") | C12: =IF(IFERROR(原始数据!D13,"×")="×","×","") | D12: =IF(IFERROR(原始数据!E13,"×")="×","×","") | E12: =IF(IFERROR(原始数据!F13,"×")="×","×","") | F12: =IF(IFERROR(原始数据!G13,"×")="×","×","") | G12: =IF(IFERROR(原始数据!H13,"×")="×","×","") | H12: =IF(IFERROR(原始数据!I13,"×")="×","×","") | ... T12: =IF(IFERROR(原始数据!U13,"×")="×","×","") | U12: {=IF(原始数据!W13="-","",IF(原始数据!W13="","",IF(COUNT(FIND(原始数据!W13,原始数据!13:13))=2,"×","")))} | V12: {=IF(原始数据!Y13="-","",IF(原始数据!Y13="","",IF(COUNT(FIND(原始数据!Y13,原始数据!13:13))=2,"×","")))} | W12: =IF(原始数据!Z13="","",IF(COUNTIF(原始数据!13:13,原始数据!Z13)>1,"×","")) | X12: =IF(原始数据!AA13="","",IF(COUNTIF(原始数据!13:13,原始数据!AA13)>1,"×","")) | Y12: =IF(原始数据!AE13="","",IF(COUNTIF(原始数据!13:13,原始数据!AE13)>1,"×","")) | Z12: =IF(原始数据!AF13="","",IF(COUNTIF(原始数据!13:13,原始数据!AF13)>1,"×","")) | AA12: =IF(原始数据!AI13="","",IF(COUNTIF(原始数据!13:13,原始数据!AI13)>1,"×","")) | AB12: =IF(原始数据!AJ13="","",IF(COUNTIF(原始数据!13:13,原始数据!AJ13)>1,"×","")) | AC12: =IF(原始数据!AO13="","",IF(COUNTIF(原始数据!13:13,原始数据!AO13)>1,"×","")) | AD12: =IF(原始数据!AP13="","",IF(COUNTIF(原始数据!13:13,原始数据!AP13)>1,"×","")) | AE12: =IF(原始数据!AQ13="","",IF(COUNTIF(原始数据!13:13,原始数据!AQ13)>1,"×","")) | AF12: =IF(原始数据!AR13="","",IF(COUNTIF(原始数据!13:13,原始数据!AR13)>1,"×","")) | AG12: =IF(原始数据!AS13="","",IF(COUNTIF(原始数据!13:13,原始数据!AS13)>1,"×","")) | AH12: =IF(原始数据!AT13="","",IF(COUNTIF(原始数据!13:13,原始数据!AT13)>1,"×","")) | AI12: =IF(原始数据!AU13="","",IF(COUNTIF(原始数据!13:13,原始数据!AU13)>1,"×","")) | AJ12: =IF(原始数据!AV13="","",IF(COUNTIF(原始数据!13:13,原始数据!AV13)>1,"×","")) | ... AN12: =IF(原始数据!AZ13="","",IF(COUNTIF(原始数据!13:13,原始数据!AZ13)>1,"×",""))
A13: =IF(IFERROR(原始数据!B14,"×")="×","×","") | B13: =IF(IFERROR(原始数据!C14,"×")="×","×","") | C13: =IF(IFERROR(原始数据!D14,"×")="×","×","") | D13: =IF(IFERROR(原始数据!E14,"×")="×","×","") | E13: =IF(IFERROR(原始数据!F14,"×")="×","×","") | F13: =IF(IFERROR(原始数据!G14,"×")="×","×","") | G13: =IF(IFERROR(原始数据!H14,"×")="×","×","") | H13: =IF(IFERROR(原始数据!I14,"×")="×","×","") | ... T13: =IF(IFERROR(原始数据!U14,"×")="×","×","") | U13: {=IF(原始数据!W14="-","",IF(原始数据!W14="","",IF(COUNT(FIND(原始数据!W14,原始数据!14:14))=2,"×","")))} | V13: {=IF(原始数据!Y14="-","",IF(原始数据!Y14="","",IF(COUNT(FIND(原始数据!Y14,原始数据!14:14))=2,"×","")))} | W13: =IF(原始数据!Z14="","",IF(COUNTIF(原始数据!14:14,原始数据!Z14)>1,"×","")) | X13: =IF(原始数据!AA14="","",IF(COUNTIF(原始数据!14:14,原始数据!AA14)>1,"×","")) | Y13: =IF(原始数据!AE14="","",IF(COUNTIF(原始数据!14:14,原始数据!AE14)>1,"×","")) | Z13: =IF(原始数据!AF14="","",IF(COUNTIF(原始数据!14:14,原始数据!AF14)>1,"×","")) | AA13: =IF(原始数据!AI14="","",IF(COUNTIF(原始数据!14:14,原始数据!AI14)>1,"×","")) | AB13: =IF(原始数据!AJ14="","",IF(COUNTIF(原始数据!14:14,原始数据!AJ14)>1,"×","")) | AC13: =IF(原始数据!AO14="","",IF(COUNTIF(原始数据!14:14,原始数据!AO14)>1,"×","")) | AD13: =IF(原始数据!AP14="","",IF(COUNTIF(原始数据!14:14,原始数据!AP14)>1,"×","")) | AE13: =IF(原始数据!AQ14="","",IF(COUNTIF(原始数据!14:14,原始数据!AQ14)>1,"×","")) | AF13: =IF(原始数据!AR14="","",IF(COUNTIF(原始数据!14:14,原始数据!AR14)>1,"×","")) | AG13: =IF(原始数据!AS14="","",IF(COUNTIF(原始数据!14:14,原始数据!AS14)>1,"×","")) | AH13: =IF(原始数据!AT14="","",IF(COUNTIF(原始数据!14:14,原始数据!AT14)>1,"×","")) | AI13: =IF(原始数据!AU14="","",IF(COUNTIF(原始数据!14:14,原始数据!AU14)>1,"×","")) | AJ13: =IF(原始数据!AV14="","",IF(COUNTIF(原始数据!14:14,原始数据!AV14)>1,"×","")) | ... AN13: =IF(原始数据!AZ14="","",IF(COUNTIF(原始数据!14:14,原始数据!AZ14)>1,"×",""))
A14: =IF(IFERROR(原始数据!B15,"×")="×","×","") | B14: =IF(IFERROR(原始数据!C15,"×")="×","×","") | C14: =IF(IFERROR(原始数据!D15,"×")="×","×","") | D14: =IF(IFERROR(原始数据!E15,"×")="×","×","") | E14: =IF(IFERROR(原始数据!F15,"×")="×","×","") | F14: =IF(IFERROR(原始数据!G15,"×")="×","×","") | G14: =IF(IFERROR(原始数据!H15,"×")="×","×","") | H14: =IF(IFERROR(原始数据!I15,"×")="×","×","") | ... T14: =IF(IFERROR(原始数据!U15,"×")="×","×","") | U14: {=IF(原始数据!W15="-","",IF(原始数据!W15="","",IF(COUNT(FIND(原始数据!W15,原始数据!15:15))=2,"×","")))} | V14: {=IF(原始数据!Y15="-","",IF(原始数据!Y15="","",IF(COUNT(FIND(原始数据!Y15,原始数据!15:15))=2,"×","")))} | W14: =IF(原始数据!Z15="","",IF(COUNTIF(原始数据!15:15,原始数据!Z15)>1,"×","")) | X14: =IF(原始数据!AA15="","",IF(COUNTIF(原始数据!15:15,原始数据!AA15)>1,"×","")) | Y14: =IF(原始数据!AE15="","",IF(COUNTIF(原始数据!15:15,原始数据!AE15)>1,"×","")) | Z14: =IF(原始数据!AF15="","",IF(COUNTIF(原始数据!15:15,原始数据!AF15)>1,"×","")) | AA14: =IF(原始数据!AI15="","",IF(COUNTIF(原始数据!15:15,原始数据!AI15)>1,"×","")) | AB14: =IF(原始数据!AJ15="","",IF(COUNTIF(原始数据!15:15,原始数据!AJ15)>1,"×","")) | AC14: =IF(原始数据!AO15="","",IF(COUNTIF(原始数据!15:15,原始数据!AO15)>1,"×","")) | AD14: =IF(原始数据!AP15="","",IF(COUNTIF(原始数据!15:15,原始数据!AP15)>1,"×","")) | AE14: =IF(原始数据!AQ15="","",IF(COUNTIF(原始数据!15:15,原始数据!AQ15)>1,"×","")) | AF14: =IF(原始数据!AR15="","",IF(COUNTIF(原始数据!15:15,原始数据!AR15)>1,"×","")) | AG14: =IF(原始数据!AS15="","",IF(COUNTIF(原始数据!15:15,原始数据!AS15)>1,"×","")) | AH14: =IF(原始数据!AT15="","",IF(COUNTIF(原始数据!15:15,原始数据!AT15)>1,"×","")) | AI14: =IF(原始数据!AU15="","",IF(COUNTIF(原始数据!15:15,原始数据!AU15)>1,"×","")) | AJ14: =IF(原始数据!AV15="","",IF(COUNTIF(原始数据!15:15,原始数据!AV15)>1,"×","")) | ... AN14: =IF(原始数据!AZ15="","",IF(COUNTIF(原始数据!15:15,原始数据!AZ15)>1,"×",""))
A15: =IF(IFERROR(原始数据!B16,"×")="×","×","") | B15: =IF(IFERROR(原始数据!C16,"×")="×","×","") | C15: =IF(IFERROR(原始数据!D16,"×")="×","×","") | D15: =IF(IFERROR(原始数据!E16,"×")="×","×","") | E15: =IF(IFERROR(原始数据!F16,"×")="×","×","") | F15: =IF(IFERROR(原始数据!G16,"×")="×","×","") | G15: =IF(IFERROR(原始数据!H16,"×")="×","×","") | H15: =IF(IFERROR(原始数据!I16,"×")="×","×","") | ... T15: =IF(IFERROR(原始数据!U16,"×")="×","×","") | U15: {=IF(原始数据!W16="-","",IF(原始数据!W16="","",IF(COUNT(FIND(原始数据!W16,原始数据!16:16))=2,"×","")))} | V15: {=IF(原始数据!Y16="-","",IF(原始数据!Y16="","",IF(COUNT(FIND(原始数据!Y16,原始数据!16:16))=2,"×","")))} | W15: =IF(原始数据!Z16="","",IF(COUNTIF(原始数据!16:16,原始数据!Z16)>1,"×","")) | X15: =IF(原始数据!AA16="","",IF(COUNTIF(原始数据!16:16,原始数据!AA16)>1,"×","")) | Y15: =IF(原始数据!AE16="","",IF(COUNTIF(原始数据!16:16,原始数据!AE16)>1,"×","")) | Z15: =IF(原始数据!AF16="","",IF(COUNTIF(原始数据!16:16,原始数据!AF16)>1,"×","")) | AA15: =IF(原始数据!AI16="","",IF(COUNTIF(原始数据!16:16,原始数据!AI16)>1,"×","")) | AB15: =IF(原始数据!AJ16="","",IF(COUNTIF(原始数据!16:16,原始数据!AJ16)>1,"×","")) | AC15: =IF(原始数据!AO16="","",IF(COUNTIF(原始数据!16:16,原始数据!AO16)>1,"×","")) | AD15: =IF(原始数据!AP16="","",IF(COUNTIF(原始数据!16:16,原始数据!AP16)>1,"×","")) | AE15: =IF(原始数据!AQ16="","",IF(COUNTIF(原始数据!16:16,原始数据!AQ16)>1,"×","")) | AF15: =IF(原始数据!AR16="","",IF(COUNTIF(原始数据!16:16,原始数据!AR16)>1,"×","")) | AG15: =IF(原始数据!AS16="","",IF(COUNTIF(原始数据!16:16,原始数据!AS16)>1,"×","")) | AH15: =IF(原始数据!AT16="","",IF(COUNTIF(原始数据!16:16,原始数据!AT16)>1,"×","")) | AI15: =IF(原始数据!AU16="","",IF(COUNTIF(原始数据!16:16,原始数据!AU16)>1,"×","")) | AJ15: =IF(原始数据!AV16="","",IF(COUNTIF(原始数据!16:16,原始数据!AV16)>1,"×","")) | ... AN15: =IF(原始数据!AZ16="","",IF(COUNTIF(原始数据!16:16,原始数据!AZ16)>1,"×",""))
A16: =IF(IFERROR(原始数据!B17,"×")="×","×","") | B16: =IF(IFERROR(原始数据!C17,"×")="×","×","") | C16: =IF(IFERROR(原始数据!D17,"×")="×","×","") | D16: =IF(IFERROR(原始数据!E17,"×")="×","×","") | E16: =IF(IFERROR(原始数据!F17,"×")="×","×","") | F16: =IF(IFERROR(原始数据!G17,"×")="×","×","") | G16: =IF(IFERROR(原始数据!H17,"×")="×","×","") | H16: =IF(IFERROR(原始数据!I17,"×")="×","×","") | ... T16: =IF(IFERROR(原始数据!U17,"×")="×","×","") | U16: {=IF(原始数据!W17="-","",IF(原始数据!W17="","",IF(COUNT(FIND(原始数据!W17,原始数据!17:17))=2,"×","")))} | V16: {=IF(原始数据!Y17="-","",IF(原始数据!Y17="","",IF(COUNT(FIND(原始数据!Y17,原始数据!17:17))=2,"×","")))} | W16: =IF(原始数据!Z17="","",IF(COUNTIF(原始数据!17:17,原始数据!Z17)>1,"×","")) | X16: =IF(原始数据!AA17="","",IF(COUNTIF(原始数据!17:17,原始数据!AA17)>1,"×","")) | Y16: =IF(原始数据!AE17="","",IF(COUNTIF(原始数据!17:17,原始数据!AE17)>1,"×","")) | Z16: =IF(原始数据!AF17="","",IF(COUNTIF(原始数据!17:17,原始数据!AF17)>1,"×","")) | AA16: =IF(原始数据!AI17="","",IF(COUNTIF(原始数据!17:17,原始数据!AI17)>1,"×","")) | AB16: =IF(原始数据!AJ17="","",IF(COUNTIF(原始数据!17:17,原始数据!AJ17)>1,"×","")) | AC16: =IF(原始数据!AO17="","",IF(COUNTIF(原始数据!17:17,原始数据!AO17)>1,"×","")) | AD16: =IF(原始数据!AP17="","",IF(COUNTIF(原始数据!17:17,原始数据!AP17)>1,"×","")) | AE16: =IF(原始数据!AQ17="","",IF(COUNTIF(原始数据!17:17,原始数据!AQ17)>1,"×","")) | AF16: =IF(原始数据!AR17="","",IF(COUNTIF(原始数据!17:17,原始数据!AR17)>1,"×","")) | AG16: =IF(原始数据!AS17="","",IF(COUNTIF(原始数据!17:17,原始数据!AS17)>1,"×","")) | AH16: =IF(原始数据!AT17="","",IF(COUNTIF(原始数据!17:17,原始数据!AT17)>1,"×","")) | AI16: =IF(原始数据!AU17="","",IF(COUNTIF(原始数据!17:17,原始数据!AU17)>1,"×","")) | AJ16: =IF(原始数据!AV17="","",IF(COUNTIF(原始数据!17:17,原始数据!AV17)>1,"×","")) | ... AN16: =IF(原始数据!AZ17="","",IF(COUNTIF(原始数据!17:17,原始数据!AZ17)>1,"×",""))
A17: =IF(IFERROR(原始数据!B18,"×")="×","×","") | B17: =IF(IFERROR(原始数据!C18,"×")="×","×","") | C17: =IF(IFERROR(原始数据!D18,"×")="×","×","") | D17: =IF(IFERROR(原始数据!E18,"×")="×","×","") | E17: =IF(IFERROR(原始数据!F18,"×")="×","×","") | F17: =IF(IFERROR(原始数据!G18,"×")="×","×","") | G17: =IF(IFERROR(原始数据!H18,"×")="×","×","") | H17: =IF(IFERROR(原始数据!I18,"×")="×","×","") | ... T17: =IF(IFERROR(原始数据!U18,"×")="×","×","") | U17: {=IF(原始数据!W18="-","",IF(原始数据!W18="","",IF(COUNT(FIND(原始数据!W18,原始数据!18:18))=2,"×","")))} | V17: {=IF(原始数据!Y18="-","",IF(原始数据!Y18="","",IF(COUNT(FIND(原始数据!Y18,原始数据!18:18))=2,"×","")))} | W17: =IF(原始数据!Z18="","",IF(COUNTIF(原始数据!18:18,原始数据!Z18)>1,"×","")) | X17: =IF(原始数据!AA18="","",IF(COUNTIF(原始数据!18:18,原始数据!AA18)>1,"×","")) | Y17: =IF(原始数据!AE18="","",IF(COUNTIF(原始数据!18:18,原始数据!AE18)>1,"×","")) | Z17: =IF(原始数据!AF18="","",IF(COUNTIF(原始数据!18:18,原始数据!AF18)>1,"×","")) | AA17: =IF(原始数据!AI18="","",IF(COUNTIF(原始数据!18:18,原始数据!AI18)>1,"×","")) | AB17: =IF(原始数据!AJ18="","",IF(COUNTIF(原始数据!18:18,原始数据!AJ18)>1,"×","")) | AC17: =IF(原始数据!AO18="","",IF(COUNTIF(原始数据!18:18,原始数据!AO18)>1,"×","")) | AD17: =IF(原始数据!AP18="","",IF(COUNTIF(原始数据!18:18,原始数据!AP18)>1,"×","")) | AE17: =IF(原始数据!AQ18="","",IF(COUNTIF(原始数据!18:18,原始数据!AQ18)>1,"×","")) | AF17: =IF(原始数据!AR18="","",IF(COUNTIF(原始数据!18:18,原始数据!AR18)>1,"×","")) | AG17: =IF(原始数据!AS18="","",IF(COUNTIF(原始数据!18:18,原始数据!AS18)>1,"×","")) | AH17: =IF(原始数据!AT18="","",IF(COUNTIF(原始数据!18:18,原始数据!AT18)>1,"×","")) | AI17: =IF(原始数据!AU18="","",IF(COUNTIF(原始数据!18:18,原始数据!AU18)>1,"×","")) | AJ17: =IF(原始数据!AV18="","",IF(COUNTIF(原始数据!18:18,原始数据!AV18)>1,"×","")) | ... AN17: =IF(原始数据!AZ18="","",IF(COUNTIF(原始数据!18:18,原始数据!AZ18)>1,"×",""))
A18: =IF(IFERROR(原始数据!B19,"×")="×","×","") | B18: =IF(IFERROR(原始数据!C19,"×")="×","×","") | C18: =IF(IFERROR(原始数据!D19,"×")="×","×","") | D18: =IF(IFERROR(原始数据!E19,"×")="×","×","") | E18: =IF(IFERROR(原始数据!F19,"×")="×","×","") | F18: =IF(IFERROR(原始数据!G19,"×")="×","×","") | G18: =IF(IFERROR(原始数据!H19,"×")="×","×","") | H18: =IF(IFERROR(原始数据!I19,"×")="×","×","") | ... T18: =IF(IFERROR(原始数据!U19,"×")="×","×","") | U18: {=IF(原始数据!W19="-","",IF(原始数据!W19="","",IF(COUNT(FIND(原始数据!W19,原始数据!19:19))=2,"×","")))} | V18: {=IF(原始数据!Y19="-","",IF(原始数据!Y19="","",IF(COUNT(FIND(原始数据!Y19,原始数据!19:19))=2,"×","")))} | W18: =IF(原始数据!Z19="","",IF(COUNTIF(原始数据!19:19,原始数据!Z19)>1,"×","")) | X18: =IF(原始数据!AA19="","",IF(COUNTIF(原始数据!19:19,原始数据!AA19)>1,"×","")) | Y18: =IF(原始数据!AE19="","",IF(COUNTIF(原始数据!19:19,原始数据!AE19)>1,"×","")) | Z18: =IF(原始数据!AF19="","",IF(COUNTIF(原始数据!19:19,原始数据!AF19)>1,"×","")) | AA18: =IF(原始数据!AI19="","",IF(COUNTIF(原始数据!19:19,原始数据!AI19)>1,"×","")) | AB18: =IF(原始数据!AJ19="","",IF(COUNTIF(原始数据!19:19,原始数据!AJ19)>1,"×","")) | AC18: =IF(原始数据!AO19="","",IF(COUNTIF(原始数据!19:19,原始数据!AO19)>1,"×","")) | AD18: =IF(原始数据!AP19="","",IF(COUNTIF(原始数据!19:19,原始数据!AP19)>1,"×","")) | AE18: =IF(原始数据!AQ19="","",IF(COUNTIF(原始数据!19:19,原始数据!AQ19)>1,"×","")) | AF18: =IF(原始数据!AR19="","",IF(COUNTIF(原始数据!19:19,原始数据!AR19)>1,"×","")) | AG18: =IF(原始数据!AS19="","",IF(COUNTIF(原始数据!19:19,原始数据!AS19)>1,"×","")) | AH18: =IF(原始数据!AT19="","",IF(COUNTIF(原始数据!19:19,原始数据!AT19)>1,"×","")) | AI18: =IF(原始数据!AU19="","",IF(COUNTIF(原始数据!19:19,原始数据!AU19)>1,"×","")) | AJ18: =IF(原始数据!AV19="","",IF(COUNTIF(原始数据!19:19,原始数据!AV19)>1,"×","")) | ... AN18: =IF(原始数据!AZ19="","",IF(COUNTIF(原始数据!19:19,原始数据!AZ19)>1,"×",""))
A19: =IF(IFERROR(原始数据!B20,"×")="×","×","") | B19: =IF(IFERROR(原始数据!C20,"×")="×","×","") | C19: =IF(IFERROR(原始数据!D20,"×")="×","×","") | D19: =IF(IFERROR(原始数据!E20,"×")="×","×","") | E19: =IF(IFERROR(原始数据!F20,"×")="×","×","") | F19: =IF(IFERROR(原始数据!G20,"×")="×","×","") | G19: =IF(IFERROR(原始数据!H20,"×")="×","×","") | H19: =IF(IFERROR(原始数据!I20,"×")="×","×","") | ... T19: =IF(IFERROR(原始数据!U20,"×")="×","×","") | U19: {=IF(原始数据!W20="-","",IF(原始数据!W20="","",IF(COUNT(FIND(原始数据!W20,原始数据!20:20))=2,"×","")))} | V19: {=IF(原始数据!Y20="-","",IF(原始数据!Y20="","",IF(COUNT(FIND(原始数据!Y20,原始数据!20:20))=2,"×","")))} | W19: =IF(原始数据!Z20="","",IF(COUNTIF(原始数据!20:20,原始数据!Z20)>1,"×","")) | X19: =IF(原始数据!AA20="","",IF(COUNTIF(原始数据!20:20,原始数据!AA20)>1,"×","")) | Y19: =IF(原始数据!AE20="","",IF(COUNTIF(原始数据!20:20,原始数据!AE20)>1,"×","")) | Z19: =IF(原始数据!AF20="","",IF(COUNTIF(原始数据!20:20,原始数据!AF20)>1,"×","")) | AA19: =IF(原始数据!AI20="","",IF(COUNTIF(原始数据!20:20,原始数据!AI20)>1,"×","")) | AB19: =IF(原始数据!AJ20="","",IF(COUNTIF(原始数据!20:20,原始数据!AJ20)>1,"×","")) | AC19: =IF(原始数据!AO20="","",IF(COUNTIF(原始数据!20:20,原始数据!AO20)>1,"×","")) | AD19: =IF(原始数据!AP20="","",IF(COUNTIF(原始数据!20:20,原始数据!AP20)>1,"×","")) | AE19: =IF(原始数据!AQ20="","",IF(COUNTIF(原始数据!20:20,原始数据!AQ20)>1,"×","")) | AF19: =IF(原始数据!AR20="","",IF(COUNTIF(原始数据!20:20,原始数据!AR20)>1,"×","")) | AG19: =IF(原始数据!AS20="","",IF(COUNTIF(原始数据!20:20,原始数据!AS20)>1,"×","")) | AH19: =IF(原始数据!AT20="","",IF(COUNTIF(原始数据!20:20,原始数据!AT20)>1,"×","")) | AI19: =IF(原始数据!AU20="","",IF(COUNTIF(原始数据!20:20,原始数据!AU20)>1,"×","")) | AJ19: =IF(原始数据!AV20="","",IF(COUNTIF(原始数据!20:20,原始数据!AV20)>1,"×","")) | ... AN19: =IF(原始数据!AZ20="","",IF(COUNTIF(原始数据!20:20,原始数据!AZ20)>1,"×",""))
A20: =IF(IFERROR(原始数据!B21,"×")="×","×","") | B20: =IF(IFERROR(原始数据!C21,"×")="×","×","") | C20: =IF(IFERROR(原始数据!D21,"×")="×","×","") | D20: =IF(IFERROR(原始数据!E21,"×")="×","×","") | E20: =IF(IFERROR(原始数据!F21,"×")="×","×","") | F20: =IF(IFERROR(原始数据!G21,"×")="×","×","") | G20: =IF(IFERROR(原始数据!H21,"×")="×","×","") | H20: =IF(IFERROR(原始数据!I21,"×")="×","×","") | ... T20: =IF(IFERROR(原始数据!U21,"×")="×","×","") | U20: {=IF(原始数据!W21="-","",IF(原始数据!W21="","",IF(COUNT(FIND(原始数据!W21,原始数据!21:21))=2,"×","")))} | V20: {=IF(原始数据!Y21="-","",IF(原始数据!Y21="","",IF(COUNT(FIND(原始数据!Y21,原始数据!21:21))=2,"×","")))} | W20: =IF(原始数据!Z21="","",IF(COUNTIF(原始数据!21:21,原始数据!Z21)>1,"×","")) | X20: =IF(原始数据!AA21="","",IF(COUNTIF(原始数据!21:21,原始数据!AA21)>1,"×","")) | Y20: =IF(原始数据!AE21="","",IF(COUNTIF(原始数据!21:21,原始数据!AE21)>1,"×","")) | Z20: =IF(原始数据!AF21="","",IF(COUNTIF(原始数据!21:21,原始数据!AF21)>1,"×","")) | AA20: =IF(原始数据!AI21="","",IF(COUNTIF(原始数据!21:21,原始数据!AI21)>1,"×","")) | AB20: =IF(原始数据!AJ21="","",IF(COUNTIF(原始数据!21:21,原始数据!AJ21)>1,"×","")) | AC20: =IF(原始数据!AO21="","",IF(COUNTIF(原始数据!21:21,原始数据!AO21)>1,"×","")) | AD20: =IF(原始数据!AP21="","",IF(COUNTIF(原始数据!21:21,原始数据!AP21)>1,"×","")) | AE20: =IF(原始数据!AQ21="","",IF(COUNTIF(原始数据!21:21,原始数据!AQ21)>1,"×","")) | AF20: =IF(原始数据!AR21="","",IF(COUNTIF(原始数据!21:21,原始数据!AR21)>1,"×","")) | AG20: =IF(原始数据!AS21="","",IF(COUNTIF(原始数据!21:21,原始数据!AS21)>1,"×","")) | AH20: =IF(原始数据!AT21="","",IF(COUNTIF(原始数据!21:21,原始数据!AT21)>1,"×","")) | AI20: =IF(原始数据!AU21="","",IF(COUNTIF(原始数据!21:21,原始数据!AU21)>1,"×","")) | AJ20: =IF(原始数据!AV21="","",IF(COUNTIF(原始数据!21:21,原始数据!AV21)>1,"×","")) | ... AN20: =IF(原始数据!AZ21="","",IF(COUNTIF(原始数据!21:21,原始数据!AZ21)>1,"×",""))
A21: =IF(IFERROR(原始数据!B22,"×")="×","×","") | B21: =IF(IFERROR(原始数据!C22,"×")="×","×","") | C21: =IF(IFERROR(原始数据!D22,"×")="×","×","") | D21: =IF(IFERROR(原始数据!E22,"×")="×","×","") | E21: =IF(IFERROR(原始数据!F22,"×")="×","×","") | F21: =IF(IFERROR(原始数据!G22,"×")="×","×","") | G21: =IF(IFERROR(原始数据!H22,"×")="×","×","") | H21: =IF(IFERROR(原始数据!I22,"×")="×","×","") | ... T21: =IF(IFERROR(原始数据!U22,"×")="×","×","") | U21: {=IF(原始数据!W22="-","",IF(原始数据!W22="","",IF(COUNT(FIND(原始数据!W22,原始数据!22:22))=2,"×","")))} | V21: {=IF(原始数据!Y22="-","",IF(原始数据!Y22="","",IF(COUNT(FIND(原始数据!Y22,原始数据!22:22))=2,"×","")))} | W21: =IF(原始数据!Z22="","",IF(COUNTIF(原始数据!22:22,原始数据!Z22)>1,"×","")) | X21: =IF(原始数据!AA22="","",IF(COUNTIF(原始数据!22:22,原始数据!AA22)>1,"×","")) | Y21: =IF(原始数据!AE22="","",IF(COUNTIF(原始数据!22:22,原始数据!AE22)>1,"×","")) | Z21: =IF(原始数据!AF22="","",IF(COUNTIF(原始数据!22:22,原始数据!AF22)>1,"×","")) | AA21: =IF(原始数据!AI22="","",IF(COUNTIF(原始数据!22:22,原始数据!AI22)>1,"×","")) | AB21: =IF(原始数据!AJ22="","",IF(COUNTIF(原始数据!22:22,原始数据!AJ22)>1,"×","")) | AC21: =IF(原始数据!AO22="","",IF(COUNTIF(原始数据!22:22,原始数据!AO22)>1,"×","")) | AD21: =IF(原始数据!AP22="","",IF(COUNTIF(原始数据!22:22,原始数据!AP22)>1,"×","")) | AE21: =IF(原始数据!AQ22="","",IF(COUNTIF(原始数据!22:22,原始数据!AQ22)>1,"×","")) | AF21: =IF(原始数据!AR22="","",IF(COUNTIF(原始数据!22:22,原始数据!AR22)>1,"×","")) | AG21: =IF(原始数据!AS22="","",IF(COUNTIF(原始数据!22:22,原始数据!AS22)>1,"×","")) | AH21: =IF(原始数据!AT22="","",IF(COUNTIF(原始数据!22:22,原始数据!AT22)>1,"×","")) | AI21: =IF(原始数据!AU22="","",IF(COUNTIF(原始数据!22:22,原始数据!AU22)>1,"×","")) | AJ21: =IF(原始数据!AV22="","",IF(COUNTIF(原始数据!22:22,原始数据!AV22)>1,"×","")) | ... AN21: =IF(原始数据!AZ22="","",IF(COUNTIF(原始数据!22:22,原始数据!AZ22)>1,"×",""))
A22: =IF(IFERROR(原始数据!B23,"×")="×","×","") | B22: =IF(IFERROR(原始数据!C23,"×")="×","×","") | C22: =IF(IFERROR(原始数据!D23,"×")="×","×","") | D22: =IF(IFERROR(原始数据!E23,"×")="×","×","") | E22: =IF(IFERROR(原始数据!F23,"×")="×","×","") | F22: =IF(IFERROR(原始数据!G23,"×")="×","×","") | G22: =IF(IFERROR(原始数据!H23,"×")="×","×","") | H22: =IF(IFERROR(原始数据!I23,"×")="×","×","") | ... T22: =IF(IFERROR(原始数据!U23,"×")="×","×","") | U22: {=IF(原始数据!W23="-","",IF(原始数据!W23="","",IF(COUNT(FIND(原始数据!W23,原始数据!23:23))=2,"×","")))} | V22: {=IF(原始数据!Y23="-","",IF(原始数据!Y23="","",IF(COUNT(FIND(原始数据!Y23,原始数据!23:23))=2,"×","")))} | W22: =IF(原始数据!Z23="","",IF(COUNTIF(原始数据!23:23,原始数据!Z23)>1,"×","")) | X22: =IF(原始数据!AA23="","",IF(COUNTIF(原始数据!23:23,原始数据!AA23)>1,"×","")) | Y22: =IF(原始数据!AE23="","",IF(COUNTIF(原始数据!23:23,原始数据!AE23)>1,"×","")) | Z22: =IF(原始数据!AF23="","",IF(COUNTIF(原始数据!23:23,原始数据!AF23)>1,"×","")) | AA22: =IF(原始数据!AI23="","",IF(COUNTIF(原始数据!23:23,原始数据!AI23)>1,"×","")) | AB22: =IF(原始数据!AJ23="","",IF(COUNTIF(原始数据!23:23,原始数据!AJ23)>1,"×","")) | AC22: =IF(原始数据!AO23="","",IF(COUNTIF(原始数据!23:23,原始数据!AO23)>1,"×","")) | AD22: =IF(原始数据!AP23="","",IF(COUNTIF(原始数据!23:23,原始数据!AP23)>1,"×","")) | AE22: =IF(原始数据!AQ23="","",IF(COUNTIF(原始数据!23:23,原始数据!AQ23)>1,"×","")) | AF22: =IF(原始数据!AR23="","",IF(COUNTIF(原始数据!23:23,原始数据!AR23)>1,"×","")) | AG22: =IF(原始数据!AS23="","",IF(COUNTIF(原始数据!23:23,原始数据!AS23)>1,"×","")) | AH22: =IF(原始数据!AT23="","",IF(COUNTIF(原始数据!23:23,原始数据!AT23)>1,"×","")) | AI22: =IF(原始数据!AU23="","",IF(COUNTIF(原始数据!23:23,原始数据!AU23)>1,"×","")) | AJ22: =IF(原始数据!AV23="","",IF(COUNTIF(原始数据!23:23,原始数据!AV23)>1,"×","")) | ... AN22: =IF(原始数据!AZ23="","",IF(COUNTIF(原始数据!23:23,原始数据!AZ23)>1,"×",""))
A23: =IF(IFERROR(原始数据!B24,"×")="×","×","") | B23: =IF(IFERROR(原始数据!C24,"×")="×","×","") | C23: =IF(IFERROR(原始数据!D24,"×")="×","×","") | D23: =IF(IFERROR(原始数据!E24,"×")="×","×","") | E23: =IF(IFERROR(原始数据!F24,"×")="×","×","") | F23: =IF(IFERROR(原始数据!G24,"×")="×","×","") | G23: =IF(IFERROR(原始数据!H24,"×")="×","×","") | H23: =IF(IFERROR(原始数据!I24,"×")="×","×","") | ... T23: =IF(IFERROR(原始数据!U24,"×")="×","×","") | U23: {=IF(原始数据!W24="-","",IF(原始数据!W24="","",IF(COUNT(FIND(原始数据!W24,原始数据!24:24))=2,"×","")))} | V23: {=IF(原始数据!Y24="-","",IF(原始数据!Y24="","",IF(COUNT(FIND(原始数据!Y24,原始数据!24:24))=2,"×","")))} | W23: =IF(原始数据!Z24="","",IF(COUNTIF(原始数据!24:24,原始数据!Z24)>1,"×","")) | X23: =IF(原始数据!AA24="","",IF(COUNTIF(原始数据!24:24,原始数据!AA24)>1,"×","")) | Y23: =IF(原始数据!AE24="","",IF(COUNTIF(原始数据!24:24,原始数据!AE24)>1,"×","")) | Z23: =IF(原始数据!AF24="","",IF(COUNTIF(原始数据!24:24,原始数据!AF24)>1,"×","")) | AA23: =IF(原始数据!AI24="","",IF(COUNTIF(原始数据!24:24,原始数据!AI24)>1,"×","")) | AB23: =IF(原始数据!AJ24="","",IF(COUNTIF(原始数据!24:24,原始数据!AJ24)>1,"×","")) | AC23: =IF(原始数据!AO24="","",IF(COUNTIF(原始数据!24:24,原始数据!AO24)>1,"×","")) | AD23: =IF(原始数据!AP24="","",IF(COUNTIF(原始数据!24:24,原始数据!AP24)>1,"×","")) | AE23: =IF(原始数据!AQ24="","",IF(COUNTIF(原始数据!24:24,原始数据!AQ24)>1,"×","")) | AF23: =IF(原始数据!AR24="","",IF(COUNTIF(原始数据!24:24,原始数据!AR24)>1,"×","")) | AG23: =IF(原始数据!AS24="","",IF(COUNTIF(原始数据!24:24,原始数据!AS24)>1,"×","")) | AH23: =IF(原始数据!AT24="","",IF(COUNTIF(原始数据!24:24,原始数据!AT24)>1,"×","")) | AI23: =IF(原始数据!AU24="","",IF(COUNTIF(原始数据!24:24,原始数据!AU24)>1,"×","")) | AJ23: =IF(原始数据!AV24="","",IF(COUNTIF(原始数据!24:24,原始数据!AV24)>1,"×","")) | ... AN23: =IF(原始数据!AZ24="","",IF(COUNTIF(原始数据!24:24,原始数据!AZ24)>1,"×",""))
A24: =IF(IFERROR(原始数据!B25,"×")="×","×","") | B24: =IF(IFERROR(原始数据!C25,"×")="×","×","") | C24: =IF(IFERROR(原始数据!D25,"×")="×","×","") | D24: =IF(IFERROR(原始数据!E25,"×")="×","×","") | E24: =IF(IFERROR(原始数据!F25,"×")="×","×","") | F24: =IF(IFERROR(原始数据!G25,"×")="×","×","") | G24: =IF(IFERROR(原始数据!H25,"×")="×","×","") | H24: =IF(IFERROR(原始数据!I25,"×")="×","×","") | ... T24: =IF(IFERROR(原始数据!U25,"×")="×","×","") | U24: {=IF(原始数据!W25="-","",IF(原始数据!W25="","",IF(COUNT(FIND(原始数据!W25,原始数据!25:25))=2,"×","")))} | V24: {=IF(原始数据!Y25="-","",IF(原始数据!Y25="","",IF(COUNT(FIND(原始数据!Y25,原始数据!25:25))=2,"×","")))} | W24: =IF(原始数据!Z25="","",IF(COUNTIF(原始数据!25:25,原始数据!Z25)>1,"×","")) | X24: =IF(原始数据!AA25="","",IF(COUNTIF(原始数据!25:25,原始数据!AA25)>1,"×","")) | Y24: =IF(原始数据!AE25="","",IF(COUNTIF(原始数据!25:25,原始数据!AE25)>1,"×","")) | Z24: =IF(原始数据!AF25="","",IF(COUNTIF(原始数据!25:25,原始数据!AF25)>1,"×","")) | AA24: =IF(原始数据!AI25="","",IF(COUNTIF(原始数据!25:25,原始数据!AI25)>1,"×","")) | AB24: =IF(原始数据!AJ25="","",IF(COUNTIF(原始数据!25:25,原始数据!AJ25)>1,"×","")) | AC24: =IF(原始数据!AO25="","",IF(COUNTIF(原始数据!25:25,原始数据!AO25)>1,"×","")) | AD24: =IF(原始数据!AP25="","",IF(COUNTIF(原始数据!25:25,原始数据!AP25)>1,"×","")) | AE24: =IF(原始数据!AQ25="","",IF(COUNTIF(原始数据!25:25,原始数据!AQ25)>1,"×","")) | AF24: =IF(原始数据!AR25="","",IF(COUNTIF(原始数据!25:25,原始数据!AR25)>1,"×","")) | AG24: =IF(原始数据!AS25="","",IF(COUNTIF(原始数据!25:25,原始数据!AS25)>1,"×","")) | AH24: =IF(原始数据!AT25="","",IF(COUNTIF(原始数据!25:25,原始数据!AT25)>1,"×","")) | AI24: =IF(原始数据!AU25="","",IF(COUNTIF(原始数据!25:25,原始数据!AU25)>1,"×","")) | AJ24: =IF(原始数据!AV25="","",IF(COUNTIF(原始数据!25:25,原始数据!AV25)>1,"×","")) | ... AN24: =IF(原始数据!AZ25="","",IF(COUNTIF(原始数据!25:25,原始数据!AZ25)>1,"×",""))
A25: =IF(IFERROR(原始数据!B26,"×")="×","×","") | B25: =IF(IFERROR(原始数据!C26,"×")="×","×","") | C25: =IF(IFERROR(原始数据!D26,"×")="×","×","") | D25: =IF(IFERROR(原始数据!E26,"×")="×","×","") | E25: =IF(IFERROR(原始数据!F26,"×")="×","×","") | F25: =IF(IFERROR(原始数据!G26,"×")="×","×","") | G25: =IF(IFERROR(原始数据!H26,"×")="×","×","") | H25: =IF(IFERROR(原始数据!I26,"×")="×","×","") | ... T25: =IF(IFERROR(原始数据!U26,"×")="×","×","") | U25: {=IF(原始数据!W26="-","",IF(原始数据!W26="","",IF(COUNT(FIND(原始数据!W26,原始数据!26:26))=2,"×","")))} | V25: {=IF(原始数据!Y26="-","",IF(原始数据!Y26="","",IF(COUNT(FIND(原始数据!Y26,原始数据!26:26))=2,"×","")))} | W25: =IF(原始数据!Z26="","",IF(COUNTIF(原始数据!26:26,原始数据!Z26)>1,"×","")) | X25: =IF(原始数据!AA26="","",IF(COUNTIF(原始数据!26:26,原始数据!AA26)>1,"×","")) | Y25: =IF(原始数据!AE26="","",IF(COUNTIF(原始数据!26:26,原始数据!AE26)>1,"×","")) | Z25: =IF(原始数据!AF26="","",IF(COUNTIF(原始数据!26:26,原始数据!AF26)>1,"×","")) | AA25: =IF(原始数据!AI26="","",IF(COUNTIF(原始数据!26:26,原始数据!AI26)>1,"×","")) | AB25: =IF(原始数据!AJ26="","",IF(COUNTIF(原始数据!26:26,原始数据!AJ26)>1,"×","")) | AC25: =IF(原始数据!AO26="","",IF(COUNTIF(原始数据!26:26,原始数据!AO26)>1,"×","")) | AD25: =IF(原始数据!AP26="","",IF(COUNTIF(原始数据!26:26,原始数据!AP26)>1,"×","")) | AE25: =IF(原始数据!AQ26="","",IF(COUNTIF(原始数据!26:26,原始数据!AQ26)>1,"×","")) | AF25: =IF(原始数据!AR26="","",IF(COUNTIF(原始数据!26:26,原始数据!AR26)>1,"×","")) | AG25: =IF(原始数据!AS26="","",IF(COUNTIF(原始数据!26:26,原始数据!AS26)>1,"×","")) | AH25: =IF(原始数据!AT26="","",IF(COUNTIF(原始数据!26:26,原始数据!AT26)>1,"×","")) | AI25: =IF(原始数据!AU26="","",IF(COUNTIF(原始数据!26:26,原始数据!AU26)>1,"×","")) | AJ25: =IF(原始数据!AV26="","",IF(COUNTIF(原始数据!26:26,原始数据!AV26)>1,"×","")) | ... AN25: =IF(原始数据!AZ26="","",IF(COUNTIF(原始数据!26:26,原始数据!AZ26)>1,"×",""))
A26: =IF(IFERROR(原始数据!B27,"×")="×","×","") | B26: =IF(IFERROR(原始数据!C27,"×")="×","×","") | C26: =IF(IFERROR(原始数据!D27,"×")="×","×","") | D26: =IF(IFERROR(原始数据!E27,"×")="×","×","") | E26: =IF(IFERROR(原始数据!F27,"×")="×","×","") | F26: =IF(IFERROR(原始数据!G27,"×")="×","×","") | G26: =IF(IFERROR(原始数据!H27,"×")="×","×","") | H26: =IF(IFERROR(原始数据!I27,"×")="×","×","") | ... T26: =IF(IFERROR(原始数据!U27,"×")="×","×","") | U26: {=IF(原始数据!W27="-","",IF(原始数据!W27="","",IF(COUNT(FIND(原始数据!W27,原始数据!27:27))=2,"×","")))} | V26: {=IF(原始数据!Y27="-","",IF(原始数据!Y27="","",IF(COUNT(FIND(原始数据!Y27,原始数据!27:27))=2,"×","")))} | W26: =IF(原始数据!Z27="","",IF(COUNTIF(原始数据!27:27,原始数据!Z27)>1,"×","")) | X26: =IF(原始数据!AA27="","",IF(COUNTIF(原始数据!27:27,原始数据!AA27)>1,"×","")) | Y26: =IF(原始数据!AE27="","",IF(COUNTIF(原始数据!27:27,原始数据!AE27)>1,"×","")) | Z26: =IF(原始数据!AF27="","",IF(COUNTIF(原始数据!27:27,原始数据!AF27)>1,"×","")) | AA26: =IF(原始数据!AI27="","",IF(COUNTIF(原始数据!27:27,原始数据!AI27)>1,"×","")) | AB26: =IF(原始数据!AJ27="","",IF(COUNTIF(原始数据!27:27,原始数据!AJ27)>1,"×","")) | AC26: =IF(原始数据!AO27="","",IF(COUNTIF(原始数据!27:27,原始数据!AO27)>1,"×","")) | AD26: =IF(原始数据!AP27="","",IF(COUNTIF(原始数据!27:27,原始数据!AP27)>1,"×","")) | AE26: =IF(原始数据!AQ27="","",IF(COUNTIF(原始数据!27:27,原始数据!AQ27)>1,"×","")) | AF26: =IF(原始数据!AR27="","",IF(COUNTIF(原始数据!27:27,原始数据!AR27)>1,"×","")) | AG26: =IF(原始数据!AS27="","",IF(COUNTIF(原始数据!27:27,原始数据!AS27)>1,"×","")) | AH26: =IF(原始数据!AT27="","",IF(COUNTIF(原始数据!27:27,原始数据!AT27)>1,"×","")) | AI26: =IF(原始数据!AU27="","",IF(COUNTIF(原始数据!27:27,原始数据!AU27)>1,"×","")) | AJ26: =IF(原始数据!AV27="","",IF(COUNTIF(原始数据!27:27,原始数据!AV27)>1,"×","")) | ... AN26: =IF(原始数据!AZ27="","",IF(COUNTIF(原始数据!27:27,原始数据!AZ27)>1,"×",""))
A27: =IF(IFERROR(原始数据!B28,"×")="×","×","") | B27: =IF(IFERROR(原始数据!C28,"×")="×","×","") | C27: =IF(IFERROR(原始数据!D28,"×")="×","×","") | D27: =IF(IFERROR(原始数据!E28,"×")="×","×","") | E27: =IF(IFERROR(原始数据!F28,"×")="×","×","") | F27: =IF(IFERROR(原始数据!G28,"×")="×","×","") | G27: =IF(IFERROR(原始数据!H28,"×")="×","×","") | H27: =IF(IFERROR(原始数据!I28,"×")="×","×","") | ... T27: =IF(IFERROR(原始数据!U28,"×")="×","×","") | U27: {=IF(原始数据!W28="-","",IF(原始数据!W28="","",IF(COUNT(FIND(原始数据!W28,原始数据!28:28))=2,"×","")))} | V27: {=IF(原始数据!Y28="-","",IF(原始数据!Y28="","",IF(COUNT(FIND(原始数据!Y28,原始数据!28:28))=2,"×","")))} | W27: =IF(原始数据!Z28="","",IF(COUNTIF(原始数据!28:28,原始数据!Z28)>1,"×","")) | X27: =IF(原始数据!AA28="","",IF(COUNTIF(原始数据!28:28,原始数据!AA28)>1,"×","")) | Y27: =IF(原始数据!AE28="","",IF(COUNTIF(原始数据!28:28,原始数据!AE28)>1,"×","")) | Z27: =IF(原始数据!AF28="","",IF(COUNTIF(原始数据!28:28,原始数据!AF28)>1,"×","")) | AA27: =IF(原始数据!AI28="","",IF(COUNTIF(原始数据!28:28,原始数据!AI28)>1,"×","")) | AB27: =IF(原始数据!AJ28="","",IF(COUNTIF(原始数据!28:28,原始数据!AJ28)>1,"×","")) | AC27: =IF(原始数据!AO28="","",IF(COUNTIF(原始数据!28:28,原始数据!AO28)>1,"×","")) | AD27: =IF(原始数据!AP28="","",IF(COUNTIF(原始数据!28:28,原始数据!AP28)>1,"×","")) | AE27: =IF(原始数据!AQ28="","",IF(COUNTIF(原始数据!28:28,原始数据!AQ28)>1,"×","")) | AF27: =IF(原始数据!AR28="","",IF(COUNTIF(原始数据!28:28,原始数据!AR28)>1,"×","")) | AG27: =IF(原始数据!AS28="","",IF(COUNTIF(原始数据!28:28,原始数据!AS28)>1,"×","")) | AH27: =IF(原始数据!AT28="","",IF(COUNTIF(原始数据!28:28,原始数据!AT28)>1,"×","")) | AI27: =IF(原始数据!AU28="","",IF(COUNTIF(原始数据!28:28,原始数据!AU28)>1,"×","")) | AJ27: =IF(原始数据!AV28="","",IF(COUNTIF(原始数据!28:28,原始数据!AV28)>1,"×","")) | ... AN27: =IF(原始数据!AZ28="","",IF(COUNTIF(原始数据!28:28,原始数据!AZ28)>1,"×",""))
A28: =IF(IFERROR(原始数据!B29,"×")="×","×","") | B28: =IF(IFERROR(原始数据!C29,"×")="×","×","") | C28: =IF(IFERROR(原始数据!D29,"×")="×","×","") | D28: =IF(IFERROR(原始数据!E29,"×")="×","×","") | E28: =IF(IFERROR(原始数据!F29,"×")="×","×","") | F28: =IF(IFERROR(原始数据!G29,"×")="×","×","") | G28: =IF(IFERROR(原始数据!H29,"×")="×","×","") | H28: =IF(IFERROR(原始数据!I29,"×")="×","×","") | ... T28: =IF(IFERROR(原始数据!U29,"×")="×","×","") | U28: {=IF(原始数据!W29="-","",IF(原始数据!W29="","",IF(COUNT(FIND(原始数据!W29,原始数据!29:29))=2,"×","")))} | V28: {=IF(原始数据!Y29="-","",IF(原始数据!Y29="","",IF(COUNT(FIND(原始数据!Y29,原始数据!29:29))=2,"×","")))} | W28: =IF(原始数据!Z29="","",IF(COUNTIF(原始数据!29:29,原始数据!Z29)>1,"×","")) | X28: =IF(原始数据!AA29="","",IF(COUNTIF(原始数据!29:29,原始数据!AA29)>1,"×","")) | Y28: =IF(原始数据!AE29="","",IF(COUNTIF(原始数据!29:29,原始数据!AE29)>1,"×","")) | Z28: =IF(原始数据!AF29="","",IF(COUNTIF(原始数据!29:29,原始数据!AF29)>1,"×","")) | AA28: =IF(原始数据!AI29="","",IF(COUNTIF(原始数据!29:29,原始数据!AI29)>1,"×","")) | AB28: =IF(原始数据!AJ29="","",IF(COUNTIF(原始数据!29:29,原始数据!AJ29)>1,"×","")) | AC28: =IF(原始数据!AO29="","",IF(COUNTIF(原始数据!29:29,原始数据!AO29)>1,"×","")) | AD28: =IF(原始数据!AP29="","",IF(COUNTIF(原始数据!29:29,原始数据!AP29)>1,"×","")) | AE28: =IF(原始数据!AQ29="","",IF(COUNTIF(原始数据!29:29,原始数据!AQ29)>1,"×","")) | AF28: =IF(原始数据!AR29="","",IF(COUNTIF(原始数据!29:29,原始数据!AR29)>1,"×","")) | AG28: =IF(原始数据!AS29="","",IF(COUNTIF(原始数据!29:29,原始数据!AS29)>1,"×","")) | AH28: =IF(原始数据!AT29="","",IF(COUNTIF(原始数据!29:29,原始数据!AT29)>1,"×","")) | AI28: =IF(原始数据!AU29="","",IF(COUNTIF(原始数据!29:29,原始数据!AU29)>1,"×","")) | AJ28: =IF(原始数据!AV29="","",IF(COUNTIF(原始数据!29:29,原始数据!AV29)>1,"×","")) | ... AN28: =IF(原始数据!AZ29="","",IF(COUNTIF(原始数据!29:29,原始数据!AZ29)>1,"×",""))
A29: =IF(IFERROR(原始数据!B30,"×")="×","×","") | B29: =IF(IFERROR(原始数据!C30,"×")="×","×","") | C29: =IF(IFERROR(原始数据!D30,"×")="×","×","") | D29: =IF(IFERROR(原始数据!E30,"×")="×","×","") | E29: =IF(IFERROR(原始数据!F30,"×")="×","×","") | F29: =IF(IFERROR(原始数据!G30,"×")="×","×","") | G29: =IF(IFERROR(原始数据!H30,"×")="×","×","") | H29: =IF(IFERROR(原始数据!I30,"×")="×","×","") | ... T29: =IF(IFERROR(原始数据!U30,"×")="×","×","") | U29: {=IF(原始数据!W30="-","",IF(原始数据!W30="","",IF(COUNT(FIND(原始数据!W30,原始数据!30:30))=2,"×","")))} | V29: {=IF(原始数据!Y30="-","",IF(原始数据!Y30="","",IF(COUNT(FIND(原始数据!Y30,原始数据!30:30))=2,"×","")))} | W29: =IF(原始数据!Z30="","",IF(COUNTIF(原始数据!30:30,原始数据!Z30)>1,"×","")) | X29: =IF(原始数据!AA30="","",IF(COUNTIF(原始数据!30:30,原始数据!AA30)>1,"×","")) | Y29: =IF(原始数据!AE30="","",IF(COUNTIF(原始数据!30:30,原始数据!AE30)>1,"×","")) | Z29: =IF(原始数据!AF30="","",IF(COUNTIF(原始数据!30:30,原始数据!AF30)>1,"×","")) | AA29: =IF(原始数据!AI30="","",IF(COUNTIF(原始数据!30:30,原始数据!AI30)>1,"×","")) | AB29: =IF(原始数据!AJ30="","",IF(COUNTIF(原始数据!30:30,原始数据!AJ30)>1,"×","")) | AC29: =IF(原始数据!AO30="","",IF(COUNTIF(原始数据!30:30,原始数据!AO30)>1,"×","")) | AD29: =IF(原始数据!AP30="","",IF(COUNTIF(原始数据!30:30,原始数据!AP30)>1,"×","")) | AE29: =IF(原始数据!AQ30="","",IF(COUNTIF(原始数据!30:30,原始数据!AQ30)>1,"×","")) | AF29: =IF(原始数据!AR30="","",IF(COUNTIF(原始数据!30:30,原始数据!AR30)>1,"×","")) | AG29: =IF(原始数据!AS30="","",IF(COUNTIF(原始数据!30:30,原始数据!AS30)>1,"×","")) | AH29: =IF(原始数据!AT30="","",IF(COUNTIF(原始数据!30:30,原始数据!AT30)>1,"×","")) | AI29: =IF(原始数据!AU30="","",IF(COUNTIF(原始数据!30:30,原始数据!AU30)>1,"×","")) | AJ29: =IF(原始数据!AV30="","",IF(COUNTIF(原始数据!30:30,原始数据!AV30)>1,"×","")) | ... AN29: =IF(原始数据!AZ30="","",IF(COUNTIF(原始数据!30:30,原始数据!AZ30)>1,"×",""))
A30: =IF(IFERROR(原始数据!B31,"×")="×","×","") | B30: =IF(IFERROR(原始数据!C31,"×")="×","×","") | C30: =IF(IFERROR(原始数据!D31,"×")="×","×","") | D30: =IF(IFERROR(原始数据!E31,"×")="×","×","") | E30: =IF(IFERROR(原始数据!F31,"×")="×","×","") | F30: =IF(IFERROR(原始数据!G31,"×")="×","×","") | G30: =IF(IFERROR(原始数据!H31,"×")="×","×","") | H30: =IF(IFERROR(原始数据!I31,"×")="×","×","") | ... T30: =IF(IFERROR(原始数据!U31,"×")="×","×","") | U30: {=IF(原始数据!W31="-","",IF(原始数据!W31="","",IF(COUNT(FIND(原始数据!W31,原始数据!31:31))=2,"×","")))} | V30: {=IF(原始数据!Y31="-","",IF(原始数据!Y31="","",IF(COUNT(FIND(原始数据!Y31,原始数据!31:31))=2,"×","")))} | W30: =IF(原始数据!Z31="","",IF(COUNTIF(原始数据!31:31,原始数据!Z31)>1,"×","")) | X30: =IF(原始数据!AA31="","",IF(COUNTIF(原始数据!31:31,原始数据!AA31)>1,"×","")) | Y30: =IF(原始数据!AE31="","",IF(COUNTIF(原始数据!31:31,原始数据!AE31)>1,"×","")) | Z30: =IF(原始数据!AF31="","",IF(COUNTIF(原始数据!31:31,原始数据!AF31)>1,"×","")) | AA30: =IF(原始数据!AI31="","",IF(COUNTIF(原始数据!31:31,原始数据!AI31)>1,"×","")) | AB30: =IF(原始数据!AJ31="","",IF(COUNTIF(原始数据!31:31,原始数据!AJ31)>1,"×","")) | AC30: =IF(原始数据!AO31="","",IF(COUNTIF(原始数据!31:31,原始数据!AO31)>1,"×","")) | AD30: =IF(原始数据!AP31="","",IF(COUNTIF(原始数据!31:31,原始数据!AP31)>1,"×","")) | AE30: =IF(原始数据!AQ31="","",IF(COUNTIF(原始数据!31:31,原始数据!AQ31)>1,"×","")) | AF30: =IF(原始数据!AR31="","",IF(COUNTIF(原始数据!31:31,原始数据!AR31)>1,"×","")) | AG30: =IF(原始数据!AS31="","",IF(COUNTIF(原始数据!31:31,原始数据!AS31)>1,"×","")) | AH30: =IF(原始数据!AT31="","",IF(COUNTIF(原始数据!31:31,原始数据!AT31)>1,"×","")) | AI30: =IF(原始数据!AU31="","",IF(COUNTIF(原始数据!31:31,原始数据!AU31)>1,"×","")) | AJ30: =IF(原始数据!AV31="","",IF(COUNTIF(原始数据!31:31,原始数据!AV31)>1,"×","")) | ... AN30: =IF(原始数据!AZ31="","",IF(COUNTIF(原始数据!31:31,原始数据!AZ31)>1,"×",""))
A31: =IF(IFERROR(原始数据!B32,"×")="×","×","") | B31: =IF(IFERROR(原始数据!C32,"×")="×","×","") | C31: =IF(IFERROR(原始数据!D32,"×")="×","×","") | D31: =IF(IFERROR(原始数据!E32,"×")="×","×","") | E31: =IF(IFERROR(原始数据!F32,"×")="×","×","") | F31: =IF(IFERROR(原始数据!G32,"×")="×","×","") | G31: =IF(IFERROR(原始数据!H32,"×")="×","×","") | H31: =IF(IFERROR(原始数据!I32,"×")="×","×","") | ... T31: =IF(IFERROR(原始数据!U32,"×")="×","×","") | U31: {=IF(原始数据!W32="-","",IF(原始数据!W32="","",IF(COUNT(FIND(原始数据!W32,原始数据!32:32))=2,"×","")))} | V31: {=IF(原始数据!Y32="-","",IF(原始数据!Y32="","",IF(COUNT(FIND(原始数据!Y32,原始数据!32:32))=2,"×","")))} | W31: =IF(原始数据!Z32="","",IF(COUNTIF(原始数据!32:32,原始数据!Z32)>1,"×","")) | X31: =IF(原始数据!AA32="","",IF(COUNTIF(原始数据!32:32,原始数据!AA32)>1,"×","")) | Y31: =IF(原始数据!AE32="","",IF(COUNTIF(原始数据!32:32,原始数据!AE32)>1,"×","")) | Z31: =IF(原始数据!AF32="","",IF(COUNTIF(原始数据!32:32,原始数据!AF32)>1,"×","")) | AA31: =IF(原始数据!AI32="","",IF(COUNTIF(原始数据!32:32,原始数据!AI32)>1,"×","")) | AB31: =IF(原始数据!AJ32="","",IF(COUNTIF(原始数据!32:32,原始数据!AJ32)>1,"×","")) | AC31: =IF(原始数据!AO32="","",IF(COUNTIF(原始数据!32:32,原始数据!AO32)>1,"×","")) | AD31: =IF(原始数据!AP32="","",IF(COUNTIF(原始数据!32:32,原始数据!AP32)>1,"×","")) | AE31: =IF(原始数据!AQ32="","",IF(COUNTIF(原始数据!32:32,原始数据!AQ32)>1,"×","")) | AF31: =IF(原始数据!AR32="","",IF(COUNTIF(原始数据!32:32,原始数据!AR32)>1,"×","")) | AG31: =IF(原始数据!AS32="","",IF(COUNTIF(原始数据!32:32,原始数据!AS32)>1,"×","")) | AH31: =IF(原始数据!AT32="","",IF(COUNTIF(原始数据!32:32,原始数据!AT32)>1,"×","")) | AI31: =IF(原始数据!AU32="","",IF(COUNTIF(原始数据!32:32,原始数据!AU32)>1,"×","")) | AJ31: =IF(原始数据!AV32="","",IF(COUNTIF(原始数据!32:32,原始数据!AV32)>1,"×","")) | ... AN31: =IF(原始数据!AZ32="","",IF(COUNTIF(原始数据!32:32,原始数据!AZ32)>1,"×",""))
A32: =IF(IFERROR(原始数据!B33,"×")="×","×","") | B32: =IF(IFERROR(原始数据!C33,"×")="×","×","") | C32: =IF(IFERROR(原始数据!D33,"×")="×","×","") | D32: =IF(IFERROR(原始数据!E33,"×")="×","×","") | E32: =IF(IFERROR(原始数据!F33,"×")="×","×","") | F32: =IF(IFERROR(原始数据!G33,"×")="×","×","") | G32: =IF(IFERROR(原始数据!H33,"×")="×","×","") | H32: =IF(IFERROR(原始数据!I33,"×")="×","×","") | ... T32: =IF(IFERROR(原始数据!U33,"×")="×","×","") | U32: {=IF(原始数据!W33="-","",IF(原始数据!W33="","",IF(COUNT(FIND(原始数据!W33,原始数据!33:33))=2,"×","")))} | V32: {=IF(原始数据!Y33="-","",IF(原始数据!Y33="","",IF(COUNT(FIND(原始数据!Y33,原始数据!33:33))=2,"×","")))} | W32: =IF(原始数据!Z33="","",IF(COUNTIF(原始数据!33:33,原始数据!Z33)>1,"×","")) | X32: =IF(原始数据!AA33="","",IF(COUNTIF(原始数据!33:33,原始数据!AA33)>1,"×","")) | Y32: =IF(原始数据!AE33="","",IF(COUNTIF(原始数据!33:33,原始数据!AE33)>1,"×","")) | Z32: =IF(原始数据!AF33="","",IF(COUNTIF(原始数据!33:33,原始数据!AF33)>1,"×","")) | AA32: =IF(原始数据!AI33="","",IF(COUNTIF(原始数据!33:33,原始数据!AI33)>1,"×","")) | AB32: =IF(原始数据!AJ33="","",IF(COUNTIF(原始数据!33:33,原始数据!AJ33)>1,"×","")) | AC32: =IF(原始数据!AO33="","",IF(COUNTIF(原始数据!33:33,原始数据!AO33)>1,"×","")) | AD32: =IF(原始数据!AP33="","",IF(COUNTIF(原始数据!33:33,原始数据!AP33)>1,"×","")) | AE32: =IF(原始数据!AQ33="","",IF(COUNTIF(原始数据!33:33,原始数据!AQ33)>1,"×","")) | AF32: =IF(原始数据!AR33="","",IF(COUNTIF(原始数据!33:33,原始数据!AR33)>1,"×","")) | AG32: =IF(原始数据!AS33="","",IF(COUNTIF(原始数据!33:33,原始数据!AS33)>1,"×","")) | AH32: =IF(原始数据!AT33="","",IF(COUNTIF(原始数据!33:33,原始数据!AT33)>1,"×","")) | AI32: =IF(原始数据!AU33="","",IF(COUNTIF(原始数据!33:33,原始数据!AU33)>1,"×","")) | AJ32: =IF(原始数据!AV33="","",IF(COUNTIF(原始数据!33:33,原始数据!AV33)>1,"×","")) | ... AN32: =IF(原始数据!AZ33="","",IF(COUNTIF(原始数据!33:33,原始数据!AZ33)>1,"×",""))
A33: =IF(IFERROR(原始数据!B34,"×")="×","×","") | B33: =IF(IFERROR(原始数据!C34,"×")="×","×","") | C33: =IF(IFERROR(原始数据!D34,"×")="×","×","") | D33: =IF(IFERROR(原始数据!E34,"×")="×","×","") | E33: =IF(IFERROR(原始数据!F34,"×")="×","×","") | F33: =IF(IFERROR(原始数据!G34,"×")="×","×","") | G33: =IF(IFERROR(原始数据!H34,"×")="×","×","") | H33: =IF(IFERROR(原始数据!I34,"×")="×","×","") | ... T33: =IF(IFERROR(原始数据!U34,"×")="×","×","") | U33: {=IF(原始数据!W34="-","",IF(原始数据!W34="","",IF(COUNT(FIND(原始数据!W34,原始数据!34:34))=2,"×","")))} | V33: {=IF(原始数据!Y34="-","",IF(原始数据!Y34="","",IF(COUNT(FIND(原始数据!Y34,原始数据!34:34))=2,"×","")))} | W33: =IF(原始数据!Z34="","",IF(COUNTIF(原始数据!34:34,原始数据!Z34)>1,"×","")) | X33: =IF(原始数据!AA34="","",IF(COUNTIF(原始数据!34:34,原始数据!AA34)>1,"×","")) | Y33: =IF(原始数据!AE34="","",IF(COUNTIF(原始数据!34:34,原始数据!AE34)>1,"×","")) | Z33: =IF(原始数据!AF34="","",IF(COUNTIF(原始数据!34:34,原始数据!AF34)>1,"×","")) | AA33: =IF(原始数据!AI34="","",IF(COUNTIF(原始数据!34:34,原始数据!AI34)>1,"×","")) | AB33: =IF(原始数据!AJ34="","",IF(COUNTIF(原始数据!34:34,原始数据!AJ34)>1,"×","")) | AC33: =IF(原始数据!AO34="","",IF(COUNTIF(原始数据!34:34,原始数据!AO34)>1,"×","")) | AD33: =IF(原始数据!AP34="","",IF(COUNTIF(原始数据!34:34,原始数据!AP34)>1,"×","")) | AE33: =IF(原始数据!AQ34="","",IF(COUNTIF(原始数据!34:34,原始数据!AQ34)>1,"×","")) | AF33: =IF(原始数据!AR34="","",IF(COUNTIF(原始数据!34:34,原始数据!AR34)>1,"×","")) | AG33: =IF(原始数据!AS34="","",IF(COUNTIF(原始数据!34:34,原始数据!AS34)>1,"×","")) | AH33: =IF(原始数据!AT34="","",IF(COUNTIF(原始数据!34:34,原始数据!AT34)>1,"×","")) | AI33: =IF(原始数据!AU34="","",IF(COUNTIF(原始数据!34:34,原始数据!AU34)>1,"×","")) | AJ33: =IF(原始数据!AV34="","",IF(COUNTIF(原始数据!34:34,原始数据!AV34)>1,"×","")) | ... AN33: =IF(原始数据!AZ34="","",IF(COUNTIF(原始数据!34:34,原始数据!AZ34)>1,"×",""))
A34: =IF(IFERROR(原始数据!B35,"×")="×","×","") | B34: =IF(IFERROR(原始数据!C35,"×")="×","×","") | C34: =IF(IFERROR(原始数据!D35,"×")="×","×","") | D34: =IF(IFERROR(原始数据!E35,"×")="×","×","") | E34: =IF(IFERROR(原始数据!F35,"×")="×","×","") | F34: =IF(IFERROR(原始数据!G35,"×")="×","×","") | G34: =IF(IFERROR(原始数据!H35,"×")="×","×","") | H34: =IF(IFERROR(原始数据!I35,"×")="×","×","") | ... T34: =IF(IFERROR(原始数据!U35,"×")="×","×","") | U34: {=IF(原始数据!W35="-","",IF(原始数据!W35="","",IF(COUNT(FIND(原始数据!W35,原始数据!35:35))=2,"×","")))} | V34: {=IF(原始数据!Y35="-","",IF(原始数据!Y35="","",IF(COUNT(FIND(原始数据!Y35,原始数据!35:35))=2,"×","")))} | W34: =IF(原始数据!Z35="","",IF(COUNTIF(原始数据!35:35,原始数据!Z35)>1,"×","")) | X34: =IF(原始数据!AA35="","",IF(COUNTIF(原始数据!35:35,原始数据!AA35)>1,"×","")) | Y34: =IF(原始数据!AE35="","",IF(COUNTIF(原始数据!35:35,原始数据!AE35)>1,"×","")) | Z34: =IF(原始数据!AF35="","",IF(COUNTIF(原始数据!35:35,原始数据!AF35)>1,"×","")) | AA34: =IF(原始数据!AI35="","",IF(COUNTIF(原始数据!35:35,原始数据!AI35)>1,"×","")) | AB34: =IF(原始数据!AJ35="","",IF(COUNTIF(原始数据!35:35,原始数据!AJ35)>1,"×","")) | AC34: =IF(原始数据!AO35="","",IF(COUNTIF(原始数据!35:35,原始数据!AO35)>1,"×","")) | AD34: =IF(原始数据!AP35="","",IF(COUNTIF(原始数据!35:35,原始数据!AP35)>1,"×","")) | AE34: =IF(原始数据!AQ35="","",IF(COUNTIF(原始数据!35:35,原始数据!AQ35)>1,"×","")) | AF34: =IF(原始数据!AR35="","",IF(COUNTIF(原始数据!35:35,原始数据!AR35)>1,"×","")) | AG34: =IF(原始数据!AS35="","",IF(COUNTIF(原始数据!35:35,原始数据!AS35)>1,"×","")) | AH34: =IF(原始数据!AT35="","",IF(COUNTIF(原始数据!35:35,原始数据!AT35)>1,"×","")) | AI34: =IF(原始数据!AU35="","",IF(COUNTIF(原始数据!35:35,原始数据!AU35)>1,"×","")) | AJ34: =IF(原始数据!AV35="","",IF(COUNTIF(原始数据!35:35,原始数据!AV35)>1,"×","")) | ... AN34: =IF(原始数据!AZ35="","",IF(COUNTIF(原始数据!35:35,原始数据!AZ35)>1,"×",""))
A35: =IF(IFERROR(原始数据!B36,"×")="×","×","") | B35: =IF(IFERROR(原始数据!C36,"×")="×","×","") | C35: =IF(IFERROR(原始数据!D36,"×")="×","×","") | D35: =IF(IFERROR(原始数据!E36,"×")="×","×","") | E35: =IF(IFERROR(原始数据!F36,"×")="×","×","") | F35: =IF(IFERROR(原始数据!G36,"×")="×","×","") | G35: =IF(IFERROR(原始数据!H36,"×")="×","×","") | H35: =IF(IFERROR(原始数据!I36,"×")="×","×","") | ... T35: =IF(IFERROR(原始数据!U36,"×")="×","×","") | U35: {=IF(原始数据!W36="-","",IF(原始数据!W36="","",IF(COUNT(FIND(原始数据!W36,原始数据!36:36))=2,"×","")))} | V35: {=IF(原始数据!Y36="-","",IF(原始数据!Y36="","",IF(COUNT(FIND(原始数据!Y36,原始数据!36:36))=2,"×","")))} | W35: =IF(原始数据!Z36="","",IF(COUNTIF(原始数据!36:36,原始数据!Z36)>1,"×","")) | X35: =IF(原始数据!AA36="","",IF(COUNTIF(原始数据!36:36,原始数据!AA36)>1,"×","")) | Y35: =IF(原始数据!AE36="","",IF(COUNTIF(原始数据!36:36,原始数据!AE36)>1,"×","")) | Z35: =IF(原始数据!AF36="","",IF(COUNTIF(原始数据!36:36,原始数据!AF36)>1,"×","")) | AA35: =IF(原始数据!AI36="","",IF(COUNTIF(原始数据!36:36,原始数据!AI36)>1,"×","")) | AB35: =IF(原始数据!AJ36="","",IF(COUNTIF(原始数据!36:36,原始数据!AJ36)>1,"×","")) | AC35: =IF(原始数据!AO36="","",IF(COUNTIF(原始数据!36:36,原始数据!AO36)>1,"×","")) | AD35: =IF(原始数据!AP36="","",IF(COUNTIF(原始数据!36:36,原始数据!AP36)>1,"×","")) | AE35: =IF(原始数据!AQ36="","",IF(COUNTIF(原始数据!36:36,原始数据!AQ36)>1,"×","")) | AF35: =IF(原始数据!AR36="","",IF(COUNTIF(原始数据!36:36,原始数据!AR36)>1,"×","")) | AG35: =IF(原始数据!AS36="","",IF(COUNTIF(原始数据!36:36,原始数据!AS36)>1,"×","")) | AH35: =IF(原始数据!AT36="","",IF(COUNTIF(原始数据!36:36,原始数据!AT36)>1,"×","")) | AI35: =IF(原始数据!AU36="","",IF(COUNTIF(原始数据!36:36,原始数据!AU36)>1,"×","")) | AJ35: =IF(原始数据!AV36="","",IF(COUNTIF(原始数据!36:36,原始数据!AV36)>1,"×","")) | ... AN35: =IF(原始数据!AZ36="","",IF(COUNTIF(原始数据!36:36,原始数据!AZ36)>1,"×",""))
A36: =IF(IFERROR(原始数据!B37,"×")="×","×","") | B36: =IF(IFERROR(原始数据!C37,"×")="×","×","") | C36: =IF(IFERROR(原始数据!D37,"×")="×","×","") | D36: =IF(IFERROR(原始数据!E37,"×")="×","×","") | E36: =IF(IFERROR(原始数据!F37,"×")="×","×","") | F36: =IF(IFERROR(原始数据!G37,"×")="×","×","") | G36: =IF(IFERROR(原始数据!H37,"×")="×","×","") | H36: =IF(IFERROR(原始数据!I37,"×")="×","×","") | ... T36: =IF(IFERROR(原始数据!U37,"×")="×","×","") | U36: {=IF(原始数据!W37="-","",IF(原始数据!W37="","",IF(COUNT(FIND(原始数据!W37,原始数据!37:37))=2,"×","")))} | V36: {=IF(原始数据!Y37="-","",IF(原始数据!Y37="","",IF(COUNT(FIND(原始数据!Y37,原始数据!37:37))=2,"×","")))} | W36: =IF(原始数据!Z37="","",IF(COUNTIF(原始数据!37:37,原始数据!Z37)>1,"×","")) | X36: =IF(原始数据!AA37="","",IF(COUNTIF(原始数据!37:37,原始数据!AA37)>1,"×","")) | Y36: =IF(原始数据!AE37="","",IF(COUNTIF(原始数据!37:37,原始数据!AE37)>1,"×","")) | Z36: =IF(原始数据!AF37="","",IF(COUNTIF(原始数据!37:37,原始数据!AF37)>1,"×","")) | AA36: =IF(原始数据!AI37="","",IF(COUNTIF(原始数据!37:37,原始数据!AI37)>1,"×","")) | AB36: =IF(原始数据!AJ37="","",IF(COUNTIF(原始数据!37:37,原始数据!AJ37)>1,"×","")) | AC36: =IF(原始数据!AO37="","",IF(COUNTIF(原始数据!37:37,原始数据!AO37)>1,"×","")) | AD36: =IF(原始数据!AP37="","",IF(COUNTIF(原始数据!37:37,原始数据!AP37)>1,"×","")) | AE36: =IF(原始数据!AQ37="","",IF(COUNTIF(原始数据!37:37,原始数据!AQ37)>1,"×","")) | AF36: =IF(原始数据!AR37="","",IF(COUNTIF(原始数据!37:37,原始数据!AR37)>1,"×","")) | AG36: =IF(原始数据!AS37="","",IF(COUNTIF(原始数据!37:37,原始数据!AS37)>1,"×","")) | AH36: =IF(原始数据!AT37="","",IF(COUNTIF(原始数据!37:37,原始数据!AT37)>1,"×","")) | AI36: =IF(原始数据!AU37="","",IF(COUNTIF(原始数据!37:37,原始数据!AU37)>1,"×","")) | AJ36: =IF(原始数据!AV37="","",IF(COUNTIF(原始数据!37:37,原始数据!AV37)>1,"×","")) | ... AN36: =IF(原始数据!AZ37="","",IF(COUNTIF(原始数据!37:37,原始数据!AZ37)>1,"×",""))
A37: =IF(IFERROR(原始数据!B38,"×")="×","×","") | B37: =IF(IFERROR(原始数据!C38,"×")="×","×","") | C37: =IF(IFERROR(原始数据!D38,"×")="×","×","") | D37: =IF(IFERROR(原始数据!E38,"×")="×","×","") | E37: =IF(IFERROR(原始数据!F38,"×")="×","×","") | F37: =IF(IFERROR(原始数据!G38,"×")="×","×","") | G37: =IF(IFERROR(原始数据!H38,"×")="×","×","") | H37: =IF(IFERROR(原始数据!I38,"×")="×","×","") | ... T37: =IF(IFERROR(原始数据!U38,"×")="×","×","") | U37: {=IF(原始数据!W38="-","",IF(原始数据!W38="","",IF(COUNT(FIND(原始数据!W38,原始数据!38:38))=2,"×","")))} | V37: {=IF(原始数据!Y38="-","",IF(原始数据!Y38="","",IF(COUNT(FIND(原始数据!Y38,原始数据!38:38))=2,"×","")))} | W37: =IF(原始数据!Z38="","",IF(COUNTIF(原始数据!38:38,原始数据!Z38)>1,"×","")) | X37: =IF(原始数据!AA38="","",IF(COUNTIF(原始数据!38:38,原始数据!AA38)>1,"×","")) | Y37: =IF(原始数据!AE38="","",IF(COUNTIF(原始数据!38:38,原始数据!AE38)>1,"×","")) | Z37: =IF(原始数据!AF38="","",IF(COUNTIF(原始数据!38:38,原始数据!AF38)>1,"×","")) | AA37: =IF(原始数据!AI38="","",IF(COUNTIF(原始数据!38:38,原始数据!AI38)>1,"×","")) | AB37: =IF(原始数据!AJ38="","",IF(COUNTIF(原始数据!38:38,原始数据!AJ38)>1,"×","")) | AC37: =IF(原始数据!AO38="","",IF(COUNTIF(原始数据!38:38,原始数据!AO38)>1,"×","")) | AD37: =IF(原始数据!AP38="","",IF(COUNTIF(原始数据!38:38,原始数据!AP38)>1,"×","")) | AE37: =IF(原始数据!AQ38="","",IF(COUNTIF(原始数据!38:38,原始数据!AQ38)>1,"×","")) | AF37: =IF(原始数据!AR38="","",IF(COUNTIF(原始数据!38:38,原始数据!AR38)>1,"×","")) | AG37: =IF(原始数据!AS38="","",IF(COUNTIF(原始数据!38:38,原始数据!AS38)>1,"×","")) | AH37: =IF(原始数据!AT38="","",IF(COUNTIF(原始数据!38:38,原始数据!AT38)>1,"×","")) | AI37: =IF(原始数据!AU38="","",IF(COUNTIF(原始数据!38:38,原始数据!AU38)>1,"×","")) | AJ37: =IF(原始数据!AV38="","",IF(COUNTIF(原始数据!38:38,原始数据!AV38)>1,"×","")) | ... AN37: =IF(原始数据!AZ38="","",IF(COUNTIF(原始数据!38:38,原始数据!AZ38)>1,"×",""))
A38: =IF(IFERROR(原始数据!B39,"×")="×","×","") | B38: =IF(IFERROR(原始数据!C39,"×")="×","×","") | C38: =IF(IFERROR(原始数据!D39,"×")="×","×","") | D38: =IF(IFERROR(原始数据!E39,"×")="×","×","") | E38: =IF(IFERROR(原始数据!F39,"×")="×","×","") | F38: =IF(IFERROR(原始数据!G39,"×")="×","×","") | G38: =IF(IFERROR(原始数据!H39,"×")="×","×","") | H38: =IF(IFERROR(原始数据!I39,"×")="×","×","") | ... T38: =IF(IFERROR(原始数据!U39,"×")="×","×","") | U38: {=IF(原始数据!W39="-","",IF(原始数据!W39="","",IF(COUNT(FIND(原始数据!W39,原始数据!39:39))=2,"×","")))} | V38: {=IF(原始数据!Y39="-","",IF(原始数据!Y39="","",IF(COUNT(FIND(原始数据!Y39,原始数据!39:39))=2,"×","")))} | W38: =IF(原始数据!Z39="","",IF(COUNTIF(原始数据!39:39,原始数据!Z39)>1,"×","")) | X38: =IF(原始数据!AA39="","",IF(COUNTIF(原始数据!39:39,原始数据!AA39)>1,"×","")) | Y38: =IF(原始数据!AE39="","",IF(COUNTIF(原始数据!39:39,原始数据!AE39)>1,"×","")) | Z38: =IF(原始数据!AF39="","",IF(COUNTIF(原始数据!39:39,原始数据!AF39)>1,"×","")) | AA38: =IF(原始数据!AI39="","",IF(COUNTIF(原始数据!39:39,原始数据!AI39)>1,"×","")) | AB38: =IF(原始数据!AJ39="","",IF(COUNTIF(原始数据!39:39,原始数据!AJ39)>1,"×","")) | AC38: =IF(原始数据!AO39="","",IF(COUNTIF(原始数据!39:39,原始数据!AO39)>1,"×","")) | AD38: =IF(原始数据!AP39="","",IF(COUNTIF(原始数据!39:39,原始数据!AP39)>1,"×","")) | AE38: =IF(原始数据!AQ39="","",IF(COUNTIF(原始数据!39:39,原始数据!AQ39)>1,"×","")) | AF38: =IF(原始数据!AR39="","",IF(COUNTIF(原始数据!39:39,原始数据!AR39)>1,"×","")) | AG38: =IF(原始数据!AS39="","",IF(COUNTIF(原始数据!39:39,原始数据!AS39)>1,"×","")) | AH38: =IF(原始数据!AT39="","",IF(COUNTIF(原始数据!39:39,原始数据!AT39)>1,"×","")) | AI38: =IF(原始数据!AU39="","",IF(COUNTIF(原始数据!39:39,原始数据!AU39)>1,"×","")) | AJ38: =IF(原始数据!AV39="","",IF(COUNTIF(原始数据!39:39,原始数据!AV39)>1,"×","")) | ... AN38: =IF(原始数据!AZ39="","",IF(COUNTIF(原始数据!39:39,原始数据!AZ39)>1,"×",""))
A39: =IF(IFERROR(原始数据!B40,"×")="×","×","") | B39: =IF(IFERROR(原始数据!C40,"×")="×","×","") | C39: =IF(IFERROR(原始数据!D40,"×")="×","×","") | D39: =IF(IFERROR(原始数据!E40,"×")="×","×","") | E39: =IF(IFERROR(原始数据!F40,"×")="×","×","") | F39: =IF(IFERROR(原始数据!G40,"×")="×","×","") | G39: =IF(IFERROR(原始数据!H40,"×")="×","×","") | H39: =IF(IFERROR(原始数据!I40,"×")="×","×","") | ... T39: =IF(IFERROR(原始数据!U40,"×")="×","×","") | U39: {=IF(原始数据!W40="-","",IF(原始数据!W40="","",IF(COUNT(FIND(原始数据!W40,原始数据!40:40))=2,"×","")))} | V39: {=IF(原始数据!Y40="-","",IF(原始数据!Y40="","",IF(COUNT(FIND(原始数据!Y40,原始数据!40:40))=2,"×","")))} | W39: =IF(原始数据!Z40="","",IF(COUNTIF(原始数据!40:40,原始数据!Z40)>1,"×","")) | X39: =IF(原始数据!AA40="","",IF(COUNTIF(原始数据!40:40,原始数据!AA40)>1,"×","")) | Y39: =IF(原始数据!AE40="","",IF(COUNTIF(原始数据!40:40,原始数据!AE40)>1,"×","")) | Z39: =IF(原始数据!AF40="","",IF(COUNTIF(原始数据!40:40,原始数据!AF40)>1,"×","")) | AA39: =IF(原始数据!AI40="","",IF(COUNTIF(原始数据!40:40,原始数据!AI40)>1,"×","")) | AB39: =IF(原始数据!AJ40="","",IF(COUNTIF(原始数据!40:40,原始数据!AJ40)>1,"×","")) | AC39: =IF(原始数据!AO40="","",IF(COUNTIF(原始数据!40:40,原始数据!AO40)>1,"×","")) | AD39: =IF(原始数据!AP40="","",IF(COUNTIF(原始数据!40:40,原始数据!AP40)>1,"×","")) | AE39: =IF(原始数据!AQ40="","",IF(COUNTIF(原始数据!40:40,原始数据!AQ40)>1,"×","")) | AF39: =IF(原始数据!AR40="","",IF(COUNTIF(原始数据!40:40,原始数据!AR40)>1,"×","")) | AG39: =IF(原始数据!AS40="","",IF(COUNTIF(原始数据!40:40,原始数据!AS40)>1,"×","")) | AH39: =IF(原始数据!AT40="","",IF(COUNTIF(原始数据!40:40,原始数据!AT40)>1,"×","")) | AI39: =IF(原始数据!AU40="","",IF(COUNTIF(原始数据!40:40,原始数据!AU40)>1,"×","")) | AJ39: =IF(原始数据!AV40="","",IF(COUNTIF(原始数据!40:40,原始数据!AV40)>1,"×","")) | ... AN39: =IF(原始数据!AZ40="","",IF(COUNTIF(原始数据!40:40,原始数据!AZ40)>1,"×",""))
A40: =IF(IFERROR(原始数据!B41,"×")="×","×","") | B40: =IF(IFERROR(原始数据!C41,"×")="×","×","") | C40: =IF(IFERROR(原始数据!D41,"×")="×","×","") | D40: =IF(IFERROR(原始数据!E41,"×")="×","×","") | E40: =IF(IFERROR(原始数据!F41,"×")="×","×","") | F40: =IF(IFERROR(原始数据!G41,"×")="×","×","") | G40: =IF(IFERROR(原始数据!H41,"×")="×","×","") | H40: =IF(IFERROR(原始数据!I41,"×")="×","×","") | ... T40: =IF(IFERROR(原始数据!U41,"×")="×","×","") | U40: {=IF(原始数据!W41="-","",IF(原始数据!W41="","",IF(COUNT(FIND(原始数据!W41,原始数据!41:41))=2,"×","")))} | V40: {=IF(原始数据!Y41="-","",IF(原始数据!Y41="","",IF(COUNT(FIND(原始数据!Y41,原始数据!41:41))=2,"×","")))} | W40: =IF(原始数据!Z41="","",IF(COUNTIF(原始数据!41:41,原始数据!Z41)>1,"×","")) | X40: =IF(原始数据!AA41="","",IF(COUNTIF(原始数据!41:41,原始数据!AA41)>1,"×","")) | Y40: =IF(原始数据!AE41="","",IF(COUNTIF(原始数据!41:41,原始数据!AE41)>1,"×","")) | Z40: =IF(原始数据!AF41="","",IF(COUNTIF(原始数据!41:41,原始数据!AF41)>1,"×","")) | AA40: =IF(原始数据!AI41="","",IF(COUNTIF(原始数据!41:41,原始数据!AI41)>1,"×","")) | AB40: =IF(原始数据!AJ41="","",IF(COUNTIF(原始数据!41:41,原始数据!AJ41)>1,"×","")) | AC40: =IF(原始数据!AO41="","",IF(COUNTIF(原始数据!41:41,原始数据!AO41)>1,"×","")) | AD40: =IF(原始数据!AP41="","",IF(COUNTIF(原始数据!41:41,原始数据!AP41)>1,"×","")) | AE40: =IF(原始数据!AQ41="","",IF(COUNTIF(原始数据!41:41,原始数据!AQ41)>1,"×","")) | AF40: =IF(原始数据!AR41="","",IF(COUNTIF(原始数据!41:41,原始数据!AR41)>1,"×","")) | AG40: =IF(原始数据!AS41="","",IF(COUNTIF(原始数据!41:41,原始数据!AS41)>1,"×","")) | AH40: =IF(原始数据!AT41="","",IF(COUNTIF(原始数据!41:41,原始数据!AT41)>1,"×","")) | AI40: =IF(原始数据!AU41="","",IF(COUNTIF(原始数据!41:41,原始数据!AU41)>1,"×","")) | AJ40: =IF(原始数据!AV41="","",IF(COUNTIF(原始数据!41:41,原始数据!AV41)>1,"×","")) | ... AN40: =IF(原始数据!AZ41="","",IF(COUNTIF(原始数据!41:41,原始数据!AZ41)>1,"×",""))
A41: =IF(IFERROR(原始数据!B42,"×")="×","×","") | B41: =IF(IFERROR(原始数据!C42,"×")="×","×","") | C41: =IF(IFERROR(原始数据!D42,"×")="×","×","") | D41: =IF(IFERROR(原始数据!E42,"×")="×","×","") | E41: =IF(IFERROR(原始数据!F42,"×")="×","×","") | F41: =IF(IFERROR(原始数据!G42,"×")="×","×","") | G41: =IF(IFERROR(原始数据!H42,"×")="×","×","") | H41: =IF(IFERROR(原始数据!I42,"×")="×","×","") | ... T41: =IF(IFERROR(原始数据!U42,"×")="×","×","") | U41: {=IF(原始数据!W42="-","",IF(原始数据!W42="","",IF(COUNT(FIND(原始数据!W42,原始数据!42:42))=2,"×","")))} | V41: {=IF(原始数据!Y42="-","",IF(原始数据!Y42="","",IF(COUNT(FIND(原始数据!Y42,原始数据!42:42))=2,"×","")))} | W41: =IF(原始数据!Z42="","",IF(COUNTIF(原始数据!42:42,原始数据!Z42)>1,"×","")) | X41: =IF(原始数据!AA42="","",IF(COUNTIF(原始数据!42:42,原始数据!AA42)>1,"×","")) | Y41: =IF(原始数据!AE42="","",IF(COUNTIF(原始数据!42:42,原始数据!AE42)>1,"×","")) | Z41: =IF(原始数据!AF42="","",IF(COUNTIF(原始数据!42:42,原始数据!AF42)>1,"×","")) | AA41: =IF(原始数据!AI42="","",IF(COUNTIF(原始数据!42:42,原始数据!AI42)>1,"×","")) | AB41: =IF(原始数据!AJ42="","",IF(COUNTIF(原始数据!42:42,原始数据!AJ42)>1,"×","")) | AC41: =IF(原始数据!AO42="","",IF(COUNTIF(原始数据!42:42,原始数据!AO42)>1,"×","")) | AD41: =IF(原始数据!AP42="","",IF(COUNTIF(原始数据!42:42,原始数据!AP42)>1,"×","")) | AE41: =IF(原始数据!AQ42="","",IF(COUNTIF(原始数据!42:42,原始数据!AQ42)>1,"×","")) | AF41: =IF(原始数据!AR42="","",IF(COUNTIF(原始数据!42:42,原始数据!AR42)>1,"×","")) | AG41: =IF(原始数据!AS42="","",IF(COUNTIF(原始数据!42:42,原始数据!AS42)>1,"×","")) | AH41: =IF(原始数据!AT42="","",IF(COUNTIF(原始数据!42:42,原始数据!AT42)>1,"×","")) | AI41: =IF(原始数据!AU42="","",IF(COUNTIF(原始数据!42:42,原始数据!AU42)>1,"×","")) | AJ41: =IF(原始数据!AV42="","",IF(COUNTIF(原始数据!42:42,原始数据!AV42)>1,"×","")) | ... AN41: =IF(原始数据!AZ42="","",IF(COUNTIF(原始数据!42:42,原始数据!AZ42)>1,"×",""))
A42: =IF(IFERROR(原始数据!B43,"×")="×","×","") | B42: =IF(IFERROR(原始数据!C43,"×")="×","×","") | C42: =IF(IFERROR(原始数据!D43,"×")="×","×","") | D42: =IF(IFERROR(原始数据!E43,"×")="×","×","") | E42: =IF(IFERROR(原始数据!F43,"×")="×","×","") | F42: =IF(IFERROR(原始数据!G43,"×")="×","×","") | G42: =IF(IFERROR(原始数据!H43,"×")="×","×","") | H42: =IF(IFERROR(原始数据!I43,"×")="×","×","") | ... T42: =IF(IFERROR(原始数据!U43,"×")="×","×","") | U42: {=IF(原始数据!W43="-","",IF(原始数据!W43="","",IF(COUNT(FIND(原始数据!W43,原始数据!43:43))=2,"×","")))} | V42: {=IF(原始数据!Y43="-","",IF(原始数据!Y43="","",IF(COUNT(FIND(原始数据!Y43,原始数据!43:43))=2,"×","")))} | W42: =IF(原始数据!Z43="","",IF(COUNTIF(原始数据!43:43,原始数据!Z43)>1,"×","")) | X42: =IF(原始数据!AA43="","",IF(COUNTIF(原始数据!43:43,原始数据!AA43)>1,"×","")) | Y42: =IF(原始数据!AE43="","",IF(COUNTIF(原始数据!43:43,原始数据!AE43)>1,"×","")) | Z42: =IF(原始数据!AF43="","",IF(COUNTIF(原始数据!43:43,原始数据!AF43)>1,"×","")) | AA42: =IF(原始数据!AI43="","",IF(COUNTIF(原始数据!43:43,原始数据!AI43)>1,"×","")) | AB42: =IF(原始数据!AJ43="","",IF(COUNTIF(原始数据!43:43,原始数据!AJ43)>1,"×","")) | AC42: =IF(原始数据!AO43="","",IF(COUNTIF(原始数据!43:43,原始数据!AO43)>1,"×","")) | AD42: =IF(原始数据!AP43="","",IF(COUNTIF(原始数据!43:43,原始数据!AP43)>1,"×","")) | AE42: =IF(原始数据!AQ43="","",IF(COUNTIF(原始数据!43:43,原始数据!AQ43)>1,"×","")) | AF42: =IF(原始数据!AR43="","",IF(COUNTIF(原始数据!43:43,原始数据!AR43)>1,"×","")) | AG42: =IF(原始数据!AS43="","",IF(COUNTIF(原始数据!43:43,原始数据!AS43)>1,"×","")) | AH42: =IF(原始数据!AT43="","",IF(COUNTIF(原始数据!43:43,原始数据!AT43)>1,"×","")) | AI42: =IF(原始数据!AU43="","",IF(COUNTIF(原始数据!43:43,原始数据!AU43)>1,"×","")) | AJ42: =IF(原始数据!AV43="","",IF(COUNTIF(原始数据!43:43,原始数据!AV43)>1,"×","")) | ... AN42: =IF(原始数据!AZ43="","",IF(COUNTIF(原始数据!43:43,原始数据!AZ43)>1,"×",""))
A43: =IF(IFERROR(原始数据!B44,"×")="×","×","") | B43: =IF(IFERROR(原始数据!C44,"×")="×","×","") | C43: =IF(IFERROR(原始数据!D44,"×")="×","×","") | D43: =IF(IFERROR(原始数据!E44,"×")="×","×","") | E43: =IF(IFERROR(原始数据!F44,"×")="×","×","") | F43: =IF(IFERROR(原始数据!G44,"×")="×","×","") | G43: =IF(IFERROR(原始数据!H44,"×")="×","×","") | H43: =IF(IFERROR(原始数据!I44,"×")="×","×","") | ... T43: =IF(IFERROR(原始数据!U44,"×")="×","×","") | U43: {=IF(原始数据!W44="-","",IF(原始数据!W44="","",IF(COUNT(FIND(原始数据!W44,原始数据!44:44))=2,"×","")))} | V43: {=IF(原始数据!Y44="-","",IF(原始数据!Y44="","",IF(COUNT(FIND(原始数据!Y44,原始数据!44:44))=2,"×","")))} | W43: =IF(原始数据!Z44="","",IF(COUNTIF(原始数据!44:44,原始数据!Z44)>1,"×","")) | X43: =IF(原始数据!AA44="","",IF(COUNTIF(原始数据!44:44,原始数据!AA44)>1,"×","")) | Y43: =IF(原始数据!AE44="","",IF(COUNTIF(原始数据!44:44,原始数据!AE44)>1,"×","")) | Z43: =IF(原始数据!AF44="","",IF(COUNTIF(原始数据!44:44,原始数据!AF44)>1,"×","")) | AA43: =IF(原始数据!AI44="","",IF(COUNTIF(原始数据!44:44,原始数据!AI44)>1,"×","")) | AB43: =IF(原始数据!AJ44="","",IF(COUNTIF(原始数据!44:44,原始数据!AJ44)>1,"×","")) | AC43: =IF(原始数据!AO44="","",IF(COUNTIF(原始数据!44:44,原始数据!AO44)>1,"×","")) | AD43: =IF(原始数据!AP44="","",IF(COUNTIF(原始数据!44:44,原始数据!AP44)>1,"×","")) | AE43: =IF(原始数据!AQ44="","",IF(COUNTIF(原始数据!44:44,原始数据!AQ44)>1,"×","")) | AF43: =IF(原始数据!AR44="","",IF(COUNTIF(原始数据!44:44,原始数据!AR44)>1,"×","")) | AG43: =IF(原始数据!AS44="","",IF(COUNTIF(原始数据!44:44,原始数据!AS44)>1,"×","")) | AH43: =IF(原始数据!AT44="","",IF(COUNTIF(原始数据!44:44,原始数据!AT44)>1,"×","")) | AI43: =IF(原始数据!AU44="","",IF(COUNTIF(原始数据!44:44,原始数据!AU44)>1,"×","")) | AJ43: =IF(原始数据!AV44="","",IF(COUNTIF(原始数据!44:44,原始数据!AV44)>1,"×","")) | ... AN43: =IF(原始数据!AZ44="","",IF(COUNTIF(原始数据!44:44,原始数据!AZ44)>1,"×",""))
A44: =IF(IFERROR(原始数据!B45,"×")="×","×","") | B44: =IF(IFERROR(原始数据!C45,"×")="×","×","") | C44: =IF(IFERROR(原始数据!D45,"×")="×","×","") | D44: =IF(IFERROR(原始数据!E45,"×")="×","×","") | E44: =IF(IFERROR(原始数据!F45,"×")="×","×","") | F44: =IF(IFERROR(原始数据!G45,"×")="×","×","") | G44: =IF(IFERROR(原始数据!H45,"×")="×","×","") | H44: =IF(IFERROR(原始数据!I45,"×")="×","×","") | ... T44: =IF(IFERROR(原始数据!U45,"×")="×","×","") | U44: {=IF(原始数据!W45="-","",IF(原始数据!W45="","",IF(COUNT(FIND(原始数据!W45,原始数据!45:45))=2,"×","")))} | V44: {=IF(原始数据!Y45="-","",IF(原始数据!Y45="","",IF(COUNT(FIND(原始数据!Y45,原始数据!45:45))=2,"×","")))} | W44: =IF(原始数据!Z45="","",IF(COUNTIF(原始数据!45:45,原始数据!Z45)>1,"×","")) | X44: =IF(原始数据!AA45="","",IF(COUNTIF(原始数据!45:45,原始数据!AA45)>1,"×","")) | Y44: =IF(原始数据!AE45="","",IF(COUNTIF(原始数据!45:45,原始数据!AE45)>1,"×","")) | Z44: =IF(原始数据!AF45="","",IF(COUNTIF(原始数据!45:45,原始数据!AF45)>1,"×","")) | AA44: =IF(原始数据!AI45="","",IF(COUNTIF(原始数据!45:45,原始数据!AI45)>1,"×","")) | AB44: =IF(原始数据!AJ45="","",IF(COUNTIF(原始数据!45:45,原始数据!AJ45)>1,"×","")) | AC44: =IF(原始数据!AO45="","",IF(COUNTIF(原始数据!45:45,原始数据!AO45)>1,"×","")) | AD44: =IF(原始数据!AP45="","",IF(COUNTIF(原始数据!45:45,原始数据!AP45)>1,"×","")) | AE44: =IF(原始数据!AQ45="","",IF(COUNTIF(原始数据!45:45,原始数据!AQ45)>1,"×","")) | AF44: =IF(原始数据!AR45="","",IF(COUNTIF(原始数据!45:45,原始数据!AR45)>1,"×","")) | AG44: =IF(原始数据!AS45="","",IF(COUNTIF(原始数据!45:45,原始数据!AS45)>1,"×","")) | AH44: =IF(原始数据!AT45="","",IF(COUNTIF(原始数据!45:45,原始数据!AT45)>1,"×","")) | AI44: =IF(原始数据!AU45="","",IF(COUNTIF(原始数据!45:45,原始数据!AU45)>1,"×","")) | AJ44: =IF(原始数据!AV45="","",IF(COUNTIF(原始数据!45:45,原始数据!AV45)>1,"×","")) | ... AN44: =IF(原始数据!AZ45="","",IF(COUNTIF(原始数据!45:45,原始数据!AZ45)>1,"×",""))
A45: =IF(IFERROR(原始数据!B46,"×")="×","×","") | B45: =IF(IFERROR(原始数据!C46,"×")="×","×","") | C45: =IF(IFERROR(原始数据!D46,"×")="×","×","") | D45: =IF(IFERROR(原始数据!E46,"×")="×","×","") | E45: =IF(IFERROR(原始数据!F46,"×")="×","×","") | F45: =IF(IFERROR(原始数据!G46,"×")="×","×","") | G45: =IF(IFERROR(原始数据!H46,"×")="×","×","") | H45: =IF(IFERROR(原始数据!I46,"×")="×","×","") | ... T45: =IF(IFERROR(原始数据!U46,"×")="×","×","") | U45: {=IF(原始数据!W46="-","",IF(原始数据!W46="","",IF(COUNT(FIND(原始数据!W46,原始数据!46:46))=2,"×","")))} | V45: {=IF(原始数据!Y46="-","",IF(原始数据!Y46="","",IF(COUNT(FIND(原始数据!Y46,原始数据!46:46))=2,"×","")))} | W45: =IF(原始数据!Z46="","",IF(COUNTIF(原始数据!46:46,原始数据!Z46)>1,"×","")) | X45: =IF(原始数据!AA46="","",IF(COUNTIF(原始数据!46:46,原始数据!AA46)>1,"×","")) | Y45: =IF(原始数据!AE46="","",IF(COUNTIF(原始数据!46:46,原始数据!AE46)>1,"×","")) | Z45: =IF(原始数据!AF46="","",IF(COUNTIF(原始数据!46:46,原始数据!AF46)>1,"×","")) | AA45: =IF(原始数据!AI46="","",IF(COUNTIF(原始数据!46:46,原始数据!AI46)>1,"×","")) | AB45: =IF(原始数据!AJ46="","",IF(COUNTIF(原始数据!46:46,原始数据!AJ46)>1,"×","")) | AC45: =IF(原始数据!AO46="","",IF(COUNTIF(原始数据!46:46,原始数据!AO46)>1,"×","")) | AD45: =IF(原始数据!AP46="","",IF(COUNTIF(原始数据!46:46,原始数据!AP46)>1,"×","")) | AE45: =IF(原始数据!AQ46="","",IF(COUNTIF(原始数据!46:46,原始数据!AQ46)>1,"×","")) | AF45: =IF(原始数据!AR46="","",IF(COUNTIF(原始数据!46:46,原始数据!AR46)>1,"×","")) | AG45: =IF(原始数据!AS46="","",IF(COUNTIF(原始数据!46:46,原始数据!AS46)>1,"×","")) | AH45: =IF(原始数据!AT46="","",IF(COUNTIF(原始数据!46:46,原始数据!AT46)>1,"×","")) | AI45: =IF(原始数据!AU46="","",IF(COUNTIF(原始数据!46:46,原始数据!AU46)>1,"×","")) | AJ45: =IF(原始数据!AV46="","",IF(COUNTIF(原始数据!46:46,原始数据!AV46)>1,"×","")) | ... AN45: =IF(原始数据!AZ46="","",IF(COUNTIF(原始数据!46:46,原始数据!AZ46)>1,"×",""))
A46: =IF(IFERROR(原始数据!B47,"×")="×","×","") | B46: =IF(IFERROR(原始数据!C47,"×")="×","×","") | C46: =IF(IFERROR(原始数据!D47,"×")="×","×","") | D46: =IF(IFERROR(原始数据!E47,"×")="×","×","") | E46: =IF(IFERROR(原始数据!F47,"×")="×","×","") | F46: =IF(IFERROR(原始数据!G47,"×")="×","×","") | G46: =IF(IFERROR(原始数据!H47,"×")="×","×","") | H46: =IF(IFERROR(原始数据!I47,"×")="×","×","") | ... T46: =IF(IFERROR(原始数据!U47,"×")="×","×","") | U46: {=IF(原始数据!W47="-","",IF(原始数据!W47="","",IF(COUNT(FIND(原始数据!W47,原始数据!47:47))=2,"×","")))} | V46: {=IF(原始数据!Y47="-","",IF(原始数据!Y47="","",IF(COUNT(FIND(原始数据!Y47,原始数据!47:47))=2,"×","")))} | W46: =IF(原始数据!Z47="","",IF(COUNTIF(原始数据!47:47,原始数据!Z47)>1,"×","")) | X46: =IF(原始数据!AA47="","",IF(COUNTIF(原始数据!47:47,原始数据!AA47)>1,"×","")) | Y46: =IF(原始数据!AE47="","",IF(COUNTIF(原始数据!47:47,原始数据!AE47)>1,"×","")) | Z46: =IF(原始数据!AF47="","",IF(COUNTIF(原始数据!47:47,原始数据!AF47)>1,"×","")) | AA46: =IF(原始数据!AI47="","",IF(COUNTIF(原始数据!47:47,原始数据!AI47)>1,"×","")) | AB46: =IF(原始数据!AJ47="","",IF(COUNTIF(原始数据!47:47,原始数据!AJ47)>1,"×","")) | AC46: =IF(原始数据!AO47="","",IF(COUNTIF(原始数据!47:47,原始数据!AO47)>1,"×","")) | AD46: =IF(原始数据!AP47="","",IF(COUNTIF(原始数据!47:47,原始数据!AP47)>1,"×","")) | AE46: =IF(原始数据!AQ47="","",IF(COUNTIF(原始数据!47:47,原始数据!AQ47)>1,"×","")) | AF46: =IF(原始数据!AR47="","",IF(COUNTIF(原始数据!47:47,原始数据!AR47)>1,"×","")) | AG46: =IF(原始数据!AS47="","",IF(COUNTIF(原始数据!47:47,原始数据!AS47)>1,"×","")) | AH46: =IF(原始数据!AT47="","",IF(COUNTIF(原始数据!47:47,原始数据!AT47)>1,"×","")) | AI46: =IF(原始数据!AU47="","",IF(COUNTIF(原始数据!47:47,原始数据!AU47)>1,"×","")) | AJ46: =IF(原始数据!AV47="","",IF(COUNTIF(原始数据!47:47,原始数据!AV47)>1,"×","")) | ... AN46: =IF(原始数据!AZ47="","",IF(COUNTIF(原始数据!47:47,原始数据!AZ47)>1,"×",""))
A47: =IF(IFERROR(原始数据!B48,"×")="×","×","") | B47: =IF(IFERROR(原始数据!C48,"×")="×","×","") | C47: =IF(IFERROR(原始数据!D48,"×")="×","×","") | D47: =IF(IFERROR(原始数据!E48,"×")="×","×","") | E47: =IF(IFERROR(原始数据!F48,"×")="×","×","") | F47: =IF(IFERROR(原始数据!G48,"×")="×","×","") | G47: =IF(IFERROR(原始数据!H48,"×")="×","×","") | H47: =IF(IFERROR(原始数据!I48,"×")="×","×","") | ... T47: =IF(IFERROR(原始数据!U48,"×")="×","×","") | U47: {=IF(原始数据!W48="-","",IF(原始数据!W48="","",IF(COUNT(FIND(原始数据!W48,原始数据!48:48))=2,"×","")))} | V47: {=IF(原始数据!Y48="-","",IF(原始数据!Y48="","",IF(COUNT(FIND(原始数据!Y48,原始数据!48:48))=2,"×","")))} | W47: =IF(原始数据!Z48="","",IF(COUNTIF(原始数据!48:48,原始数据!Z48)>1,"×","")) | X47: =IF(原始数据!AA48="","",IF(COUNTIF(原始数据!48:48,原始数据!AA48)>1,"×","")) | Y47: =IF(原始数据!AE48="","",IF(COUNTIF(原始数据!48:48,原始数据!AE48)>1,"×","")) | Z47: =IF(原始数据!AF48="","",IF(COUNTIF(原始数据!48:48,原始数据!AF48)>1,"×","")) | AA47: =IF(原始数据!AI48="","",IF(COUNTIF(原始数据!48:48,原始数据!AI48)>1,"×","")) | AB47: =IF(原始数据!AJ48="","",IF(COUNTIF(原始数据!48:48,原始数据!AJ48)>1,"×","")) | AC47: =IF(原始数据!AO48="","",IF(COUNTIF(原始数据!48:48,原始数据!AO48)>1,"×","")) | AD47: =IF(原始数据!AP48="","",IF(COUNTIF(原始数据!48:48,原始数据!AP48)>1,"×","")) | AE47: =IF(原始数据!AQ48="","",IF(COUNTIF(原始数据!48:48,原始数据!AQ48)>1,"×","")) | AF47: =IF(原始数据!AR48="","",IF(COUNTIF(原始数据!48:48,原始数据!AR48)>1,"×","")) | AG47: =IF(原始数据!AS48="","",IF(COUNTIF(原始数据!48:48,原始数据!AS48)>1,"×","")) | AH47: =IF(原始数据!AT48="","",IF(COUNTIF(原始数据!48:48,原始数据!AT48)>1,"×","")) | AI47: =IF(原始数据!AU48="","",IF(COUNTIF(原始数据!48:48,原始数据!AU48)>1,"×","")) | AJ47: =IF(原始数据!AV48="","",IF(COUNTIF(原始数据!48:48,原始数据!AV48)>1,"×","")) | ... AN47: =IF(原始数据!AZ48="","",IF(COUNTIF(原始数据!48:48,原始数据!AZ48)>1,"×",""))
A48: =IF(IFERROR(原始数据!B49,"×")="×","×","") | B48: =IF(IFERROR(原始数据!C49,"×")="×","×","") | C48: =IF(IFERROR(原始数据!D49,"×")="×","×","") | D48: =IF(IFERROR(原始数据!E49,"×")="×","×","") | E48: =IF(IFERROR(原始数据!F49,"×")="×","×","") | F48: =IF(IFERROR(原始数据!G49,"×")="×","×","") | G48: =IF(IFERROR(原始数据!H49,"×")="×","×","") | H48: =IF(IFERROR(原始数据!I49,"×")="×","×","") | ... T48: =IF(IFERROR(原始数据!U49,"×")="×","×","") | U48: {=IF(原始数据!W49="-","",IF(原始数据!W49="","",IF(COUNT(FIND(原始数据!W49,原始数据!49:49))=2,"×","")))} | V48: {=IF(原始数据!Y49="-","",IF(原始数据!Y49="","",IF(COUNT(FIND(原始数据!Y49,原始数据!49:49))=2,"×","")))} | W48: =IF(原始数据!Z49="","",IF(COUNTIF(原始数据!49:49,原始数据!Z49)>1,"×","")) | X48: =IF(原始数据!AA49="","",IF(COUNTIF(原始数据!49:49,原始数据!AA49)>1,"×","")) | Y48: =IF(原始数据!AE49="","",IF(COUNTIF(原始数据!49:49,原始数据!AE49)>1,"×","")) | Z48: =IF(原始数据!AF49="","",IF(COUNTIF(原始数据!49:49,原始数据!AF49)>1,"×","")) | AA48: =IF(原始数据!AI49="","",IF(COUNTIF(原始数据!49:49,原始数据!AI49)>1,"×","")) | AB48: =IF(原始数据!AJ49="","",IF(COUNTIF(原始数据!49:49,原始数据!AJ49)>1,"×","")) | AC48: =IF(原始数据!AO49="","",IF(COUNTIF(原始数据!49:49,原始数据!AO49)>1,"×","")) | AD48: =IF(原始数据!AP49="","",IF(COUNTIF(原始数据!49:49,原始数据!AP49)>1,"×","")) | AE48: =IF(原始数据!AQ49="","",IF(COUNTIF(原始数据!49:49,原始数据!AQ49)>1,"×","")) | AF48: =IF(原始数据!AR49="","",IF(COUNTIF(原始数据!49:49,原始数据!AR49)>1,"×","")) | AG48: =IF(原始数据!AS49="","",IF(COUNTIF(原始数据!49:49,原始数据!AS49)>1,"×","")) | AH48: =IF(原始数据!AT49="","",IF(COUNTIF(原始数据!49:49,原始数据!AT49)>1,"×","")) | AI48: =IF(原始数据!AU49="","",IF(COUNTIF(原始数据!49:49,原始数据!AU49)>1,"×","")) | AJ48: =IF(原始数据!AV49="","",IF(COUNTIF(原始数据!49:49,原始数据!AV49)>1,"×","")) | ... AN48: =IF(原始数据!AZ49="","",IF(COUNTIF(原始数据!49:49,原始数据!AZ49)>1,"×",""))
A49: =IF(IFERROR(原始数据!B50,"×")="×","×","") | B49: =IF(IFERROR(原始数据!C50,"×")="×","×","") | C49: =IF(IFERROR(原始数据!D50,"×")="×","×","") | D49: =IF(IFERROR(原始数据!E50,"×")="×","×","") | E49: =IF(IFERROR(原始数据!F50,"×")="×","×","") | F49: =IF(IFERROR(原始数据!G50,"×")="×","×","") | G49: =IF(IFERROR(原始数据!H50,"×")="×","×","") | H49: =IF(IFERROR(原始数据!I50,"×")="×","×","") | ... T49: =IF(IFERROR(原始数据!U50,"×")="×","×","") | U49: {=IF(原始数据!W50="-","",IF(原始数据!W50="","",IF(COUNT(FIND(原始数据!W50,原始数据!50:50))=2,"×","")))} | V49: {=IF(原始数据!Y50="-","",IF(原始数据!Y50="","",IF(COUNT(FIND(原始数据!Y50,原始数据!50:50))=2,"×","")))} | W49: =IF(原始数据!Z50="","",IF(COUNTIF(原始数据!50:50,原始数据!Z50)>1,"×","")) | X49: =IF(原始数据!AA50="","",IF(COUNTIF(原始数据!50:50,原始数据!AA50)>1,"×","")) | Y49: =IF(原始数据!AE50="","",IF(COUNTIF(原始数据!50:50,原始数据!AE50)>1,"×","")) | Z49: =IF(原始数据!AF50="","",IF(COUNTIF(原始数据!50:50,原始数据!AF50)>1,"×","")) | AA49: =IF(原始数据!AI50="","",IF(COUNTIF(原始数据!50:50,原始数据!AI50)>1,"×","")) | AB49: =IF(原始数据!AJ50="","",IF(COUNTIF(原始数据!50:50,原始数据!AJ50)>1,"×","")) | AC49: =IF(原始数据!AO50="","",IF(COUNTIF(原始数据!50:50,原始数据!AO50)>1,"×","")) | AD49: =IF(原始数据!AP50="","",IF(COUNTIF(原始数据!50:50,原始数据!AP50)>1,"×","")) | AE49: =IF(原始数据!AQ50="","",IF(COUNTIF(原始数据!50:50,原始数据!AQ50)>1,"×","")) | AF49: =IF(原始数据!AR50="","",IF(COUNTIF(原始数据!50:50,原始数据!AR50)>1,"×","")) | AG49: =IF(原始数据!AS50="","",IF(COUNTIF(原始数据!50:50,原始数据!AS50)>1,"×","")) | AH49: =IF(原始数据!AT50="","",IF(COUNTIF(原始数据!50:50,原始数据!AT50)>1,"×","")) | AI49: =IF(原始数据!AU50="","",IF(COUNTIF(原始数据!50:50,原始数据!AU50)>1,"×","")) | AJ49: =IF(原始数据!AV50="","",IF(COUNTIF(原始数据!50:50,原始数据!AV50)>1,"×","")) | ... AN49: =IF(原始数据!AZ50="","",IF(COUNTIF(原始数据!50:50,原始数据!AZ50)>1,"×",""))
A50: =IF(IFERROR(原始数据!B51,"×")="×","×","") | B50: =IF(IFERROR(原始数据!C51,"×")="×","×","") | C50: =IF(IFERROR(原始数据!D51,"×")="×","×","") | D50: =IF(IFERROR(原始数据!E51,"×")="×","×","") | E50: =IF(IFERROR(原始数据!F51,"×")="×","×","") | F50: =IF(IFERROR(原始数据!G51,"×")="×","×","") | G50: =IF(IFERROR(原始数据!H51,"×")="×","×","") | H50: =IF(IFERROR(原始数据!I51,"×")="×","×","") | ... T50: =IF(IFERROR(原始数据!U51,"×")="×","×","") | U50: {=IF(原始数据!W51="-","",IF(原始数据!W51="","",IF(COUNT(FIND(原始数据!W51,原始数据!51:51))=2,"×","")))} | V50: {=IF(原始数据!Y51="-","",IF(原始数据!Y51="","",IF(COUNT(FIND(原始数据!Y51,原始数据!51:51))=2,"×","")))} | W50: =IF(原始数据!Z51="","",IF(COUNTIF(原始数据!51:51,原始数据!Z51)>1,"×","")) | X50: =IF(原始数据!AA51="","",IF(COUNTIF(原始数据!51:51,原始数据!AA51)>1,"×","")) | Y50: =IF(原始数据!AE51="","",IF(COUNTIF(原始数据!51:51,原始数据!AE51)>1,"×","")) | Z50: =IF(原始数据!AF51="","",IF(COUNTIF(原始数据!51:51,原始数据!AF51)>1,"×","")) | AA50: =IF(原始数据!AI51="","",IF(COUNTIF(原始数据!51:51,原始数据!AI51)>1,"×","")) | AB50: =IF(原始数据!AJ51="","",IF(COUNTIF(原始数据!51:51,原始数据!AJ51)>1,"×","")) | AC50: =IF(原始数据!AO51="","",IF(COUNTIF(原始数据!51:51,原始数据!AO51)>1,"×","")) | AD50: =IF(原始数据!AP51="","",IF(COUNTIF(原始数据!51:51,原始数据!AP51)>1,"×","")) | AE50: =IF(原始数据!AQ51="","",IF(COUNTIF(原始数据!51:51,原始数据!AQ51)>1,"×","")) | AF50: =IF(原始数据!AR51="","",IF(COUNTIF(原始数据!51:51,原始数据!AR51)>1,"×","")) | AG50: =IF(原始数据!AS51="","",IF(COUNTIF(原始数据!51:51,原始数据!AS51)>1,"×","")) | AH50: =IF(原始数据!AT51="","",IF(COUNTIF(原始数据!51:51,原始数据!AT51)>1,"×","")) | AI50: =IF(原始数据!AU51="","",IF(COUNTIF(原始数据!51:51,原始数据!AU51)>1,"×","")) | AJ50: =IF(原始数据!AV51="","",IF(COUNTIF(原始数据!51:51,原始数据!AV51)>1,"×","")) | ... AN50: =IF(原始数据!AZ51="","",IF(COUNTIF(原始数据!51:51,原始数据!AZ51)>1,"×",""))
A51: =IF(IFERROR(原始数据!B52,"×")="×","×","") | B51: =IF(IFERROR(原始数据!C52,"×")="×","×","") | C51: =IF(IFERROR(原始数据!D52,"×")="×","×","") | D51: =IF(IFERROR(原始数据!E52,"×")="×","×","") | E51: =IF(IFERROR(原始数据!F52,"×")="×","×","") | F51: =IF(IFERROR(原始数据!G52,"×")="×","×","") | G51: =IF(IFERROR(原始数据!H52,"×")="×","×","") | H51: =IF(IFERROR(原始数据!I52,"×")="×","×","") | ... T51: =IF(IFERROR(原始数据!U52,"×")="×","×","") | U51: {=IF(原始数据!W52="-","",IF(原始数据!W52="","",IF(COUNT(FIND(原始数据!W52,原始数据!52:52))=2,"×","")))} | V51: {=IF(原始数据!Y52="-","",IF(原始数据!Y52="","",IF(COUNT(FIND(原始数据!Y52,原始数据!52:52))=2,"×","")))} | W51: =IF(原始数据!Z52="","",IF(COUNTIF(原始数据!52:52,原始数据!Z52)>1,"×","")) | X51: =IF(原始数据!AA52="","",IF(COUNTIF(原始数据!52:52,原始数据!AA52)>1,"×","")) | Y51: =IF(原始数据!AE52="","",IF(COUNTIF(原始数据!52:52,原始数据!AE52)>1,"×","")) | Z51: =IF(原始数据!AF52="","",IF(COUNTIF(原始数据!52:52,原始数据!AF52)>1,"×","")) | AA51: =IF(原始数据!AI52="","",IF(COUNTIF(原始数据!52:52,原始数据!AI52)>1,"×","")) | AB51: =IF(原始数据!AJ52="","",IF(COUNTIF(原始数据!52:52,原始数据!AJ52)>1,"×","")) | AC51: =IF(原始数据!AO52="","",IF(COUNTIF(原始数据!52:52,原始数据!AO52)>1,"×","")) | AD51: =IF(原始数据!AP52="","",IF(COUNTIF(原始数据!52:52,原始数据!AP52)>1,"×","")) | AE51: =IF(原始数据!AQ52="","",IF(COUNTIF(原始数据!52:52,原始数据!AQ52)>1,"×","")) | AF51: =IF(原始数据!AR52="","",IF(COUNTIF(原始数据!52:52,原始数据!AR52)>1,"×","")) | AG51: =IF(原始数据!AS52="","",IF(COUNTIF(原始数据!52:52,原始数据!AS52)>1,"×","")) | AH51: =IF(原始数据!AT52="","",IF(COUNTIF(原始数据!52:52,原始数据!AT52)>1,"×","")) | AI51: =IF(原始数据!AU52="","",IF(COUNTIF(原始数据!52:52,原始数据!AU52)>1,"×","")) | AJ51: =IF(原始数据!AV52="","",IF(COUNTIF(原始数据!52:52,原始数据!AV52)>1,"×","")) | ... AN51: =IF(原始数据!AZ52="","",IF(COUNTIF(原始数据!52:52,原始数据!AZ52)>1,"×",""))
A52: =IF(IFERROR(原始数据!B53,"×")="×","×","") | B52: =IF(IFERROR(原始数据!C53,"×")="×","×","") | C52: =IF(IFERROR(原始数据!D53,"×")="×","×","") | D52: =IF(IFERROR(原始数据!E53,"×")="×","×","") | E52: =IF(IFERROR(原始数据!F53,"×")="×","×","") | F52: =IF(IFERROR(原始数据!G53,"×")="×","×","") | G52: =IF(IFERROR(原始数据!H53,"×")="×","×","") | H52: =IF(IFERROR(原始数据!I53,"×")="×","×","") | ... T52: =IF(IFERROR(原始数据!U53,"×")="×","×","") | U52: {=IF(原始数据!W53="-","",IF(原始数据!W53="","",IF(COUNT(FIND(原始数据!W53,原始数据!53:53))=2,"×","")))} | V52: {=IF(原始数据!Y53="-","",IF(原始数据!Y53="","",IF(COUNT(FIND(原始数据!Y53,原始数据!53:53))=2,"×","")))} | W52: =IF(原始数据!Z53="","",IF(COUNTIF(原始数据!53:53,原始数据!Z53)>1,"×","")) | X52: =IF(原始数据!AA53="","",IF(COUNTIF(原始数据!53:53,原始数据!AA53)>1,"×","")) | Y52: =IF(原始数据!AE53="","",IF(COUNTIF(原始数据!53:53,原始数据!AE53)>1,"×","")) | Z52: =IF(原始数据!AF53="","",IF(COUNTIF(原始数据!53:53,原始数据!AF53)>1,"×","")) | AA52: =IF(原始数据!AI53="","",IF(COUNTIF(原始数据!53:53,原始数据!AI53)>1,"×","")) | AB52: =IF(原始数据!AJ53="","",IF(COUNTIF(原始数据!53:53,原始数据!AJ53)>1,"×","")) | AC52: =IF(原始数据!AO53="","",IF(COUNTIF(原始数据!53:53,原始数据!AO53)>1,"×","")) | AD52: =IF(原始数据!AP53="","",IF(COUNTIF(原始数据!53:53,原始数据!AP53)>1,"×","")) | AE52: =IF(原始数据!AQ53="","",IF(COUNTIF(原始数据!53:53,原始数据!AQ53)>1,"×","")) | AF52: =IF(原始数据!AR53="","",IF(COUNTIF(原始数据!53:53,原始数据!AR53)>1,"×","")) | AG52: =IF(原始数据!AS53="","",IF(COUNTIF(原始数据!53:53,原始数据!AS53)>1,"×","")) | AH52: =IF(原始数据!AT53="","",IF(COUNTIF(原始数据!53:53,原始数据!AT53)>1,"×","")) | AI52: =IF(原始数据!AU53="","",IF(COUNTIF(原始数据!53:53,原始数据!AU53)>1,"×","")) | AJ52: =IF(原始数据!AV53="","",IF(COUNTIF(原始数据!53:53,原始数据!AV53)>1,"×","")) | ... AN52: =IF(原始数据!AZ53="","",IF(COUNTIF(原始数据!53:53,原始数据!AZ53)>1,"×",""))
A53: =IF(IFERROR(原始数据!B54,"×")="×","×","") | B53: =IF(IFERROR(原始数据!C54,"×")="×","×","") | C53: =IF(IFERROR(原始数据!D54,"×")="×","×","") | D53: =IF(IFERROR(原始数据!E54,"×")="×","×","") | E53: =IF(IFERROR(原始数据!F54,"×")="×","×","") | F53: =IF(IFERROR(原始数据!G54,"×")="×","×","") | G53: =IF(IFERROR(原始数据!H54,"×")="×","×","") | H53: =IF(IFERROR(原始数据!I54,"×")="×","×","") | ... T53: =IF(IFERROR(原始数据!U54,"×")="×","×","") | U53: {=IF(原始数据!W54="-","",IF(原始数据!W54="","",IF(COUNT(FIND(原始数据!W54,原始数据!54:54))=2,"×","")))} | V53: {=IF(原始数据!Y54="-","",IF(原始数据!Y54="","",IF(COUNT(FIND(原始数据!Y54,原始数据!54:54))=2,"×","")))} | W53: =IF(原始数据!Z54="","",IF(COUNTIF(原始数据!54:54,原始数据!Z54)>1,"×","")) | X53: =IF(原始数据!AA54="","",IF(COUNTIF(原始数据!54:54,原始数据!AA54)>1,"×","")) | Y53: =IF(原始数据!AE54="","",IF(COUNTIF(原始数据!54:54,原始数据!AE54)>1,"×","")) | Z53: =IF(原始数据!AF54="","",IF(COUNTIF(原始数据!54:54,原始数据!AF54)>1,"×","")) | AA53: =IF(原始数据!AI54="","",IF(COUNTIF(原始数据!54:54,原始数据!AI54)>1,"×","")) | AB53: =IF(原始数据!AJ54="","",IF(COUNTIF(原始数据!54:54,原始数据!AJ54)>1,"×","")) | AC53: =IF(原始数据!AO54="","",IF(COUNTIF(原始数据!54:54,原始数据!AO54)>1,"×","")) | AD53: =IF(原始数据!AP54="","",IF(COUNTIF(原始数据!54:54,原始数据!AP54)>1,"×","")) | AE53: =IF(原始数据!AQ54="","",IF(COUNTIF(原始数据!54:54,原始数据!AQ54)>1,"×","")) | AF53: =IF(原始数据!AR54="","",IF(COUNTIF(原始数据!54:54,原始数据!AR54)>1,"×","")) | AG53: =IF(原始数据!AS54="","",IF(COUNTIF(原始数据!54:54,原始数据!AS54)>1,"×","")) | AH53: =IF(原始数据!AT54="","",IF(COUNTIF(原始数据!54:54,原始数据!AT54)>1,"×","")) | AI53: =IF(原始数据!AU54="","",IF(COUNTIF(原始数据!54:54,原始数据!AU54)>1,"×","")) | AJ53: =IF(原始数据!AV54="","",IF(COUNTIF(原始数据!54:54,原始数据!AV54)>1,"×","")) | ... AN53: =IF(原始数据!AZ54="","",IF(COUNTIF(原始数据!54:54,原始数据!AZ54)>1,"×",""))
A54: =IF(IFERROR(原始数据!B55,"×")="×","×","") | B54: =IF(IFERROR(原始数据!C55,"×")="×","×","") | C54: =IF(IFERROR(原始数据!D55,"×")="×","×","") | D54: =IF(IFERROR(原始数据!E55,"×")="×","×","") | E54: =IF(IFERROR(原始数据!F55,"×")="×","×","") | F54: =IF(IFERROR(原始数据!G55,"×")="×","×","") | G54: =IF(IFERROR(原始数据!H55,"×")="×","×","") | H54: =IF(IFERROR(原始数据!I55,"×")="×","×","") | ... T54: =IF(IFERROR(原始数据!U55,"×")="×","×","") | U54: {=IF(原始数据!W55="-","",IF(原始数据!W55="","",IF(COUNT(FIND(原始数据!W55,原始数据!55:55))=2,"×","")))} | V54: {=IF(原始数据!Y55="-","",IF(原始数据!Y55="","",IF(COUNT(FIND(原始数据!Y55,原始数据!55:55))=2,"×","")))} | W54: =IF(原始数据!Z55="","",IF(COUNTIF(原始数据!55:55,原始数据!Z55)>1,"×","")) | X54: =IF(原始数据!AA55="","",IF(COUNTIF(原始数据!55:55,原始数据!AA55)>1,"×","")) | Y54: =IF(原始数据!AE55="","",IF(COUNTIF(原始数据!55:55,原始数据!AE55)>1,"×","")) | Z54: =IF(原始数据!AF55="","",IF(COUNTIF(原始数据!55:55,原始数据!AF55)>1,"×","")) | AA54: =IF(原始数据!AI55="","",IF(COUNTIF(原始数据!55:55,原始数据!AI55)>1,"×","")) | AB54: =IF(原始数据!AJ55="","",IF(COUNTIF(原始数据!55:55,原始数据!AJ55)>1,"×","")) | AC54: =IF(原始数据!AO55="","",IF(COUNTIF(原始数据!55:55,原始数据!AO55)>1,"×","")) | AD54: =IF(原始数据!AP55="","",IF(COUNTIF(原始数据!55:55,原始数据!AP55)>1,"×","")) | AE54: =IF(原始数据!AQ55="","",IF(COUNTIF(原始数据!55:55,原始数据!AQ55)>1,"×","")) | AF54: =IF(原始数据!AR55="","",IF(COUNTIF(原始数据!55:55,原始数据!AR55)>1,"×","")) | AG54: =IF(原始数据!AS55="","",IF(COUNTIF(原始数据!55:55,原始数据!AS55)>1,"×","")) | AH54: =IF(原始数据!AT55="","",IF(COUNTIF(原始数据!55:55,原始数据!AT55)>1,"×","")) | AI54: =IF(原始数据!AU55="","",IF(COUNTIF(原始数据!55:55,原始数据!AU55)>1,"×","")) | AJ54: =IF(原始数据!AV55="","",IF(COUNTIF(原始数据!55:55,原始数据!AV55)>1,"×","")) | ... AN54: =IF(原始数据!AZ55="","",IF(COUNTIF(原始数据!55:55,原始数据!AZ55)>1,"×",""))
A55: =IF(IFERROR(原始数据!B56,"×")="×","×","") | B55: =IF(IFERROR(原始数据!C56,"×")="×","×","") | C55: =IF(IFERROR(原始数据!D56,"×")="×","×","") | D55: =IF(IFERROR(原始数据!E56,"×")="×","×","") | E55: =IF(IFERROR(原始数据!F56,"×")="×","×","") | F55: =IF(IFERROR(原始数据!G56,"×")="×","×","") | G55: =IF(IFERROR(原始数据!H56,"×")="×","×","") | H55: =IF(IFERROR(原始数据!I56,"×")="×","×","") | ... T55: =IF(IFERROR(原始数据!U56,"×")="×","×","") | U55: {=IF(原始数据!W56="-","",IF(原始数据!W56="","",IF(COUNT(FIND(原始数据!W56,原始数据!56:56))=2,"×","")))} | V55: {=IF(原始数据!Y56="-","",IF(原始数据!Y56="","",IF(COUNT(FIND(原始数据!Y56,原始数据!56:56))=2,"×","")))} | W55: =IF(原始数据!Z56="","",IF(COUNTIF(原始数据!56:56,原始数据!Z56)>1,"×","")) | X55: =IF(原始数据!AA56="","",IF(COUNTIF(原始数据!56:56,原始数据!AA56)>1,"×","")) | Y55: =IF(原始数据!AE56="","",IF(COUNTIF(原始数据!56:56,原始数据!AE56)>1,"×","")) | Z55: =IF(原始数据!AF56="","",IF(COUNTIF(原始数据!56:56,原始数据!AF56)>1,"×","")) | AA55: =IF(原始数据!AI56="","",IF(COUNTIF(原始数据!56:56,原始数据!AI56)>1,"×","")) | AB55: =IF(原始数据!AJ56="","",IF(COUNTIF(原始数据!56:56,原始数据!AJ56)>1,"×","")) | AC55: =IF(原始数据!AO56="","",IF(COUNTIF(原始数据!56:56,原始数据!AO56)>1,"×","")) | AD55: =IF(原始数据!AP56="","",IF(COUNTIF(原始数据!56:56,原始数据!AP56)>1,"×","")) | AE55: =IF(原始数据!AQ56="","",IF(COUNTIF(原始数据!56:56,原始数据!AQ56)>1,"×","")) | AF55: =IF(原始数据!AR56="","",IF(COUNTIF(原始数据!56:56,原始数据!AR56)>1,"×","")) | AG55: =IF(原始数据!AS56="","",IF(COUNTIF(原始数据!56:56,原始数据!AS56)>1,"×","")) | AH55: =IF(原始数据!AT56="","",IF(COUNTIF(原始数据!56:56,原始数据!AT56)>1,"×","")) | AI55: =IF(原始数据!AU56="","",IF(COUNTIF(原始数据!56:56,原始数据!AU56)>1,"×","")) | AJ55: =IF(原始数据!AV56="","",IF(COUNTIF(原始数据!56:56,原始数据!AV56)>1,"×","")) | ... AN55: =IF(原始数据!AZ56="","",IF(COUNTIF(原始数据!56:56,原始数据!AZ56)>1,"×",""))
A56: =IF(IFERROR(原始数据!B57,"×")="×","×","") | B56: =IF(IFERROR(原始数据!C57,"×")="×","×","") | C56: =IF(IFERROR(原始数据!D57,"×")="×","×","") | D56: =IF(IFERROR(原始数据!E57,"×")="×","×","") | E56: =IF(IFERROR(原始数据!F57,"×")="×","×","") | F56: =IF(IFERROR(原始数据!G57,"×")="×","×","") | G56: =IF(IFERROR(原始数据!H57,"×")="×","×","") | H56: =IF(IFERROR(原始数据!I57,"×")="×","×","") | ... T56: =IF(IFERROR(原始数据!U57,"×")="×","×","") | U56: {=IF(原始数据!W57="-","",IF(原始数据!W57="","",IF(COUNT(FIND(原始数据!W57,原始数据!57:57))=2,"×","")))} | V56: {=IF(原始数据!Y57="-","",IF(原始数据!Y57="","",IF(COUNT(FIND(原始数据!Y57,原始数据!57:57))=2,"×","")))} | W56: =IF(原始数据!Z57="","",IF(COUNTIF(原始数据!57:57,原始数据!Z57)>1,"×","")) | X56: =IF(原始数据!AA57="","",IF(COUNTIF(原始数据!57:57,原始数据!AA57)>1,"×","")) | Y56: =IF(原始数据!AE57="","",IF(COUNTIF(原始数据!57:57,原始数据!AE57)>1,"×","")) | Z56: =IF(原始数据!AF57="","",IF(COUNTIF(原始数据!57:57,原始数据!AF57)>1,"×","")) | AA56: =IF(原始数据!AI57="","",IF(COUNTIF(原始数据!57:57,原始数据!AI57)>1,"×","")) | AB56: =IF(原始数据!AJ57="","",IF(COUNTIF(原始数据!57:57,原始数据!AJ57)>1,"×","")) | AC56: =IF(原始数据!AO57="","",IF(COUNTIF(原始数据!57:57,原始数据!AO57)>1,"×","")) | AD56: =IF(原始数据!AP57="","",IF(COUNTIF(原始数据!57:57,原始数据!AP57)>1,"×","")) | AE56: =IF(原始数据!AQ57="","",IF(COUNTIF(原始数据!57:57,原始数据!AQ57)>1,"×","")) | AF56: =IF(原始数据!AR57="","",IF(COUNTIF(原始数据!57:57,原始数据!AR57)>1,"×","")) | AG56: =IF(原始数据!AS57="","",IF(COUNTIF(原始数据!57:57,原始数据!AS57)>1,"×","")) | AH56: =IF(原始数据!AT57="","",IF(COUNTIF(原始数据!57:57,原始数据!AT57)>1,"×","")) | AI56: =IF(原始数据!AU57="","",IF(COUNTIF(原始数据!57:57,原始数据!AU57)>1,"×","")) | AJ56: =IF(原始数据!AV57="","",IF(COUNTIF(原始数据!57:57,原始数据!AV57)>1,"×","")) | ... AN56: =IF(原始数据!AZ57="","",IF(COUNTIF(原始数据!57:57,原始数据!AZ57)>1,"×",""))
A57: =IF(IFERROR(原始数据!B58,"×")="×","×","") | B57: =IF(IFERROR(原始数据!C58,"×")="×","×","") | C57: =IF(IFERROR(原始数据!D58,"×")="×","×","") | D57: =IF(IFERROR(原始数据!E58,"×")="×","×","") | E57: =IF(IFERROR(原始数据!F58,"×")="×","×","") | F57: =IF(IFERROR(原始数据!G58,"×")="×","×","") | G57: =IF(IFERROR(原始数据!H58,"×")="×","×","") | H57: =IF(IFERROR(原始数据!I58,"×")="×","×","") | ... T57: =IF(IFERROR(原始数据!U58,"×")="×","×","") | U57: {=IF(原始数据!W58="-","",IF(原始数据!W58="","",IF(COUNT(FIND(原始数据!W58,原始数据!58:58))=2,"×","")))} | V57: {=IF(原始数据!Y58="-","",IF(原始数据!Y58="","",IF(COUNT(FIND(原始数据!Y58,原始数据!58:58))=2,"×","")))} | W57: =IF(原始数据!Z58="","",IF(COUNTIF(原始数据!58:58,原始数据!Z58)>1,"×","")) | X57: =IF(原始数据!AA58="","",IF(COUNTIF(原始数据!58:58,原始数据!AA58)>1,"×","")) | Y57: =IF(原始数据!AE58="","",IF(COUNTIF(原始数据!58:58,原始数据!AE58)>1,"×","")) | Z57: =IF(原始数据!AF58="","",IF(COUNTIF(原始数据!58:58,原始数据!AF58)>1,"×","")) | AA57: =IF(原始数据!AI58="","",IF(COUNTIF(原始数据!58:58,原始数据!AI58)>1,"×","")) | AB57: =IF(原始数据!AJ58="","",IF(COUNTIF(原始数据!58:58,原始数据!AJ58)>1,"×","")) | AC57: =IF(原始数据!AO58="","",IF(COUNTIF(原始数据!58:58,原始数据!AO58)>1,"×","")) | AD57: =IF(原始数据!AP58="","",IF(COUNTIF(原始数据!58:58,原始数据!AP58)>1,"×","")) | AE57: =IF(原始数据!AQ58="","",IF(COUNTIF(原始数据!58:58,原始数据!AQ58)>1,"×","")) | AF57: =IF(原始数据!AR58="","",IF(COUNTIF(原始数据!58:58,原始数据!AR58)>1,"×","")) | AG57: =IF(原始数据!AS58="","",IF(COUNTIF(原始数据!58:58,原始数据!AS58)>1,"×","")) | AH57: =IF(原始数据!AT58="","",IF(COUNTIF(原始数据!58:58,原始数据!AT58)>1,"×","")) | AI57: =IF(原始数据!AU58="","",IF(COUNTIF(原始数据!58:58,原始数据!AU58)>1,"×","")) | AJ57: =IF(原始数据!AV58="","",IF(COUNTIF(原始数据!58:58,原始数据!AV58)>1,"×","")) | ... AN57: =IF(原始数据!AZ58="","",IF(COUNTIF(原始数据!58:58,原始数据!AZ58)>1,"×",""))
A58: =IF(IFERROR(原始数据!B59,"×")="×","×","") | B58: =IF(IFERROR(原始数据!C59,"×")="×","×","") | C58: =IF(IFERROR(原始数据!D59,"×")="×","×","") | D58: =IF(IFERROR(原始数据!E59,"×")="×","×","") | E58: =IF(IFERROR(原始数据!F59,"×")="×","×","") | F58: =IF(IFERROR(原始数据!G59,"×")="×","×","") | G58: =IF(IFERROR(原始数据!H59,"×")="×","×","") | H58: =IF(IFERROR(原始数据!I59,"×")="×","×","") | ... T58: =IF(IFERROR(原始数据!U59,"×")="×","×","") | U58: {=IF(原始数据!W59="-","",IF(原始数据!W59="","",IF(COUNT(FIND(原始数据!W59,原始数据!59:59))=2,"×","")))} | V58: {=IF(原始数据!Y59="-","",IF(原始数据!Y59="","",IF(COUNT(FIND(原始数据!Y59,原始数据!59:59))=2,"×","")))} | W58: =IF(原始数据!Z59="","",IF(COUNTIF(原始数据!59:59,原始数据!Z59)>1,"×","")) | X58: =IF(原始数据!AA59="","",IF(COUNTIF(原始数据!59:59,原始数据!AA59)>1,"×","")) | Y58: =IF(原始数据!AE59="","",IF(COUNTIF(原始数据!59:59,原始数据!AE59)>1,"×","")) | Z58: =IF(原始数据!AF59="","",IF(COUNTIF(原始数据!59:59,原始数据!AF59)>1,"×","")) | AA58: =IF(原始数据!AI59="","",IF(COUNTIF(原始数据!59:59,原始数据!AI59)>1,"×","")) | AB58: =IF(原始数据!AJ59="","",IF(COUNTIF(原始数据!59:59,原始数据!AJ59)>1,"×","")) | AC58: =IF(原始数据!AO59="","",IF(COUNTIF(原始数据!59:59,原始数据!AO59)>1,"×","")) | AD58: =IF(原始数据!AP59="","",IF(COUNTIF(原始数据!59:59,原始数据!AP59)>1,"×","")) | AE58: =IF(原始数据!AQ59="","",IF(COUNTIF(原始数据!59:59,原始数据!AQ59)>1,"×","")) | AF58: =IF(原始数据!AR59="","",IF(COUNTIF(原始数据!59:59,原始数据!AR59)>1,"×","")) | AG58: =IF(原始数据!AS59="","",IF(COUNTIF(原始数据!59:59,原始数据!AS59)>1,"×","")) | AH58: =IF(原始数据!AT59="","",IF(COUNTIF(原始数据!59:59,原始数据!AT59)>1,"×","")) | AI58: =IF(原始数据!AU59="","",IF(COUNTIF(原始数据!59:59,原始数据!AU59)>1,"×","")) | AJ58: =IF(原始数据!AV59="","",IF(COUNTIF(原始数据!59:59,原始数据!AV59)>1,"×","")) | ... AN58: =IF(原始数据!AZ59="","",IF(COUNTIF(原始数据!59:59,原始数据!AZ59)>1,"×",""))
A59: =IF(IFERROR(原始数据!B60,"×")="×","×","") | B59: =IF(IFERROR(原始数据!C60,"×")="×","×","") | C59: =IF(IFERROR(原始数据!D60,"×")="×","×","") | D59: =IF(IFERROR(原始数据!E60,"×")="×","×","") | E59: =IF(IFERROR(原始数据!F60,"×")="×","×","") | F59: =IF(IFERROR(原始数据!G60,"×")="×","×","") | G59: =IF(IFERROR(原始数据!H60,"×")="×","×","") | H59: =IF(IFERROR(原始数据!I60,"×")="×","×","") | ... T59: =IF(IFERROR(原始数据!U60,"×")="×","×","") | U59: {=IF(原始数据!W60="-","",IF(原始数据!W60="","",IF(COUNT(FIND(原始数据!W60,原始数据!60:60))=2,"×","")))} | V59: {=IF(原始数据!Y60="-","",IF(原始数据!Y60="","",IF(COUNT(FIND(原始数据!Y60,原始数据!60:60))=2,"×","")))} | W59: =IF(原始数据!Z60="","",IF(COUNTIF(原始数据!60:60,原始数据!Z60)>1,"×","")) | X59: =IF(原始数据!AA60="","",IF(COUNTIF(原始数据!60:60,原始数据!AA60)>1,"×","")) | Y59: =IF(原始数据!AE60="","",IF(COUNTIF(原始数据!60:60,原始数据!AE60)>1,"×","")) | Z59: =IF(原始数据!AF60="","",IF(COUNTIF(原始数据!60:60,原始数据!AF60)>1,"×","")) | AA59: =IF(原始数据!AI60="","",IF(COUNTIF(原始数据!60:60,原始数据!AI60)>1,"×","")) | AB59: =IF(原始数据!AJ60="","",IF(COUNTIF(原始数据!60:60,原始数据!AJ60)>1,"×","")) | AC59: =IF(原始数据!AO60="","",IF(COUNTIF(原始数据!60:60,原始数据!AO60)>1,"×","")) | AD59: =IF(原始数据!AP60="","",IF(COUNTIF(原始数据!60:60,原始数据!AP60)>1,"×","")) | AE59: =IF(原始数据!AQ60="","",IF(COUNTIF(原始数据!60:60,原始数据!AQ60)>1,"×","")) | AF59: =IF(原始数据!AR60="","",IF(COUNTIF(原始数据!60:60,原始数据!AR60)>1,"×","")) | AG59: =IF(原始数据!AS60="","",IF(COUNTIF(原始数据!60:60,原始数据!AS60)>1,"×","")) | AH59: =IF(原始数据!AT60="","",IF(COUNTIF(原始数据!60:60,原始数据!AT60)>1,"×","")) | AI59: =IF(原始数据!AU60="","",IF(COUNTIF(原始数据!60:60,原始数据!AU60)>1,"×","")) | AJ59: =IF(原始数据!AV60="","",IF(COUNTIF(原始数据!60:60,原始数据!AV60)>1,"×","")) | ... AN59: =IF(原始数据!AZ60="","",IF(COUNTIF(原始数据!60:60,原始数据!AZ60)>1,"×",""))
A60: =IF(IFERROR(原始数据!B61,"×")="×","×","") | B60: =IF(IFERROR(原始数据!C61,"×")="×","×","") | C60: =IF(IFERROR(原始数据!D61,"×")="×","×","") | D60: =IF(IFERROR(原始数据!E61,"×")="×","×","") | E60: =IF(IFERROR(原始数据!F61,"×")="×","×","") | F60: =IF(IFERROR(原始数据!G61,"×")="×","×","") | G60: =IF(IFERROR(原始数据!H61,"×")="×","×","") | H60: =IF(IFERROR(原始数据!I61,"×")="×","×","") | ... T60: =IF(IFERROR(原始数据!U61,"×")="×","×","") | U60: {=IF(原始数据!W61="-","",IF(原始数据!W61="","",IF(COUNT(FIND(原始数据!W61,原始数据!61:61))=2,"×","")))} | V60: {=IF(原始数据!Y61="-","",IF(原始数据!Y61="","",IF(COUNT(FIND(原始数据!Y61,原始数据!61:61))=2,"×","")))} | W60: =IF(原始数据!Z61="","",IF(COUNTIF(原始数据!61:61,原始数据!Z61)>1,"×","")) | X60: =IF(原始数据!AA61="","",IF(COUNTIF(原始数据!61:61,原始数据!AA61)>1,"×","")) | Y60: =IF(原始数据!AE61="","",IF(COUNTIF(原始数据!61:61,原始数据!AE61)>1,"×","")) | Z60: =IF(原始数据!AF61="","",IF(COUNTIF(原始数据!61:61,原始数据!AF61)>1,"×","")) | AA60: =IF(原始数据!AI61="","",IF(COUNTIF(原始数据!61:61,原始数据!AI61)>1,"×","")) | AB60: =IF(原始数据!AJ61="","",IF(COUNTIF(原始数据!61:61,原始数据!AJ61)>1,"×","")) | AC60: =IF(原始数据!AO61="","",IF(COUNTIF(原始数据!61:61,原始数据!AO61)>1,"×","")) | AD60: =IF(原始数据!AP61="","",IF(COUNTIF(原始数据!61:61,原始数据!AP61)>1,"×","")) | AE60: =IF(原始数据!AQ61="","",IF(COUNTIF(原始数据!61:61,原始数据!AQ61)>1,"×","")) | AF60: =IF(原始数据!AR61="","",IF(COUNTIF(原始数据!61:61,原始数据!AR61)>1,"×","")) | AG60: =IF(原始数据!AS61="","",IF(COUNTIF(原始数据!61:61,原始数据!AS61)>1,"×","")) | AH60: =IF(原始数据!AT61="","",IF(COUNTIF(原始数据!61:61,原始数据!AT61)>1,"×","")) | AI60: =IF(原始数据!AU61="","",IF(COUNTIF(原始数据!61:61,原始数据!AU61)>1,"×","")) | AJ60: =IF(原始数据!AV61="","",IF(COUNTIF(原始数据!61:61,原始数据!AV61)>1,"×","")) | ... AN60: =IF(原始数据!AZ61="","",IF(COUNTIF(原始数据!61:61,原始数据!AZ61)>1,"×",""))
A61: =IF(IFERROR(原始数据!B62,"×")="×","×","") | B61: =IF(IFERROR(原始数据!C62,"×")="×","×","") | C61: =IF(IFERROR(原始数据!D62,"×")="×","×","") | D61: =IF(IFERROR(原始数据!E62,"×")="×","×","") | E61: =IF(IFERROR(原始数据!F62,"×")="×","×","") | F61: =IF(IFERROR(原始数据!G62,"×")="×","×","") | G61: =IF(IFERROR(原始数据!H62,"×")="×","×","") | H61: =IF(IFERROR(原始数据!I62,"×")="×","×","") | ... T61: =IF(IFERROR(原始数据!U62,"×")="×","×","") | U61: {=IF(原始数据!W62="-","",IF(原始数据!W62="","",IF(COUNT(FIND(原始数据!W62,原始数据!62:62))=2,"×","")))} | V61: {=IF(原始数据!Y62="-","",IF(原始数据!Y62="","",IF(COUNT(FIND(原始数据!Y62,原始数据!62:62))=2,"×","")))} | W61: =IF(原始数据!Z62="","",IF(COUNTIF(原始数据!62:62,原始数据!Z62)>1,"×","")) | X61: =IF(原始数据!AA62="","",IF(COUNTIF(原始数据!62:62,原始数据!AA62)>1,"×","")) | Y61: =IF(原始数据!AE62="","",IF(COUNTIF(原始数据!62:62,原始数据!AE62)>1,"×","")) | Z61: =IF(原始数据!AF62="","",IF(COUNTIF(原始数据!62:62,原始数据!AF62)>1,"×","")) | AA61: =IF(原始数据!AI62="","",IF(COUNTIF(原始数据!62:62,原始数据!AI62)>1,"×","")) | AB61: =IF(原始数据!AJ62="","",IF(COUNTIF(原始数据!62:62,原始数据!AJ62)>1,"×","")) | AC61: =IF(原始数据!AO62="","",IF(COUNTIF(原始数据!62:62,原始数据!AO62)>1,"×","")) | AD61: =IF(原始数据!AP62="","",IF(COUNTIF(原始数据!62:62,原始数据!AP62)>1,"×","")) | AE61: =IF(原始数据!AQ62="","",IF(COUNTIF(原始数据!62:62,原始数据!AQ62)>1,"×","")) | AF61: =IF(原始数据!AR62="","",IF(COUNTIF(原始数据!62:62,原始数据!AR62)>1,"×","")) | AG61: =IF(原始数据!AS62="","",IF(COUNTIF(原始数据!62:62,原始数据!AS62)>1,"×","")) | AH61: =IF(原始数据!AT62="","",IF(COUNTIF(原始数据!62:62,原始数据!AT62)>1,"×","")) | AI61: =IF(原始数据!AU62="","",IF(COUNTIF(原始数据!62:62,原始数据!AU62)>1,"×","")) | AJ61: =IF(原始数据!AV62="","",IF(COUNTIF(原始数据!62:62,原始数据!AV62)>1,"×","")) | ... AN61: =IF(原始数据!AZ62="","",IF(COUNTIF(原始数据!62:62,原始数据!AZ62)>1,"×",""))
A62: =IF(IFERROR(原始数据!B63,"×")="×","×","") | B62: =IF(IFERROR(原始数据!C63,"×")="×","×","") | C62: =IF(IFERROR(原始数据!D63,"×")="×","×","") | D62: =IF(IFERROR(原始数据!E63,"×")="×","×","") | E62: =IF(IFERROR(原始数据!F63,"×")="×","×","") | F62: =IF(IFERROR(原始数据!G63,"×")="×","×","") | G62: =IF(IFERROR(原始数据!H63,"×")="×","×","") | H62: =IF(IFERROR(原始数据!I63,"×")="×","×","") | ... T62: =IF(IFERROR(原始数据!U63,"×")="×","×","") | U62: {=IF(原始数据!W63="-","",IF(原始数据!W63="","",IF(COUNT(FIND(原始数据!W63,原始数据!63:63))=2,"×","")))} | V62: {=IF(原始数据!Y63="-","",IF(原始数据!Y63="","",IF(COUNT(FIND(原始数据!Y63,原始数据!63:63))=2,"×","")))} | W62: =IF(原始数据!Z63="","",IF(COUNTIF(原始数据!63:63,原始数据!Z63)>1,"×","")) | X62: =IF(原始数据!AA63="","",IF(COUNTIF(原始数据!63:63,原始数据!AA63)>1,"×","")) | Y62: =IF(原始数据!AE63="","",IF(COUNTIF(原始数据!63:63,原始数据!AE63)>1,"×","")) | Z62: =IF(原始数据!AF63="","",IF(COUNTIF(原始数据!63:63,原始数据!AF63)>1,"×","")) | AA62: =IF(原始数据!AI63="","",IF(COUNTIF(原始数据!63:63,原始数据!AI63)>1,"×","")) | AB62: =IF(原始数据!AJ63="","",IF(COUNTIF(原始数据!63:63,原始数据!AJ63)>1,"×","")) | AC62: =IF(原始数据!AO63="","",IF(COUNTIF(原始数据!63:63,原始数据!AO63)>1,"×","")) | AD62: =IF(原始数据!AP63="","",IF(COUNTIF(原始数据!63:63,原始数据!AP63)>1,"×","")) | AE62: =IF(原始数据!AQ63="","",IF(COUNTIF(原始数据!63:63,原始数据!AQ63)>1,"×","")) | AF62: =IF(原始数据!AR63="","",IF(COUNTIF(原始数据!63:63,原始数据!AR63)>1,"×","")) | AG62: =IF(原始数据!AS63="","",IF(COUNTIF(原始数据!63:63,原始数据!AS63)>1,"×","")) | AH62: =IF(原始数据!AT63="","",IF(COUNTIF(原始数据!63:63,原始数据!AT63)>1,"×","")) | AI62: =IF(原始数据!AU63="","",IF(COUNTIF(原始数据!63:63,原始数据!AU63)>1,"×","")) | AJ62: =IF(原始数据!AV63="","",IF(COUNTIF(原始数据!63:63,原始数据!AV63)>1,"×","")) | ... AN62: =IF(原始数据!AZ63="","",IF(COUNTIF(原始数据!63:63,原始数据!AZ63)>1,"×",""))
A63: =IF(IFERROR(原始数据!B64,"×")="×","×","") | B63: =IF(IFERROR(原始数据!C64,"×")="×","×","") | C63: =IF(IFERROR(原始数据!D64,"×")="×","×","") | D63: =IF(IFERROR(原始数据!E64,"×")="×","×","") | E63: =IF(IFERROR(原始数据!F64,"×")="×","×","") | F63: =IF(IFERROR(原始数据!G64,"×")="×","×","") | G63: =IF(IFERROR(原始数据!H64,"×")="×","×","") | H63: =IF(IFERROR(原始数据!I64,"×")="×","×","") | ... T63: =IF(IFERROR(原始数据!U64,"×")="×","×","") | U63: {=IF(原始数据!W64="-","",IF(原始数据!W64="","",IF(COUNT(FIND(原始数据!W64,原始数据!64:64))=2,"×","")))} | V63: {=IF(原始数据!Y64="-","",IF(原始数据!Y64="","",IF(COUNT(FIND(原始数据!Y64,原始数据!64:64))=2,"×","")))} | W63: =IF(原始数据!Z64="","",IF(COUNTIF(原始数据!64:64,原始数据!Z64)>1,"×","")) | X63: =IF(原始数据!AA64="","",IF(COUNTIF(原始数据!64:64,原始数据!AA64)>1,"×","")) | Y63: =IF(原始数据!AE64="","",IF(COUNTIF(原始数据!64:64,原始数据!AE64)>1,"×","")) | Z63: =IF(原始数据!AF64="","",IF(COUNTIF(原始数据!64:64,原始数据!AF64)>1,"×","")) | AA63: =IF(原始数据!AI64="","",IF(COUNTIF(原始数据!64:64,原始数据!AI64)>1,"×","")) | AB63: =IF(原始数据!AJ64="","",IF(COUNTIF(原始数据!64:64,原始数据!AJ64)>1,"×","")) | AC63: =IF(原始数据!AO64="","",IF(COUNTIF(原始数据!64:64,原始数据!AO64)>1,"×","")) | AD63: =IF(原始数据!AP64="","",IF(COUNTIF(原始数据!64:64,原始数据!AP64)>1,"×","")) | AE63: =IF(原始数据!AQ64="","",IF(COUNTIF(原始数据!64:64,原始数据!AQ64)>1,"×","")) | AF63: =IF(原始数据!AR64="","",IF(COUNTIF(原始数据!64:64,原始数据!AR64)>1,"×","")) | AG63: =IF(原始数据!AS64="","",IF(COUNTIF(原始数据!64:64,原始数据!AS64)>1,"×","")) | AH63: =IF(原始数据!AT64="","",IF(COUNTIF(原始数据!64:64,原始数据!AT64)>1,"×","")) | AI63: =IF(原始数据!AU64="","",IF(COUNTIF(原始数据!64:64,原始数据!AU64)>1,"×","")) | AJ63: =IF(原始数据!AV64="","",IF(COUNTIF(原始数据!64:64,原始数据!AV64)>1,"×","")) | ... AN63: =IF(原始数据!AZ64="","",IF(COUNTIF(原始数据!64:64,原始数据!AZ64)>1,"×",""))
A64: =IF(IFERROR(原始数据!B65,"×")="×","×","") | B64: =IF(IFERROR(原始数据!C65,"×")="×","×","") | C64: =IF(IFERROR(原始数据!D65,"×")="×","×","") | D64: =IF(IFERROR(原始数据!E65,"×")="×","×","") | E64: =IF(IFERROR(原始数据!F65,"×")="×","×","") | F64: =IF(IFERROR(原始数据!G65,"×")="×","×","") | G64: =IF(IFERROR(原始数据!H65,"×")="×","×","") | H64: =IF(IFERROR(原始数据!I65,"×")="×","×","") | ... T64: =IF(IFERROR(原始数据!U65,"×")="×","×","") | U64: {=IF(原始数据!W65="-","",IF(原始数据!W65="","",IF(COUNT(FIND(原始数据!W65,原始数据!65:65))=2,"×","")))} | V64: {=IF(原始数据!Y65="-","",IF(原始数据!Y65="","",IF(COUNT(FIND(原始数据!Y65,原始数据!65:65))=2,"×","")))} | W64: =IF(原始数据!Z65="","",IF(COUNTIF(原始数据!65:65,原始数据!Z65)>1,"×","")) | X64: =IF(原始数据!AA65="","",IF(COUNTIF(原始数据!65:65,原始数据!AA65)>1,"×","")) | Y64: =IF(原始数据!AE65="","",IF(COUNTIF(原始数据!65:65,原始数据!AE65)>1,"×","")) | Z64: =IF(原始数据!AF65="","",IF(COUNTIF(原始数据!65:65,原始数据!AF65)>1,"×","")) | AA64: =IF(原始数据!AI65="","",IF(COUNTIF(原始数据!65:65,原始数据!AI65)>1,"×","")) | AB64: =IF(原始数据!AJ65="","",IF(COUNTIF(原始数据!65:65,原始数据!AJ65)>1,"×","")) | AC64: =IF(原始数据!AO65="","",IF(COUNTIF(原始数据!65:65,原始数据!AO65)>1,"×","")) | AD64: =IF(原始数据!AP65="","",IF(COUNTIF(原始数据!65:65,原始数据!AP65)>1,"×","")) | AE64: =IF(原始数据!AQ65="","",IF(COUNTIF(原始数据!65:65,原始数据!AQ65)>1,"×","")) | AF64: =IF(原始数据!AR65="","",IF(COUNTIF(原始数据!65:65,原始数据!AR65)>1,"×","")) | AG64: =IF(原始数据!AS65="","",IF(COUNTIF(原始数据!65:65,原始数据!AS65)>1,"×","")) | AH64: =IF(原始数据!AT65="","",IF(COUNTIF(原始数据!65:65,原始数据!AT65)>1,"×","")) | AI64: =IF(原始数据!AU65="","",IF(COUNTIF(原始数据!65:65,原始数据!AU65)>1,"×","")) | AJ64: =IF(原始数据!AV65="","",IF(COUNTIF(原始数据!65:65,原始数据!AV65)>1,"×","")) | ... AN64: =IF(原始数据!AZ65="","",IF(COUNTIF(原始数据!65:65,原始数据!AZ65)>1,"×",""))
A65: =IF(IFERROR(原始数据!B66,"×")="×","×","") | B65: =IF(IFERROR(原始数据!C66,"×")="×","×","") | C65: =IF(IFERROR(原始数据!D66,"×")="×","×","") | D65: =IF(IFERROR(原始数据!E66,"×")="×","×","") | E65: =IF(IFERROR(原始数据!F66,"×")="×","×","") | F65: =IF(IFERROR(原始数据!G66,"×")="×","×","") | G65: =IF(IFERROR(原始数据!H66,"×")="×","×","") | H65: =IF(IFERROR(原始数据!I66,"×")="×","×","") | ... T65: =IF(IFERROR(原始数据!U66,"×")="×","×","") | U65: {=IF(原始数据!W66="-","",IF(原始数据!W66="","",IF(COUNT(FIND(原始数据!W66,原始数据!66:66))=2,"×","")))} | V65: {=IF(原始数据!Y66="-","",IF(原始数据!Y66="","",IF(COUNT(FIND(原始数据!Y66,原始数据!66:66))=2,"×","")))} | W65: =IF(原始数据!Z66="","",IF(COUNTIF(原始数据!66:66,原始数据!Z66)>1,"×","")) | X65: =IF(原始数据!AA66="","",IF(COUNTIF(原始数据!66:66,原始数据!AA66)>1,"×","")) | Y65: =IF(原始数据!AE66="","",IF(COUNTIF(原始数据!66:66,原始数据!AE66)>1,"×","")) | Z65: =IF(原始数据!AF66="","",IF(COUNTIF(原始数据!66:66,原始数据!AF66)>1,"×","")) | AA65: =IF(原始数据!AI66="","",IF(COUNTIF(原始数据!66:66,原始数据!AI66)>1,"×","")) | AB65: =IF(原始数据!AJ66="","",IF(COUNTIF(原始数据!66:66,原始数据!AJ66)>1,"×","")) | AC65: =IF(原始数据!AO66="","",IF(COUNTIF(原始数据!66:66,原始数据!AO66)>1,"×","")) | AD65: =IF(原始数据!AP66="","",IF(COUNTIF(原始数据!66:66,原始数据!AP66)>1,"×","")) | AE65: =IF(原始数据!AQ66="","",IF(COUNTIF(原始数据!66:66,原始数据!AQ66)>1,"×","")) | AF65: =IF(原始数据!AR66="","",IF(COUNTIF(原始数据!66:66,原始数据!AR66)>1,"×","")) | AG65: =IF(原始数据!AS66="","",IF(COUNTIF(原始数据!66:66,原始数据!AS66)>1,"×","")) | AH65: =IF(原始数据!AT66="","",IF(COUNTIF(原始数据!66:66,原始数据!AT66)>1,"×","")) | AI65: =IF(原始数据!AU66="","",IF(COUNTIF(原始数据!66:66,原始数据!AU66)>1,"×","")) | AJ65: =IF(原始数据!AV66="","",IF(COUNTIF(原始数据!66:66,原始数据!AV66)>1,"×","")) | ... AN65: =IF(原始数据!AZ66="","",IF(COUNTIF(原始数据!66:66,原始数据!AZ66)>1,"×",""))
A66: =IF(IFERROR(原始数据!B67,"×")="×","×","") | B66: =IF(IFERROR(原始数据!C67,"×")="×","×","") | C66: =IF(IFERROR(原始数据!D67,"×")="×","×","") | D66: =IF(IFERROR(原始数据!E67,"×")="×","×","") | E66: =IF(IFERROR(原始数据!F67,"×")="×","×","") | F66: =IF(IFERROR(原始数据!G67,"×")="×","×","") | G66: =IF(IFERROR(原始数据!H67,"×")="×","×","") | H66: =IF(IFERROR(原始数据!I67,"×")="×","×","") | ... T66: =IF(IFERROR(原始数据!U67,"×")="×","×","") | U66: {=IF(原始数据!W67="-","",IF(原始数据!W67="","",IF(COUNT(FIND(原始数据!W67,原始数据!67:67))=2,"×","")))} | V66: {=IF(原始数据!Y67="-","",IF(原始数据!Y67="","",IF(COUNT(FIND(原始数据!Y67,原始数据!67:67))=2,"×","")))} | W66: =IF(原始数据!Z67="","",IF(COUNTIF(原始数据!67:67,原始数据!Z67)>1,"×","")) | X66: =IF(原始数据!AA67="","",IF(COUNTIF(原始数据!67:67,原始数据!AA67)>1,"×","")) | Y66: =IF(原始数据!AE67="","",IF(COUNTIF(原始数据!67:67,原始数据!AE67)>1,"×","")) | Z66: =IF(原始数据!AF67="","",IF(COUNTIF(原始数据!67:67,原始数据!AF67)>1,"×","")) | AA66: =IF(原始数据!AI67="","",IF(COUNTIF(原始数据!67:67,原始数据!AI67)>1,"×","")) | AB66: =IF(原始数据!AJ67="","",IF(COUNTIF(原始数据!67:67,原始数据!AJ67)>1,"×","")) | AC66: =IF(原始数据!AO67="","",IF(COUNTIF(原始数据!67:67,原始数据!AO67)>1,"×","")) | AD66: =IF(原始数据!AP67="","",IF(COUNTIF(原始数据!67:67,原始数据!AP67)>1,"×","")) | AE66: =IF(原始数据!AQ67="","",IF(COUNTIF(原始数据!67:67,原始数据!AQ67)>1,"×","")) | AF66: =IF(原始数据!AR67="","",IF(COUNTIF(原始数据!67:67,原始数据!AR67)>1,"×","")) | AG66: =IF(原始数据!AS67="","",IF(COUNTIF(原始数据!67:67,原始数据!AS67)>1,"×","")) | AH66: =IF(原始数据!AT67="","",IF(COUNTIF(原始数据!67:67,原始数据!AT67)>1,"×","")) | AI66: =IF(原始数据!AU67="","",IF(COUNTIF(原始数据!67:67,原始数据!AU67)>1,"×","")) | AJ66: =IF(原始数据!AV67="","",IF(COUNTIF(原始数据!67:67,原始数据!AV67)>1,"×","")) | ... AN66: =IF(原始数据!AZ67="","",IF(COUNTIF(原始数据!67:67,原始数据!AZ67)>1,"×",""))
A67: =IF(IFERROR(原始数据!B68,"×")="×","×","") | B67: =IF(IFERROR(原始数据!C68,"×")="×","×","") | C67: =IF(IFERROR(原始数据!D68,"×")="×","×","") | D67: =IF(IFERROR(原始数据!E68,"×")="×","×","") | E67: =IF(IFERROR(原始数据!F68,"×")="×","×","") | F67: =IF(IFERROR(原始数据!G68,"×")="×","×","") | G67: =IF(IFERROR(原始数据!H68,"×")="×","×","") | H67: =IF(IFERROR(原始数据!I68,"×")="×","×","") | ... T67: =IF(IFERROR(原始数据!U68,"×")="×","×","") | U67: {=IF(原始数据!W68="-","",IF(原始数据!W68="","",IF(COUNT(FIND(原始数据!W68,原始数据!68:68))=2,"×","")))} | V67: {=IF(原始数据!Y68="-","",IF(原始数据!Y68="","",IF(COUNT(FIND(原始数据!Y68,原始数据!68:68))=2,"×","")))} | W67: =IF(原始数据!Z68="","",IF(COUNTIF(原始数据!68:68,原始数据!Z68)>1,"×","")) | X67: =IF(原始数据!AA68="","",IF(COUNTIF(原始数据!68:68,原始数据!AA68)>1,"×","")) | Y67: =IF(原始数据!AE68="","",IF(COUNTIF(原始数据!68:68,原始数据!AE68)>1,"×","")) | Z67: =IF(原始数据!AF68="","",IF(COUNTIF(原始数据!68:68,原始数据!AF68)>1,"×","")) | AA67: =IF(原始数据!AI68="","",IF(COUNTIF(原始数据!68:68,原始数据!AI68)>1,"×","")) | AB67: =IF(原始数据!AJ68="","",IF(COUNTIF(原始数据!68:68,原始数据!AJ68)>1,"×","")) | AC67: =IF(原始数据!AO68="","",IF(COUNTIF(原始数据!68:68,原始数据!AO68)>1,"×","")) | AD67: =IF(原始数据!AP68="","",IF(COUNTIF(原始数据!68:68,原始数据!AP68)>1,"×","")) | AE67: =IF(原始数据!AQ68="","",IF(COUNTIF(原始数据!68:68,原始数据!AQ68)>1,"×","")) | AF67: =IF(原始数据!AR68="","",IF(COUNTIF(原始数据!68:68,原始数据!AR68)>1,"×","")) | AG67: =IF(原始数据!AS68="","",IF(COUNTIF(原始数据!68:68,原始数据!AS68)>1,"×","")) | AH67: =IF(原始数据!AT68="","",IF(COUNTIF(原始数据!68:68,原始数据!AT68)>1,"×","")) | AI67: =IF(原始数据!AU68="","",IF(COUNTIF(原始数据!68:68,原始数据!AU68)>1,"×","")) | AJ67: =IF(原始数据!AV68="","",IF(COUNTIF(原始数据!68:68,原始数据!AV68)>1,"×","")) | ... AN67: =IF(原始数据!AZ68="","",IF(COUNTIF(原始数据!68:68,原始数据!AZ68)>1,"×",""))
A68: =IF(IFERROR(原始数据!B69,"×")="×","×","") | B68: =IF(IFERROR(原始数据!C69,"×")="×","×","") | C68: =IF(IFERROR(原始数据!D69,"×")="×","×","") | D68: =IF(IFERROR(原始数据!E69,"×")="×","×","") | E68: =IF(IFERROR(原始数据!F69,"×")="×","×","") | F68: =IF(IFERROR(原始数据!G69,"×")="×","×","") | G68: =IF(IFERROR(原始数据!H69,"×")="×","×","") | H68: =IF(IFERROR(原始数据!I69,"×")="×","×","") | ... T68: =IF(IFERROR(原始数据!U69,"×")="×","×","") | U68: {=IF(原始数据!W69="-","",IF(原始数据!W69="","",IF(COUNT(FIND(原始数据!W69,原始数据!69:69))=2,"×","")))} | V68: {=IF(原始数据!Y69="-","",IF(原始数据!Y69="","",IF(COUNT(FIND(原始数据!Y69,原始数据!69:69))=2,"×","")))} | W68: =IF(原始数据!Z69="","",IF(COUNTIF(原始数据!69:69,原始数据!Z69)>1,"×","")) | X68: =IF(原始数据!AA69="","",IF(COUNTIF(原始数据!69:69,原始数据!AA69)>1,"×","")) | Y68: =IF(原始数据!AE69="","",IF(COUNTIF(原始数据!69:69,原始数据!AE69)>1,"×","")) | Z68: =IF(原始数据!AF69="","",IF(COUNTIF(原始数据!69:69,原始数据!AF69)>1,"×","")) | AA68: =IF(原始数据!AI69="","",IF(COUNTIF(原始数据!69:69,原始数据!AI69)>1,"×","")) | AB68: =IF(原始数据!AJ69="","",IF(COUNTIF(原始数据!69:69,原始数据!AJ69)>1,"×","")) | AC68: =IF(原始数据!AO69="","",IF(COUNTIF(原始数据!69:69,原始数据!AO69)>1,"×","")) | AD68: =IF(原始数据!AP69="","",IF(COUNTIF(原始数据!69:69,原始数据!AP69)>1,"×","")) | AE68: =IF(原始数据!AQ69="","",IF(COUNTIF(原始数据!69:69,原始数据!AQ69)>1,"×","")) | AF68: =IF(原始数据!AR69="","",IF(COUNTIF(原始数据!69:69,原始数据!AR69)>1,"×","")) | AG68: =IF(原始数据!AS69="","",IF(COUNTIF(原始数据!69:69,原始数据!AS69)>1,"×","")) | AH68: =IF(原始数据!AT69="","",IF(COUNTIF(原始数据!69:69,原始数据!AT69)>1,"×","")) | AI68: =IF(原始数据!AU69="","",IF(COUNTIF(原始数据!69:69,原始数据!AU69)>1,"×","")) | AJ68: =IF(原始数据!AV69="","",IF(COUNTIF(原始数据!69:69,原始数据!AV69)>1,"×","")) | ... AN68: =IF(原始数据!AZ69="","",IF(COUNTIF(原始数据!69:69,原始数据!AZ69)>1,"×",""))
A69: =IF(IFERROR(原始数据!B70,"×")="×","×","") | B69: =IF(IFERROR(原始数据!C70,"×")="×","×","") | C69: =IF(IFERROR(原始数据!D70,"×")="×","×","") | D69: =IF(IFERROR(原始数据!E70,"×")="×","×","") | E69: =IF(IFERROR(原始数据!F70,"×")="×","×","") | F69: =IF(IFERROR(原始数据!G70,"×")="×","×","") | G69: =IF(IFERROR(原始数据!H70,"×")="×","×","") | H69: =IF(IFERROR(原始数据!I70,"×")="×","×","") | ... T69: =IF(IFERROR(原始数据!U70,"×")="×","×","") | U69: {=IF(原始数据!W70="-","",IF(原始数据!W70="","",IF(COUNT(FIND(原始数据!W70,原始数据!70:70))=2,"×","")))} | V69: {=IF(原始数据!Y70="-","",IF(原始数据!Y70="","",IF(COUNT(FIND(原始数据!Y70,原始数据!70:70))=2,"×","")))} | W69: =IF(原始数据!Z70="","",IF(COUNTIF(原始数据!70:70,原始数据!Z70)>1,"×","")) | X69: =IF(原始数据!AA70="","",IF(COUNTIF(原始数据!70:70,原始数据!AA70)>1,"×","")) | Y69: =IF(原始数据!AE70="","",IF(COUNTIF(原始数据!70:70,原始数据!AE70)>1,"×","")) | Z69: =IF(原始数据!AF70="","",IF(COUNTIF(原始数据!70:70,原始数据!AF70)>1,"×","")) | AA69: =IF(原始数据!AI70="","",IF(COUNTIF(原始数据!70:70,原始数据!AI70)>1,"×","")) | AB69: =IF(原始数据!AJ70="","",IF(COUNTIF(原始数据!70:70,原始数据!AJ70)>1,"×","")) | AC69: =IF(原始数据!AO70="","",IF(COUNTIF(原始数据!70:70,原始数据!AO70)>1,"×","")) | AD69: =IF(原始数据!AP70="","",IF(COUNTIF(原始数据!70:70,原始数据!AP70)>1,"×","")) | AE69: =IF(原始数据!AQ70="","",IF(COUNTIF(原始数据!70:70,原始数据!AQ70)>1,"×","")) | AF69: =IF(原始数据!AR70="","",IF(COUNTIF(原始数据!70:70,原始数据!AR70)>1,"×","")) | AG69: =IF(原始数据!AS70="","",IF(COUNTIF(原始数据!70:70,原始数据!AS70)>1,"×","")) | AH69: =IF(原始数据!AT70="","",IF(COUNTIF(原始数据!70:70,原始数据!AT70)>1,"×","")) | AI69: =IF(原始数据!AU70="","",IF(COUNTIF(原始数据!70:70,原始数据!AU70)>1,"×","")) | AJ69: =IF(原始数据!AV70="","",IF(COUNTIF(原始数据!70:70,原始数据!AV70)>1,"×","")) | ... AN69: =IF(原始数据!AZ70="","",IF(COUNTIF(原始数据!70:70,原始数据!AZ70)>1,"×",""))
A70: =IF(IFERROR(原始数据!B71,"×")="×","×","") | B70: =IF(IFERROR(原始数据!C71,"×")="×","×","") | C70: =IF(IFERROR(原始数据!D71,"×")="×","×","") | D70: =IF(IFERROR(原始数据!E71,"×")="×","×","") | E70: =IF(IFERROR(原始数据!F71,"×")="×","×","") | F70: =IF(IFERROR(原始数据!G71,"×")="×","×","") | G70: =IF(IFERROR(原始数据!H71,"×")="×","×","") | H70: =IF(IFERROR(原始数据!I71,"×")="×","×","") | ... T70: =IF(IFERROR(原始数据!U71,"×")="×","×","") | U70: {=IF(原始数据!W71="-","",IF(原始数据!W71="","",IF(COUNT(FIND(原始数据!W71,原始数据!71:71))=2,"×","")))} | V70: {=IF(原始数据!Y71="-","",IF(原始数据!Y71="","",IF(COUNT(FIND(原始数据!Y71,原始数据!71:71))=2,"×","")))} | W70: =IF(原始数据!Z71="","",IF(COUNTIF(原始数据!71:71,原始数据!Z71)>1,"×","")) -> × | X70: =IF(原始数据!AA71="","",IF(COUNTIF(原始数据!71:71,原始数据!AA71)>1,"×","")) -> × | Y70: =IF(原始数据!AE71="","",IF(COUNTIF(原始数据!71:71,原始数据!AE71)>1,"×","")) | Z70: =IF(原始数据!AF71="","",IF(COUNTIF(原始数据!71:71,原始数据!AF71)>1,"×","")) | AA70: =IF(原始数据!AI71="","",IF(COUNTIF(原始数据!71:71,原始数据!AI71)>1,"×","")) | AB70: =IF(原始数据!AJ71="","",IF(COUNTIF(原始数据!71:71,原始数据!AJ71)>1,"×","")) | AC70: =IF(原始数据!AO71="","",IF(COUNTIF(原始数据!71:71,原始数据!AO71)>1,"×","")) | AD70: =IF(原始数据!AP71="","",IF(COUNTIF(原始数据!71:71,原始数据!AP71)>1,"×","")) | AE70: =IF(原始数据!AQ71="","",IF(COUNTIF(原始数据!71:71,原始数据!AQ71)>1,"×","")) | AF70: =IF(原始数据!AR71="","",IF(COUNTIF(原始数据!71:71,原始数据!AR71)>1,"×","")) | AG70: =IF(原始数据!AS71="","",IF(COUNTIF(原始数据!71:71,原始数据!AS71)>1,"×","")) | AH70: =IF(原始数据!AT71="","",IF(COUNTIF(原始数据!71:71,原始数据!AT71)>1,"×","")) -> × | AI70: =IF(原始数据!AU71="","",IF(COUNTIF(原始数据!71:71,原始数据!AU71)>1,"×","")) -> × | AJ70: =IF(原始数据!AV71="","",IF(COUNTIF(原始数据!71:71,原始数据!AV71)>1,"×","")) -> × | ... AN70: =IF(原始数据!AZ71="","",IF(COUNTIF(原始数据!71:71,原始数据!AZ71)>1,"×",""))
A71: =IF(IFERROR(原始数据!B72,"×")="×","×","") | B71: =IF(IFERROR(原始数据!C72,"×")="×","×","") | C71: =IF(IFERROR(原始数据!D72,"×")="×","×","") | D71: =IF(IFERROR(原始数据!E72,"×")="×","×","") | E71: =IF(IFERROR(原始数据!F72,"×")="×","×","") | F71: =IF(IFERROR(原始数据!G72,"×")="×","×","") | G71: =IF(IFERROR(原始数据!H72,"×")="×","×","") | H71: =IF(IFERROR(原始数据!I72,"×")="×","×","") | ... T71: =IF(IFERROR(原始数据!U72,"×")="×","×","") | U71: {=IF(原始数据!W72="-","",IF(原始数据!W72="","",IF(COUNT(FIND(原始数据!W72,原始数据!72:72))=2,"×","")))} | V71: {=IF(原始数据!Y72="-","",IF(原始数据!Y72="","",IF(COUNT(FIND(原始数据!Y72,原始数据!72:72))=2,"×","")))} | W71: =IF(原始数据!Z72="","",IF(COUNTIF(原始数据!72:72,原始数据!Z72)>1,"×","")) | X71: =IF(原始数据!AA72="","",IF(COUNTIF(原始数据!72:72,原始数据!AA72)>1,"×","")) -> × | Y71: =IF(原始数据!AE72="","",IF(COUNTIF(原始数据!72:72,原始数据!AE72)>1,"×","")) | Z71: =IF(原始数据!AF72="","",IF(COUNTIF(原始数据!72:72,原始数据!AF72)>1,"×","")) | AA71: =IF(原始数据!AI72="","",IF(COUNTIF(原始数据!72:72,原始数据!AI72)>1,"×","")) | AB71: =IF(原始数据!AJ72="","",IF(COUNTIF(原始数据!72:72,原始数据!AJ72)>1,"×","")) | AC71: =IF(原始数据!AO72="","",IF(COUNTIF(原始数据!72:72,原始数据!AO72)>1,"×","")) | AD71: =IF(原始数据!AP72="","",IF(COUNTIF(原始数据!72:72,原始数据!AP72)>1,"×","")) | AE71: =IF(原始数据!AQ72="","",IF(COUNTIF(原始数据!72:72,原始数据!AQ72)>1,"×","")) | AF71: =IF(原始数据!AR72="","",IF(COUNTIF(原始数据!72:72,原始数据!AR72)>1,"×","")) -> × | AG71: =IF(原始数据!AS72="","",IF(COUNTIF(原始数据!72:72,原始数据!AS72)>1,"×","")) | AH71: =IF(原始数据!AT72="","",IF(COUNTIF(原始数据!72:72,原始数据!AT72)>1,"×","")) -> × | AI71: =IF(原始数据!AU72="","",IF(COUNTIF(原始数据!72:72,原始数据!AU72)>1,"×","")) | AJ71: =IF(原始数据!AV72="","",IF(COUNTIF(原始数据!72:72,原始数据!AV72)>1,"×","")) | ... AN71: =IF(原始数据!AZ72="","",IF(COUNTIF(原始数据!72:72,原始数据!AZ72)>1,"×",""))
A72: =IF(IFERROR(原始数据!B73,"×")="×","×","") | B72: =IF(IFERROR(原始数据!C73,"×")="×","×","") | C72: =IF(IFERROR(原始数据!D73,"×")="×","×","") | D72: =IF(IFERROR(原始数据!E73,"×")="×","×","") | E72: =IF(IFERROR(原始数据!F73,"×")="×","×","") | F72: =IF(IFERROR(原始数据!G73,"×")="×","×","") | G72: =IF(IFERROR(原始数据!H73,"×")="×","×","") | H72: =IF(IFERROR(原始数据!I73,"×")="×","×","") | ... T72: =IF(IFERROR(原始数据!U73,"×")="×","×","") | U72: {=IF(原始数据!W73="-","",IF(原始数据!W73="","",IF(COUNT(FIND(原始数据!W73,原始数据!73:73))=2,"×","")))} | V72: {=IF(原始数据!Y73="-","",IF(原始数据!Y73="","",IF(COUNT(FIND(原始数据!Y73,原始数据!73:73))=2,"×","")))} | W72: =IF(原始数据!Z73="","",IF(COUNTIF(原始数据!73:73,原始数据!Z73)>1,"×","")) | X72: =IF(原始数据!AA73="","",IF(COUNTIF(原始数据!73:73,原始数据!AA73)>1,"×","")) | Y72: =IF(原始数据!AE73="","",IF(COUNTIF(原始数据!73:73,原始数据!AE73)>1,"×","")) | Z72: =IF(原始数据!AF73="","",IF(COUNTIF(原始数据!73:73,原始数据!AF73)>1,"×","")) | AA72: =IF(原始数据!AI73="","",IF(COUNTIF(原始数据!73:73,原始数据!AI73)>1,"×","")) | AB72: =IF(原始数据!AJ73="","",IF(COUNTIF(原始数据!73:73,原始数据!AJ73)>1,"×","")) | AC72: =IF(原始数据!AO73="","",IF(COUNTIF(原始数据!73:73,原始数据!AO73)>1,"×","")) | AD72: =IF(原始数据!AP73="","",IF(COUNTIF(原始数据!73:73,原始数据!AP73)>1,"×","")) | AE72: =IF(原始数据!AQ73="","",IF(COUNTIF(原始数据!73:73,原始数据!AQ73)>1,"×","")) | AF72: =IF(原始数据!AR73="","",IF(COUNTIF(原始数据!73:73,原始数据!AR73)>1,"×","")) | AG72: =IF(原始数据!AS73="","",IF(COUNTIF(原始数据!73:73,原始数据!AS73)>1,"×","")) | AH72: =IF(原始数据!AT73="","",IF(COUNTIF(原始数据!73:73,原始数据!AT73)>1,"×","")) | AI72: =IF(原始数据!AU73="","",IF(COUNTIF(原始数据!73:73,原始数据!AU73)>1,"×","")) | AJ72: =IF(原始数据!AV73="","",IF(COUNTIF(原始数据!73:73,原始数据!AV73)>1,"×","")) | ... AN72: =IF(原始数据!AZ73="","",IF(COUNTIF(原始数据!73:73,原始数据!AZ73)>1,"×",""))
A73: =IF(IFERROR(原始数据!B74,"×")="×","×","") | B73: =IF(IFERROR(原始数据!C74,"×")="×","×","") | C73: =IF(IFERROR(原始数据!D74,"×")="×","×","") | D73: =IF(IFERROR(原始数据!E74,"×")="×","×","") | E73: =IF(IFERROR(原始数据!F74,"×")="×","×","") | F73: =IF(IFERROR(原始数据!G74,"×")="×","×","") | G73: =IF(IFERROR(原始数据!H74,"×")="×","×","") | H73: =IF(IFERROR(原始数据!I74,"×")="×","×","") | ... T73: =IF(IFERROR(原始数据!U74,"×")="×","×","") | U73: {=IF(原始数据!W74="-","",IF(原始数据!W74="","",IF(COUNT(FIND(原始数据!W74,原始数据!74:74))=2,"×","")))} | V73: {=IF(原始数据!Y74="-","",IF(原始数据!Y74="","",IF(COUNT(FIND(原始数据!Y74,原始数据!74:74))=2,"×","")))} | W73: =IF(原始数据!Z74="","",IF(COUNTIF(原始数据!74:74,原始数据!Z74)>1,"×","")) | X73: =IF(原始数据!AA74="","",IF(COUNTIF(原始数据!74:74,原始数据!AA74)>1,"×","")) | Y73: =IF(原始数据!AE74="","",IF(COUNTIF(原始数据!74:74,原始数据!AE74)>1,"×","")) | Z73: =IF(原始数据!AF74="","",IF(COUNTIF(原始数据!74:74,原始数据!AF74)>1,"×","")) | AA73: =IF(原始数据!AI74="","",IF(COUNTIF(原始数据!74:74,原始数据!AI74)>1,"×","")) | AB73: =IF(原始数据!AJ74="","",IF(COUNTIF(原始数据!74:74,原始数据!AJ74)>1,"×","")) | AC73: =IF(原始数据!AO74="","",IF(COUNTIF(原始数据!74:74,原始数据!AO74)>1,"×","")) | AD73: =IF(原始数据!AP74="","",IF(COUNTIF(原始数据!74:74,原始数据!AP74)>1,"×","")) | AE73: =IF(原始数据!AQ74="","",IF(COUNTIF(原始数据!74:74,原始数据!AQ74)>1,"×","")) | AF73: =IF(原始数据!AR74="","",IF(COUNTIF(原始数据!74:74,原始数据!AR74)>1,"×","")) | AG73: =IF(原始数据!AS74="","",IF(COUNTIF(原始数据!74:74,原始数据!AS74)>1,"×","")) | AH73: =IF(原始数据!AT74="","",IF(COUNTIF(原始数据!74:74,原始数据!AT74)>1,"×","")) | AI73: =IF(原始数据!AU74="","",IF(COUNTIF(原始数据!74:74,原始数据!AU74)>1,"×","")) | AJ73: =IF(原始数据!AV74="","",IF(COUNTIF(原始数据!74:74,原始数据!AV74)>1,"×","")) | ... AN73: =IF(原始数据!AZ74="","",IF(COUNTIF(原始数据!74:74,原始数据!AZ74)>1,"×",""))
A74: =IF(IFERROR(原始数据!B75,"×")="×","×","") | B74: =IF(IFERROR(原始数据!C75,"×")="×","×","") | C74: =IF(IFERROR(原始数据!D75,"×")="×","×","") | D74: =IF(IFERROR(原始数据!E75,"×")="×","×","") | E74: =IF(IFERROR(原始数据!F75,"×")="×","×","") | F74: =IF(IFERROR(原始数据!G75,"×")="×","×","") | G74: =IF(IFERROR(原始数据!H75,"×")="×","×","") | H74: =IF(IFERROR(原始数据!I75,"×")="×","×","") | ... T74: =IF(IFERROR(原始数据!U75,"×")="×","×","") | U74: {=IF(原始数据!W75="-","",IF(原始数据!W75="","",IF(COUNT(FIND(原始数据!W75,原始数据!75:75))=2,"×","")))} | V74: {=IF(原始数据!Y75="-","",IF(原始数据!Y75="","",IF(COUNT(FIND(原始数据!Y75,原始数据!75:75))=2,"×","")))} | W74: =IF(原始数据!Z75="","",IF(COUNTIF(原始数据!75:75,原始数据!Z75)>1,"×","")) | X74: =IF(原始数据!AA75="","",IF(COUNTIF(原始数据!75:75,原始数据!AA75)>1,"×","")) | Y74: =IF(原始数据!AE75="","",IF(COUNTIF(原始数据!75:75,原始数据!AE75)>1,"×","")) | Z74: =IF(原始数据!AF75="","",IF(COUNTIF(原始数据!75:75,原始数据!AF75)>1,"×","")) | AA74: =IF(原始数据!AI75="","",IF(COUNTIF(原始数据!75:75,原始数据!AI75)>1,"×","")) | AB74: =IF(原始数据!AJ75="","",IF(COUNTIF(原始数据!75:75,原始数据!AJ75)>1,"×","")) | AC74: =IF(原始数据!AO75="","",IF(COUNTIF(原始数据!75:75,原始数据!AO75)>1,"×","")) | AD74: =IF(原始数据!AP75="","",IF(COUNTIF(原始数据!75:75,原始数据!AP75)>1,"×","")) | AE74: =IF(原始数据!AQ75="","",IF(COUNTIF(原始数据!75:75,原始数据!AQ75)>1,"×","")) | AF74: =IF(原始数据!AR75="","",IF(COUNTIF(原始数据!75:75,原始数据!AR75)>1,"×","")) | AG74: =IF(原始数据!AS75="","",IF(COUNTIF(原始数据!75:75,原始数据!AS75)>1,"×","")) | AH74: =IF(原始数据!AT75="","",IF(COUNTIF(原始数据!75:75,原始数据!AT75)>1,"×","")) | AI74: =IF(原始数据!AU75="","",IF(COUNTIF(原始数据!75:75,原始数据!AU75)>1,"×","")) | AJ74: =IF(原始数据!AV75="","",IF(COUNTIF(原始数据!75:75,原始数据!AV75)>1,"×","")) | ... AN74: =IF(原始数据!AZ75="","",IF(COUNTIF(原始数据!75:75,原始数据!AZ75)>1,"×",""))
A75: =IF(IFERROR(原始数据!B76,"×")="×","×","") | B75: =IF(IFERROR(原始数据!C76,"×")="×","×","") | C75: =IF(IFERROR(原始数据!D76,"×")="×","×","") | D75: =IF(IFERROR(原始数据!E76,"×")="×","×","") | E75: =IF(IFERROR(原始数据!F76,"×")="×","×","") | F75: =IF(IFERROR(原始数据!G76,"×")="×","×","") | G75: =IF(IFERROR(原始数据!H76,"×")="×","×","") | H75: =IF(IFERROR(原始数据!I76,"×")="×","×","") | ... T75: =IF(IFERROR(原始数据!U76,"×")="×","×","") | U75: {=IF(原始数据!W76="-","",IF(原始数据!W76="","",IF(COUNT(FIND(原始数据!W76,原始数据!76:76))=2,"×","")))} | V75: {=IF(原始数据!Y76="-","",IF(原始数据!Y76="","",IF(COUNT(FIND(原始数据!Y76,原始数据!76:76))=2,"×","")))} | W75: =IF(原始数据!Z76="","",IF(COUNTIF(原始数据!76:76,原始数据!Z76)>1,"×","")) | X75: =IF(原始数据!AA76="","",IF(COUNTIF(原始数据!76:76,原始数据!AA76)>1,"×","")) | Y75: =IF(原始数据!AE76="","",IF(COUNTIF(原始数据!76:76,原始数据!AE76)>1,"×","")) | Z75: =IF(原始数据!AF76="","",IF(COUNTIF(原始数据!76:76,原始数据!AF76)>1,"×","")) | AA75: =IF(原始数据!AI76="","",IF(COUNTIF(原始数据!76:76,原始数据!AI76)>1,"×","")) | AB75: =IF(原始数据!AJ76="","",IF(COUNTIF(原始数据!76:76,原始数据!AJ76)>1,"×","")) | AC75: =IF(原始数据!AO76="","",IF(COUNTIF(原始数据!76:76,原始数据!AO76)>1,"×","")) | AD75: =IF(原始数据!AP76="","",IF(COUNTIF(原始数据!76:76,原始数据!AP76)>1,"×","")) | AE75: =IF(原始数据!AQ76="","",IF(COUNTIF(原始数据!76:76,原始数据!AQ76)>1,"×","")) | AF75: =IF(原始数据!AR76="","",IF(COUNTIF(原始数据!76:76,原始数据!AR76)>1,"×","")) | AG75: =IF(原始数据!AS76="","",IF(COUNTIF(原始数据!76:76,原始数据!AS76)>1,"×","")) | AH75: =IF(原始数据!AT76="","",IF(COUNTIF(原始数据!76:76,原始数据!AT76)>1,"×","")) | AI75: =IF(原始数据!AU76="","",IF(COUNTIF(原始数据!76:76,原始数据!AU76)>1,"×","")) | AJ75: =IF(原始数据!AV76="","",IF(COUNTIF(原始数据!76:76,原始数据!AV76)>1,"×","")) | ... AN75: =IF(原始数据!AZ76="","",IF(COUNTIF(原始数据!76:76,原始数据!AZ76)>1,"×",""))
A76: =IF(IFERROR(原始数据!B77,"×")="×","×","") | B76: =IF(IFERROR(原始数据!C77,"×")="×","×","") | C76: =IF(IFERROR(原始数据!D77,"×")="×","×","") | D76: =IF(IFERROR(原始数据!E77,"×")="×","×","") | E76: =IF(IFERROR(原始数据!F77,"×")="×","×","") | F76: =IF(IFERROR(原始数据!G77,"×")="×","×","") | G76: =IF(IFERROR(原始数据!H77,"×")="×","×","") | H76: =IF(IFERROR(原始数据!I77,"×")="×","×","") | ... T76: =IF(IFERROR(原始数据!U77,"×")="×","×","") | U76: {=IF(原始数据!W77="-","",IF(原始数据!W77="","",IF(COUNT(FIND(原始数据!W77,原始数据!77:77))=2,"×","")))} | V76: {=IF(原始数据!Y77="-","",IF(原始数据!Y77="","",IF(COUNT(FIND(原始数据!Y77,原始数据!77:77))=2,"×","")))} | W76: =IF(原始数据!Z77="","",IF(COUNTIF(原始数据!77:77,原始数据!Z77)>1,"×","")) | X76: =IF(原始数据!AA77="","",IF(COUNTIF(原始数据!77:77,原始数据!AA77)>1,"×","")) | Y76: =IF(原始数据!AE77="","",IF(COUNTIF(原始数据!77:77,原始数据!AE77)>1,"×","")) | Z76: =IF(原始数据!AF77="","",IF(COUNTIF(原始数据!77:77,原始数据!AF77)>1,"×","")) | AA76: =IF(原始数据!AI77="","",IF(COUNTIF(原始数据!77:77,原始数据!AI77)>1,"×","")) | AB76: =IF(原始数据!AJ77="","",IF(COUNTIF(原始数据!77:77,原始数据!AJ77)>1,"×","")) | AC76: =IF(原始数据!AO77="","",IF(COUNTIF(原始数据!77:77,原始数据!AO77)>1,"×","")) | AD76: =IF(原始数据!AP77="","",IF(COUNTIF(原始数据!77:77,原始数据!AP77)>1,"×","")) | AE76: =IF(原始数据!AQ77="","",IF(COUNTIF(原始数据!77:77,原始数据!AQ77)>1,"×","")) | AF76: =IF(原始数据!AR77="","",IF(COUNTIF(原始数据!77:77,原始数据!AR77)>1,"×","")) | AG76: =IF(原始数据!AS77="","",IF(COUNTIF(原始数据!77:77,原始数据!AS77)>1,"×","")) | AH76: =IF(原始数据!AT77="","",IF(COUNTIF(原始数据!77:77,原始数据!AT77)>1,"×","")) | AI76: =IF(原始数据!AU77="","",IF(COUNTIF(原始数据!77:77,原始数据!AU77)>1,"×","")) | AJ76: =IF(原始数据!AV77="","",IF(COUNTIF(原始数据!77:77,原始数据!AV77)>1,"×","")) | ... AN76: =IF(原始数据!AZ77="","",IF(COUNTIF(原始数据!77:77,原始数据!AZ77)>1,"×",""))
A77: =IF(IFERROR(原始数据!B78,"×")="×","×","") | B77: =IF(IFERROR(原始数据!C78,"×")="×","×","") | C77: =IF(IFERROR(原始数据!D78,"×")="×","×","") | D77: =IF(IFERROR(原始数据!E78,"×")="×","×","") | E77: =IF(IFERROR(原始数据!F78,"×")="×","×","") | F77: =IF(IFERROR(原始数据!G78,"×")="×","×","") | G77: =IF(IFERROR(原始数据!H78,"×")="×","×","") | H77: =IF(IFERROR(原始数据!I78,"×")="×","×","") | ... T77: =IF(IFERROR(原始数据!U78,"×")="×","×","") | U77: {=IF(原始数据!W78="-","",IF(原始数据!W78="","",IF(COUNT(FIND(原始数据!W78,原始数据!78:78))=2,"×","")))} | V77: {=IF(原始数据!Y78="-","",IF(原始数据!Y78="","",IF(COUNT(FIND(原始数据!Y78,原始数据!78:78))=2,"×","")))} | W77: =IF(原始数据!Z78="","",IF(COUNTIF(原始数据!78:78,原始数据!Z78)>1,"×","")) | X77: =IF(原始数据!AA78="","",IF(COUNTIF(原始数据!78:78,原始数据!AA78)>1,"×","")) | Y77: =IF(原始数据!AE78="","",IF(COUNTIF(原始数据!78:78,原始数据!AE78)>1,"×","")) | Z77: =IF(原始数据!AF78="","",IF(COUNTIF(原始数据!78:78,原始数据!AF78)>1,"×","")) | AA77: =IF(原始数据!AI78="","",IF(COUNTIF(原始数据!78:78,原始数据!AI78)>1,"×","")) | AB77: =IF(原始数据!AJ78="","",IF(COUNTIF(原始数据!78:78,原始数据!AJ78)>1,"×","")) | AC77: =IF(原始数据!AO78="","",IF(COUNTIF(原始数据!78:78,原始数据!AO78)>1,"×","")) | AD77: =IF(原始数据!AP78="","",IF(COUNTIF(原始数据!78:78,原始数据!AP78)>1,"×","")) | AE77: =IF(原始数据!AQ78="","",IF(COUNTIF(原始数据!78:78,原始数据!AQ78)>1,"×","")) | AF77: =IF(原始数据!AR78="","",IF(COUNTIF(原始数据!78:78,原始数据!AR78)>1,"×","")) | AG77: =IF(原始数据!AS78="","",IF(COUNTIF(原始数据!78:78,原始数据!AS78)>1,"×","")) | AH77: =IF(原始数据!AT78="","",IF(COUNTIF(原始数据!78:78,原始数据!AT78)>1,"×","")) | AI77: =IF(原始数据!AU78="","",IF(COUNTIF(原始数据!78:78,原始数据!AU78)>1,"×","")) | AJ77: =IF(原始数据!AV78="","",IF(COUNTIF(原始数据!78:78,原始数据!AV78)>1,"×","")) | ... AN77: =IF(原始数据!AZ78="","",IF(COUNTIF(原始数据!78:78,原始数据!AZ78)>1,"×",""))
A78: =IF(IFERROR(原始数据!B79,"×")="×","×","") | B78: =IF(IFERROR(原始数据!C79,"×")="×","×","") | C78: =IF(IFERROR(原始数据!D79,"×")="×","×","") | D78: =IF(IFERROR(原始数据!E79,"×")="×","×","") | E78: =IF(IFERROR(原始数据!F79,"×")="×","×","") | F78: =IF(IFERROR(原始数据!G79,"×")="×","×","") | G78: =IF(IFERROR(原始数据!H79,"×")="×","×","") | H78: =IF(IFERROR(原始数据!I79,"×")="×","×","") | ... T78: =IF(IFERROR(原始数据!U79,"×")="×","×","") | U78: {=IF(原始数据!W79="-","",IF(原始数据!W79="","",IF(COUNT(FIND(原始数据!W79,原始数据!79:79))=2,"×","")))} | V78: {=IF(原始数据!Y79="-","",IF(原始数据!Y79="","",IF(COUNT(FIND(原始数据!Y79,原始数据!79:79))=2,"×","")))} | W78: =IF(原始数据!Z79="","",IF(COUNTIF(原始数据!79:79,原始数据!Z79)>1,"×","")) | X78: =IF(原始数据!AA79="","",IF(COUNTIF(原始数据!79:79,原始数据!AA79)>1,"×","")) | Y78: =IF(原始数据!AE79="","",IF(COUNTIF(原始数据!79:79,原始数据!AE79)>1,"×","")) | Z78: =IF(原始数据!AF79="","",IF(COUNTIF(原始数据!79:79,原始数据!AF79)>1,"×","")) | AA78: =IF(原始数据!AI79="","",IF(COUNTIF(原始数据!79:79,原始数据!AI79)>1,"×","")) | AB78: =IF(原始数据!AJ79="","",IF(COUNTIF(原始数据!79:79,原始数据!AJ79)>1,"×","")) | AC78: =IF(原始数据!AO79="","",IF(COUNTIF(原始数据!79:79,原始数据!AO79)>1,"×","")) | AD78: =IF(原始数据!AP79="","",IF(COUNTIF(原始数据!79:79,原始数据!AP79)>1,"×","")) | AE78: =IF(原始数据!AQ79="","",IF(COUNTIF(原始数据!79:79,原始数据!AQ79)>1,"×","")) | AF78: =IF(原始数据!AR79="","",IF(COUNTIF(原始数据!79:79,原始数据!AR79)>1,"×","")) | AG78: =IF(原始数据!AS79="","",IF(COUNTIF(原始数据!79:79,原始数据!AS79)>1,"×","")) | AH78: =IF(原始数据!AT79="","",IF(COUNTIF(原始数据!79:79,原始数据!AT79)>1,"×","")) | AI78: =IF(原始数据!AU79="","",IF(COUNTIF(原始数据!79:79,原始数据!AU79)>1,"×","")) | AJ78: =IF(原始数据!AV79="","",IF(COUNTIF(原始数据!79:79,原始数据!AV79)>1,"×","")) | ... AN78: =IF(原始数据!AZ79="","",IF(COUNTIF(原始数据!79:79,原始数据!AZ79)>1,"×",""))
A79: =IF(IFERROR(原始数据!B80,"×")="×","×","") | B79: =IF(IFERROR(原始数据!C80,"×")="×","×","") | C79: =IF(IFERROR(原始数据!D80,"×")="×","×","") | D79: =IF(IFERROR(原始数据!E80,"×")="×","×","") | E79: =IF(IFERROR(原始数据!F80,"×")="×","×","") | F79: =IF(IFERROR(原始数据!G80,"×")="×","×","") | G79: =IF(IFERROR(原始数据!H80,"×")="×","×","") | H79: =IF(IFERROR(原始数据!I80,"×")="×","×","") | ... T79: =IF(IFERROR(原始数据!U80,"×")="×","×","") | U79: {=IF(原始数据!W80="-","",IF(原始数据!W80="","",IF(COUNT(FIND(原始数据!W80,原始数据!80:80))=2,"×","")))} | V79: {=IF(原始数据!Y80="-","",IF(原始数据!Y80="","",IF(COUNT(FIND(原始数据!Y80,原始数据!80:80))=2,"×","")))} | W79: =IF(原始数据!Z80="","",IF(COUNTIF(原始数据!80:80,原始数据!Z80)>1,"×","")) | X79: =IF(原始数据!AA80="","",IF(COUNTIF(原始数据!80:80,原始数据!AA80)>1,"×","")) | Y79: =IF(原始数据!AE80="","",IF(COUNTIF(原始数据!80:80,原始数据!AE80)>1,"×","")) | Z79: =IF(原始数据!AF80="","",IF(COUNTIF(原始数据!80:80,原始数据!AF80)>1,"×","")) | AA79: =IF(原始数据!AI80="","",IF(COUNTIF(原始数据!80:80,原始数据!AI80)>1,"×","")) | AB79: =IF(原始数据!AJ80="","",IF(COUNTIF(原始数据!80:80,原始数据!AJ80)>1,"×","")) | AC79: =IF(原始数据!AO80="","",IF(COUNTIF(原始数据!80:80,原始数据!AO80)>1,"×","")) | AD79: =IF(原始数据!AP80="","",IF(COUNTIF(原始数据!80:80,原始数据!AP80)>1,"×","")) | AE79: =IF(原始数据!AQ80="","",IF(COUNTIF(原始数据!80:80,原始数据!AQ80)>1,"×","")) | AF79: =IF(原始数据!AR80="","",IF(COUNTIF(原始数据!80:80,原始数据!AR80)>1,"×","")) | AG79: =IF(原始数据!AS80="","",IF(COUNTIF(原始数据!80:80,原始数据!AS80)>1,"×","")) | AH79: =IF(原始数据!AT80="","",IF(COUNTIF(原始数据!80:80,原始数据!AT80)>1,"×","")) | AI79: =IF(原始数据!AU80="","",IF(COUNTIF(原始数据!80:80,原始数据!AU80)>1,"×","")) | AJ79: =IF(原始数据!AV80="","",IF(COUNTIF(原始数据!80:80,原始数据!AV80)>1,"×","")) | ... AN79: =IF(原始数据!AZ80="","",IF(COUNTIF(原始数据!80:80,原始数据!AZ80)>1,"×",""))
A80: =IF(IFERROR(原始数据!B81,"×")="×","×","") | B80: =IF(IFERROR(原始数据!C81,"×")="×","×","") | C80: =IF(IFERROR(原始数据!D81,"×")="×","×","") | D80: =IF(IFERROR(原始数据!E81,"×")="×","×","") | E80: =IF(IFERROR(原始数据!F81,"×")="×","×","") | F80: =IF(IFERROR(原始数据!G81,"×")="×","×","") | G80: =IF(IFERROR(原始数据!H81,"×")="×","×","") | H80: =IF(IFERROR(原始数据!I81,"×")="×","×","") | ... T80: =IF(IFERROR(原始数据!U81,"×")="×","×","") | U80: {=IF(原始数据!W81="-","",IF(原始数据!W81="","",IF(COUNT(FIND(原始数据!W81,原始数据!81:81))=2,"×","")))} | V80: {=IF(原始数据!Y81="-","",IF(原始数据!Y81="","",IF(COUNT(FIND(原始数据!Y81,原始数据!81:81))=2,"×","")))} | W80: =IF(原始数据!Z81="","",IF(COUNTIF(原始数据!81:81,原始数据!Z81)>1,"×","")) | X80: =IF(原始数据!AA81="","",IF(COUNTIF(原始数据!81:81,原始数据!AA81)>1,"×","")) | Y80: =IF(原始数据!AE81="","",IF(COUNTIF(原始数据!81:81,原始数据!AE81)>1,"×","")) | Z80: =IF(原始数据!AF81="","",IF(COUNTIF(原始数据!81:81,原始数据!AF81)>1,"×","")) | AA80: =IF(原始数据!AI81="","",IF(COUNTIF(原始数据!81:81,原始数据!AI81)>1,"×","")) | AB80: =IF(原始数据!AJ81="","",IF(COUNTIF(原始数据!81:81,原始数据!AJ81)>1,"×","")) | AC80: =IF(原始数据!AO81="","",IF(COUNTIF(原始数据!81:81,原始数据!AO81)>1,"×","")) | AD80: =IF(原始数据!AP81="","",IF(COUNTIF(原始数据!81:81,原始数据!AP81)>1,"×","")) | AE80: =IF(原始数据!AQ81="","",IF(COUNTIF(原始数据!81:81,原始数据!AQ81)>1,"×","")) | AF80: =IF(原始数据!AR81="","",IF(COUNTIF(原始数据!81:81,原始数据!AR81)>1,"×","")) | AG80: =IF(原始数据!AS81="","",IF(COUNTIF(原始数据!81:81,原始数据!AS81)>1,"×","")) | AH80: =IF(原始数据!AT81="","",IF(COUNTIF(原始数据!81:81,原始数据!AT81)>1,"×","")) | AI80: =IF(原始数据!AU81="","",IF(COUNTIF(原始数据!81:81,原始数据!AU81)>1,"×","")) | AJ80: =IF(原始数据!AV81="","",IF(COUNTIF(原始数据!81:81,原始数据!AV81)>1,"×","")) | ... AN80: =IF(原始数据!AZ81="","",IF(COUNTIF(原始数据!81:81,原始数据!AZ81)>1,"×",""))
A81: =IF(IFERROR(原始数据!B82,"×")="×","×","") | B81: =IF(IFERROR(原始数据!C82,"×")="×","×","") | C81: =IF(IFERROR(原始数据!D82,"×")="×","×","") | D81: =IF(IFERROR(原始数据!E82,"×")="×","×","") | E81: =IF(IFERROR(原始数据!F82,"×")="×","×","") | F81: =IF(IFERROR(原始数据!G82,"×")="×","×","") | G81: =IF(IFERROR(原始数据!H82,"×")="×","×","") | H81: =IF(IFERROR(原始数据!I82,"×")="×","×","") | ... T81: =IF(IFERROR(原始数据!U82,"×")="×","×","") | U81: {=IF(原始数据!W82="-","",IF(原始数据!W82="","",IF(COUNT(FIND(原始数据!W82,原始数据!82:82))=2,"×","")))} | V81: {=IF(原始数据!Y82="-","",IF(原始数据!Y82="","",IF(COUNT(FIND(原始数据!Y82,原始数据!82:82))=2,"×","")))} | W81: =IF(原始数据!Z82="","",IF(COUNTIF(原始数据!82:82,原始数据!Z82)>1,"×","")) | X81: =IF(原始数据!AA82="","",IF(COUNTIF(原始数据!82:82,原始数据!AA82)>1,"×","")) | Y81: =IF(原始数据!AE82="","",IF(COUNTIF(原始数据!82:82,原始数据!AE82)>1,"×","")) | Z81: =IF(原始数据!AF82="","",IF(COUNTIF(原始数据!82:82,原始数据!AF82)>1,"×","")) | AA81: =IF(原始数据!AI82="","",IF(COUNTIF(原始数据!82:82,原始数据!AI82)>1,"×","")) | AB81: =IF(原始数据!AJ82="","",IF(COUNTIF(原始数据!82:82,原始数据!AJ82)>1,"×","")) | AC81: =IF(原始数据!AO82="","",IF(COUNTIF(原始数据!82:82,原始数据!AO82)>1,"×","")) | AD81: =IF(原始数据!AP82="","",IF(COUNTIF(原始数据!82:82,原始数据!AP82)>1,"×","")) | AE81: =IF(原始数据!AQ82="","",IF(COUNTIF(原始数据!82:82,原始数据!AQ82)>1,"×","")) | AF81: =IF(原始数据!AR82="","",IF(COUNTIF(原始数据!82:82,原始数据!AR82)>1,"×","")) | AG81: =IF(原始数据!AS82="","",IF(COUNTIF(原始数据!82:82,原始数据!AS82)>1,"×","")) | AH81: =IF(原始数据!AT82="","",IF(COUNTIF(原始数据!82:82,原始数据!AT82)>1,"×","")) | AI81: =IF(原始数据!AU82="","",IF(COUNTIF(原始数据!82:82,原始数据!AU82)>1,"×","")) | AJ81: =IF(原始数据!AV82="","",IF(COUNTIF(原始数据!82:82,原始数据!AV82)>1,"×","")) | ... AN81: =IF(原始数据!AZ82="","",IF(COUNTIF(原始数据!82:82,原始数据!AZ82)>1,"×",""))
A82: =IF(IFERROR(原始数据!B83,"×")="×","×","") | B82: =IF(IFERROR(原始数据!C83,"×")="×","×","") | C82: =IF(IFERROR(原始数据!D83,"×")="×","×","") | D82: =IF(IFERROR(原始数据!E83,"×")="×","×","") | E82: =IF(IFERROR(原始数据!F83,"×")="×","×","") | F82: =IF(IFERROR(原始数据!G83,"×")="×","×","") | G82: =IF(IFERROR(原始数据!H83,"×")="×","×","") | H82: =IF(IFERROR(原始数据!I83,"×")="×","×","") | ... T82: =IF(IFERROR(原始数据!U83,"×")="×","×","") | U82: {=IF(原始数据!W83="-","",IF(原始数据!W83="","",IF(COUNT(FIND(原始数据!W83,原始数据!83:83))=2,"×","")))} | V82: {=IF(原始数据!Y83="-","",IF(原始数据!Y83="","",IF(COUNT(FIND(原始数据!Y83,原始数据!83:83))=2,"×","")))} | W82: =IF(原始数据!Z83="","",IF(COUNTIF(原始数据!83:83,原始数据!Z83)>1,"×","")) -> × | X82: =IF(原始数据!AA83="","",IF(COUNTIF(原始数据!83:83,原始数据!AA83)>1,"×","")) -> × | Y82: =IF(原始数据!AE83="","",IF(COUNTIF(原始数据!83:83,原始数据!AE83)>1,"×","")) | Z82: =IF(原始数据!AF83="","",IF(COUNTIF(原始数据!83:83,原始数据!AF83)>1,"×","")) | AA82: =IF(原始数据!AI83="","",IF(COUNTIF(原始数据!83:83,原始数据!AI83)>1,"×","")) | AB82: =IF(原始数据!AJ83="","",IF(COUNTIF(原始数据!83:83,原始数据!AJ83)>1,"×","")) | AC82: =IF(原始数据!AO83="","",IF(COUNTIF(原始数据!83:83,原始数据!AO83)>1,"×","")) | AD82: =IF(原始数据!AP83="","",IF(COUNTIF(原始数据!83:83,原始数据!AP83)>1,"×","")) | AE82: =IF(原始数据!AQ83="","",IF(COUNTIF(原始数据!83:83,原始数据!AQ83)>1,"×","")) | AF82: =IF(原始数据!AR83="","",IF(COUNTIF(原始数据!83:83,原始数据!AR83)>1,"×","")) | AG82: =IF(原始数据!AS83="","",IF(COUNTIF(原始数据!83:83,原始数据!AS83)>1,"×","")) | AH82: =IF(原始数据!AT83="","",IF(COUNTIF(原始数据!83:83,原始数据!AT83)>1,"×","")) -> × | AI82: =IF(原始数据!AU83="","",IF(COUNTIF(原始数据!83:83,原始数据!AU83)>1,"×","")) -> × | AJ82: =IF(原始数据!AV83="","",IF(COUNTIF(原始数据!83:83,原始数据!AV83)>1,"×","")) | ... AN82: =IF(原始数据!AZ83="","",IF(COUNTIF(原始数据!83:83,原始数据!AZ83)>1,"×","")) -> ×
A83: =IF(IFERROR(原始数据!B84,"×")="×","×","") | B83: =IF(IFERROR(原始数据!C84,"×")="×","×","") | C83: =IF(IFERROR(原始数据!D84,"×")="×","×","") | D83: =IF(IFERROR(原始数据!E84,"×")="×","×","") | E83: =IF(IFERROR(原始数据!F84,"×")="×","×","") | F83: =IF(IFERROR(原始数据!G84,"×")="×","×","") | G83: =IF(IFERROR(原始数据!H84,"×")="×","×","") | H83: =IF(IFERROR(原始数据!I84,"×")="×","×","") | ... T83: =IF(IFERROR(原始数据!U84,"×")="×","×","") | U83: {=IF(原始数据!W84="-","",IF(原始数据!W84="","",IF(COUNT(FIND(原始数据!W84,原始数据!84:84))=2,"×","")))} | V83: {=IF(原始数据!Y84="-","",IF(原始数据!Y84="","",IF(COUNT(FIND(原始数据!Y84,原始数据!84:84))=2,"×","")))} | W83: =IF(原始数据!Z84="","",IF(COUNTIF(原始数据!84:84,原始数据!Z84)>1,"×","")) | X83: =IF(原始数据!AA84="","",IF(COUNTIF(原始数据!84:84,原始数据!AA84)>1,"×","")) | Y83: =IF(原始数据!AE84="","",IF(COUNTIF(原始数据!84:84,原始数据!AE84)>1,"×","")) | Z83: =IF(原始数据!AF84="","",IF(COUNTIF(原始数据!84:84,原始数据!AF84)>1,"×","")) | AA83: =IF(原始数据!AI84="","",IF(COUNTIF(原始数据!84:84,原始数据!AI84)>1,"×","")) | AB83: =IF(原始数据!AJ84="","",IF(COUNTIF(原始数据!84:84,原始数据!AJ84)>1,"×","")) | AC83: =IF(原始数据!AO84="","",IF(COUNTIF(原始数据!84:84,原始数据!AO84)>1,"×","")) | AD83: =IF(原始数据!AP84="","",IF(COUNTIF(原始数据!84:84,原始数据!AP84)>1,"×","")) | AE83: =IF(原始数据!AQ84="","",IF(COUNTIF(原始数据!84:84,原始数据!AQ84)>1,"×","")) | AF83: =IF(原始数据!AR84="","",IF(COUNTIF(原始数据!84:84,原始数据!AR84)>1,"×","")) | AG83: =IF(原始数据!AS84="","",IF(COUNTIF(原始数据!84:84,原始数据!AS84)>1,"×","")) | AH83: =IF(原始数据!AT84="","",IF(COUNTIF(原始数据!84:84,原始数据!AT84)>1,"×","")) | AI83: =IF(原始数据!AU84="","",IF(COUNTIF(原始数据!84:84,原始数据!AU84)>1,"×","")) | AJ83: =IF(原始数据!AV84="","",IF(COUNTIF(原始数据!84:84,原始数据!AV84)>1,"×","")) | ... AN83: =IF(原始数据!AZ84="","",IF(COUNTIF(原始数据!84:84,原始数据!AZ84)>1,"×",""))
A84: =IF(IFERROR(原始数据!B85,"×")="×","×","") | B84: =IF(IFERROR(原始数据!C85,"×")="×","×","") | C84: =IF(IFERROR(原始数据!D85,"×")="×","×","") | D84: =IF(IFERROR(原始数据!E85,"×")="×","×","") | E84: =IF(IFERROR(原始数据!F85,"×")="×","×","") | F84: =IF(IFERROR(原始数据!G85,"×")="×","×","") | G84: =IF(IFERROR(原始数据!H85,"×")="×","×","") | H84: =IF(IFERROR(原始数据!I85,"×")="×","×","") | ... T84: =IF(IFERROR(原始数据!U85,"×")="×","×","") | U84: {=IF(原始数据!W85="-","",IF(原始数据!W85="","",IF(COUNT(FIND(原始数据!W85,原始数据!85:85))=2,"×","")))} | V84: {=IF(原始数据!Y85="-","",IF(原始数据!Y85="","",IF(COUNT(FIND(原始数据!Y85,原始数据!85:85))=2,"×","")))} | W84: =IF(原始数据!Z85="","",IF(COUNTIF(原始数据!85:85,原始数据!Z85)>1,"×","")) | X84: =IF(原始数据!AA85="","",IF(COUNTIF(原始数据!85:85,原始数据!AA85)>1,"×","")) | Y84: =IF(原始数据!AE85="","",IF(COUNTIF(原始数据!85:85,原始数据!AE85)>1,"×","")) | Z84: =IF(原始数据!AF85="","",IF(COUNTIF(原始数据!85:85,原始数据!AF85)>1,"×","")) | AA84: =IF(原始数据!AI85="","",IF(COUNTIF(原始数据!85:85,原始数据!AI85)>1,"×","")) | AB84: =IF(原始数据!AJ85="","",IF(COUNTIF(原始数据!85:85,原始数据!AJ85)>1,"×","")) | AC84: =IF(原始数据!AO85="","",IF(COUNTIF(原始数据!85:85,原始数据!AO85)>1,"×","")) | AD84: =IF(原始数据!AP85="","",IF(COUNTIF(原始数据!85:85,原始数据!AP85)>1,"×","")) | AE84: =IF(原始数据!AQ85="","",IF(COUNTIF(原始数据!85:85,原始数据!AQ85)>1,"×","")) | AF84: =IF(原始数据!AR85="","",IF(COUNTIF(原始数据!85:85,原始数据!AR85)>1,"×","")) | AG84: =IF(原始数据!AS85="","",IF(COUNTIF(原始数据!85:85,原始数据!AS85)>1,"×","")) | AH84: =IF(原始数据!AT85="","",IF(COUNTIF(原始数据!85:85,原始数据!AT85)>1,"×","")) | AI84: =IF(原始数据!AU85="","",IF(COUNTIF(原始数据!85:85,原始数据!AU85)>1,"×","")) | AJ84: =IF(原始数据!AV85="","",IF(COUNTIF(原始数据!85:85,原始数据!AV85)>1,"×","")) | ... AN84: =IF(原始数据!AZ85="","",IF(COUNTIF(原始数据!85:85,原始数据!AZ85)>1,"×",""))
A85: =IF(IFERROR(原始数据!B86,"×")="×","×","") | B85: =IF(IFERROR(原始数据!C86,"×")="×","×","") | C85: =IF(IFERROR(原始数据!D86,"×")="×","×","") | D85: =IF(IFERROR(原始数据!E86,"×")="×","×","") | E85: =IF(IFERROR(原始数据!F86,"×")="×","×","") | F85: =IF(IFERROR(原始数据!G86,"×")="×","×","") | G85: =IF(IFERROR(原始数据!H86,"×")="×","×","") | H85: =IF(IFERROR(原始数据!I86,"×")="×","×","") | ... T85: =IF(IFERROR(原始数据!U86,"×")="×","×","") | U85: {=IF(原始数据!W86="-","",IF(原始数据!W86="","",IF(COUNT(FIND(原始数据!W86,原始数据!86:86))=2,"×","")))} | V85: {=IF(原始数据!Y86="-","",IF(原始数据!Y86="","",IF(COUNT(FIND(原始数据!Y86,原始数据!86:86))=2,"×","")))} | W85: =IF(原始数据!Z86="","",IF(COUNTIF(原始数据!86:86,原始数据!Z86)>1,"×","")) | X85: =IF(原始数据!AA86="","",IF(COUNTIF(原始数据!86:86,原始数据!AA86)>1,"×","")) | Y85: =IF(原始数据!AE86="","",IF(COUNTIF(原始数据!86:86,原始数据!AE86)>1,"×","")) | Z85: =IF(原始数据!AF86="","",IF(COUNTIF(原始数据!86:86,原始数据!AF86)>1,"×","")) | AA85: =IF(原始数据!AI86="","",IF(COUNTIF(原始数据!86:86,原始数据!AI86)>1,"×","")) | AB85: =IF(原始数据!AJ86="","",IF(COUNTIF(原始数据!86:86,原始数据!AJ86)>1,"×","")) | AC85: =IF(原始数据!AO86="","",IF(COUNTIF(原始数据!86:86,原始数据!AO86)>1,"×","")) | AD85: =IF(原始数据!AP86="","",IF(COUNTIF(原始数据!86:86,原始数据!AP86)>1,"×","")) | AE85: =IF(原始数据!AQ86="","",IF(COUNTIF(原始数据!86:86,原始数据!AQ86)>1,"×","")) | AF85: =IF(原始数据!AR86="","",IF(COUNTIF(原始数据!86:86,原始数据!AR86)>1,"×","")) | AG85: =IF(原始数据!AS86="","",IF(COUNTIF(原始数据!86:86,原始数据!AS86)>1,"×","")) | AH85: =IF(原始数据!AT86="","",IF(COUNTIF(原始数据!86:86,原始数据!AT86)>1,"×","")) | AI85: =IF(原始数据!AU86="","",IF(COUNTIF(原始数据!86:86,原始数据!AU86)>1,"×","")) | AJ85: =IF(原始数据!AV86="","",IF(COUNTIF(原始数据!86:86,原始数据!AV86)>1,"×","")) | ... AN85: =IF(原始数据!AZ86="","",IF(COUNTIF(原始数据!86:86,原始数据!AZ86)>1,"×",""))
A86: =IF(IFERROR(原始数据!B87,"×")="×","×","") | B86: =IF(IFERROR(原始数据!C87,"×")="×","×","") | C86: =IF(IFERROR(原始数据!D87,"×")="×","×","") | D86: =IF(IFERROR(原始数据!E87,"×")="×","×","") | E86: =IF(IFERROR(原始数据!F87,"×")="×","×","") | F86: =IF(IFERROR(原始数据!G87,"×")="×","×","") | G86: =IF(IFERROR(原始数据!H87,"×")="×","×","") | H86: =IF(IFERROR(原始数据!I87,"×")="×","×","") | ... T86: =IF(IFERROR(原始数据!U87,"×")="×","×","") | U86: {=IF(原始数据!W87="-","",IF(原始数据!W87="","",IF(COUNT(FIND(原始数据!W87,原始数据!87:87))=2,"×","")))} | V86: {=IF(原始数据!Y87="-","",IF(原始数据!Y87="","",IF(COUNT(FIND(原始数据!Y87,原始数据!87:87))=2,"×","")))} | W86: =IF(原始数据!Z87="","",IF(COUNTIF(原始数据!87:87,原始数据!Z87)>1,"×","")) | X86: =IF(原始数据!AA87="","",IF(COUNTIF(原始数据!87:87,原始数据!AA87)>1,"×","")) | Y86: =IF(原始数据!AE87="","",IF(COUNTIF(原始数据!87:87,原始数据!AE87)>1,"×","")) | Z86: =IF(原始数据!AF87="","",IF(COUNTIF(原始数据!87:87,原始数据!AF87)>1,"×","")) | AA86: =IF(原始数据!AI87="","",IF(COUNTIF(原始数据!87:87,原始数据!AI87)>1,"×","")) | AB86: =IF(原始数据!AJ87="","",IF(COUNTIF(原始数据!87:87,原始数据!AJ87)>1,"×","")) | AC86: =IF(原始数据!AO87="","",IF(COUNTIF(原始数据!87:87,原始数据!AO87)>1,"×","")) | AD86: =IF(原始数据!AP87="","",IF(COUNTIF(原始数据!87:87,原始数据!AP87)>1,"×","")) | AE86: =IF(原始数据!AQ87="","",IF(COUNTIF(原始数据!87:87,原始数据!AQ87)>1,"×","")) | AF86: =IF(原始数据!AR87="","",IF(COUNTIF(原始数据!87:87,原始数据!AR87)>1,"×","")) | AG86: =IF(原始数据!AS87="","",IF(COUNTIF(原始数据!87:87,原始数据!AS87)>1,"×","")) | AH86: =IF(原始数据!AT87="","",IF(COUNTIF(原始数据!87:87,原始数据!AT87)>1,"×","")) | AI86: =IF(原始数据!AU87="","",IF(COUNTIF(原始数据!87:87,原始数据!AU87)>1,"×","")) | AJ86: =IF(原始数据!AV87="","",IF(COUNTIF(原始数据!87:87,原始数据!AV87)>1,"×","")) | ... AN86: =IF(原始数据!AZ87="","",IF(COUNTIF(原始数据!87:87,原始数据!AZ87)>1,"×",""))
A87: =IF(IFERROR(原始数据!B88,"×")="×","×","") | B87: =IF(IFERROR(原始数据!C88,"×")="×","×","") | C87: =IF(IFERROR(原始数据!D88,"×")="×","×","") | D87: =IF(IFERROR(原始数据!E88,"×")="×","×","") | E87: =IF(IFERROR(原始数据!F88,"×")="×","×","") | F87: =IF(IFERROR(原始数据!G88,"×")="×","×","") | G87: =IF(IFERROR(原始数据!H88,"×")="×","×","") | H87: =IF(IFERROR(原始数据!I88,"×")="×","×","") | ... T87: =IF(IFERROR(原始数据!U88,"×")="×","×","") | U87: {=IF(原始数据!W88="-","",IF(原始数据!W88="","",IF(COUNT(FIND(原始数据!W88,原始数据!88:88))=2,"×","")))} | V87: {=IF(原始数据!Y88="-","",IF(原始数据!Y88="","",IF(COUNT(FIND(原始数据!Y88,原始数据!88:88))=2,"×","")))} | W87: =IF(原始数据!Z88="","",IF(COUNTIF(原始数据!88:88,原始数据!Z88)>1,"×","")) | X87: =IF(原始数据!AA88="","",IF(COUNTIF(原始数据!88:88,原始数据!AA88)>1,"×","")) | Y87: =IF(原始数据!AE88="","",IF(COUNTIF(原始数据!88:88,原始数据!AE88)>1,"×","")) | Z87: =IF(原始数据!AF88="","",IF(COUNTIF(原始数据!88:88,原始数据!AF88)>1,"×","")) | AA87: =IF(原始数据!AI88="","",IF(COUNTIF(原始数据!88:88,原始数据!AI88)>1,"×","")) | AB87: =IF(原始数据!AJ88="","",IF(COUNTIF(原始数据!88:88,原始数据!AJ88)>1,"×","")) | AC87: =IF(原始数据!AO88="","",IF(COUNTIF(原始数据!88:88,原始数据!AO88)>1,"×","")) | AD87: =IF(原始数据!AP88="","",IF(COUNTIF(原始数据!88:88,原始数据!AP88)>1,"×","")) | AE87: =IF(原始数据!AQ88="","",IF(COUNTIF(原始数据!88:88,原始数据!AQ88)>1,"×","")) | AF87: =IF(原始数据!AR88="","",IF(COUNTIF(原始数据!88:88,原始数据!AR88)>1,"×","")) | AG87: =IF(原始数据!AS88="","",IF(COUNTIF(原始数据!88:88,原始数据!AS88)>1,"×","")) | AH87: =IF(原始数据!AT88="","",IF(COUNTIF(原始数据!88:88,原始数据!AT88)>1,"×","")) | AI87: =IF(原始数据!AU88="","",IF(COUNTIF(原始数据!88:88,原始数据!AU88)>1,"×","")) | AJ87: =IF(原始数据!AV88="","",IF(COUNTIF(原始数据!88:88,原始数据!AV88)>1,"×","")) | ... AN87: =IF(原始数据!AZ88="","",IF(COUNTIF(原始数据!88:88,原始数据!AZ88)>1,"×",""))
A88: =IF(IFERROR(原始数据!B89,"×")="×","×","") | B88: =IF(IFERROR(原始数据!C89,"×")="×","×","") | C88: =IF(IFERROR(原始数据!D89,"×")="×","×","") | D88: =IF(IFERROR(原始数据!E89,"×")="×","×","") | E88: =IF(IFERROR(原始数据!F89,"×")="×","×","") | F88: =IF(IFERROR(原始数据!G89,"×")="×","×","") | G88: =IF(IFERROR(原始数据!H89,"×")="×","×","") | H88: =IF(IFERROR(原始数据!I89,"×")="×","×","") | ... T88: =IF(IFERROR(原始数据!U89,"×")="×","×","") | U88: {=IF(原始数据!W89="-","",IF(原始数据!W89="","",IF(COUNT(FIND(原始数据!W89,原始数据!89:89))=2,"×","")))} | V88: {=IF(原始数据!Y89="-","",IF(原始数据!Y89="","",IF(COUNT(FIND(原始数据!Y89,原始数据!89:89))=2,"×","")))} | W88: =IF(原始数据!Z89="","",IF(COUNTIF(原始数据!89:89,原始数据!Z89)>1,"×","")) | X88: =IF(原始数据!AA89="","",IF(COUNTIF(原始数据!89:89,原始数据!AA89)>1,"×","")) | Y88: =IF(原始数据!AE89="","",IF(COUNTIF(原始数据!89:89,原始数据!AE89)>1,"×","")) | Z88: =IF(原始数据!AF89="","",IF(COUNTIF(原始数据!89:89,原始数据!AF89)>1,"×","")) | AA88: =IF(原始数据!AI89="","",IF(COUNTIF(原始数据!89:89,原始数据!AI89)>1,"×","")) | AB88: =IF(原始数据!AJ89="","",IF(COUNTIF(原始数据!89:89,原始数据!AJ89)>1,"×","")) | AC88: =IF(原始数据!AO89="","",IF(COUNTIF(原始数据!89:89,原始数据!AO89)>1,"×","")) | AD88: =IF(原始数据!AP89="","",IF(COUNTIF(原始数据!89:89,原始数据!AP89)>1,"×","")) | AE88: =IF(原始数据!AQ89="","",IF(COUNTIF(原始数据!89:89,原始数据!AQ89)>1,"×","")) | AF88: =IF(原始数据!AR89="","",IF(COUNTIF(原始数据!89:89,原始数据!AR89)>1,"×","")) | AG88: =IF(原始数据!AS89="","",IF(COUNTIF(原始数据!89:89,原始数据!AS89)>1,"×","")) | AH88: =IF(原始数据!AT89="","",IF(COUNTIF(原始数据!89:89,原始数据!AT89)>1,"×","")) | AI88: =IF(原始数据!AU89="","",IF(COUNTIF(原始数据!89:89,原始数据!AU89)>1,"×","")) | AJ88: =IF(原始数据!AV89="","",IF(COUNTIF(原始数据!89:89,原始数据!AV89)>1,"×","")) | ... AN88: =IF(原始数据!AZ89="","",IF(COUNTIF(原始数据!89:89,原始数据!AZ89)>1,"×",""))
A89: =IF(IFERROR(原始数据!B90,"×")="×","×","") | B89: =IF(IFERROR(原始数据!C90,"×")="×","×","") | C89: =IF(IFERROR(原始数据!D90,"×")="×","×","") | D89: =IF(IFERROR(原始数据!E90,"×")="×","×","") | E89: =IF(IFERROR(原始数据!F90,"×")="×","×","") | F89: =IF(IFERROR(原始数据!G90,"×")="×","×","") | G89: =IF(IFERROR(原始数据!H90,"×")="×","×","") | H89: =IF(IFERROR(原始数据!I90,"×")="×","×","") | ... T89: =IF(IFERROR(原始数据!U90,"×")="×","×","") | U89: {=IF(原始数据!W90="-","",IF(原始数据!W90="","",IF(COUNT(FIND(原始数据!W90,原始数据!90:90))=2,"×","")))} | V89: {=IF(原始数据!Y90="-","",IF(原始数据!Y90="","",IF(COUNT(FIND(原始数据!Y90,原始数据!90:90))=2,"×","")))} | W89: =IF(原始数据!Z90="","",IF(COUNTIF(原始数据!90:90,原始数据!Z90)>1,"×","")) | X89: =IF(原始数据!AA90="","",IF(COUNTIF(原始数据!90:90,原始数据!AA90)>1,"×","")) | Y89: =IF(原始数据!AE90="","",IF(COUNTIF(原始数据!90:90,原始数据!AE90)>1,"×","")) | Z89: =IF(原始数据!AF90="","",IF(COUNTIF(原始数据!90:90,原始数据!AF90)>1,"×","")) | AA89: =IF(原始数据!AI90="","",IF(COUNTIF(原始数据!90:90,原始数据!AI90)>1,"×","")) | AB89: =IF(原始数据!AJ90="","",IF(COUNTIF(原始数据!90:90,原始数据!AJ90)>1,"×","")) | AC89: =IF(原始数据!AO90="","",IF(COUNTIF(原始数据!90:90,原始数据!AO90)>1,"×","")) | AD89: =IF(原始数据!AP90="","",IF(COUNTIF(原始数据!90:90,原始数据!AP90)>1,"×","")) | AE89: =IF(原始数据!AQ90="","",IF(COUNTIF(原始数据!90:90,原始数据!AQ90)>1,"×","")) | AF89: =IF(原始数据!AR90="","",IF(COUNTIF(原始数据!90:90,原始数据!AR90)>1,"×","")) | AG89: =IF(原始数据!AS90="","",IF(COUNTIF(原始数据!90:90,原始数据!AS90)>1,"×","")) | AH89: =IF(原始数据!AT90="","",IF(COUNTIF(原始数据!90:90,原始数据!AT90)>1,"×","")) | AI89: =IF(原始数据!AU90="","",IF(COUNTIF(原始数据!90:90,原始数据!AU90)>1,"×","")) | AJ89: =IF(原始数据!AV90="","",IF(COUNTIF(原始数据!90:90,原始数据!AV90)>1,"×","")) | ... AN89: =IF(原始数据!AZ90="","",IF(COUNTIF(原始数据!90:90,原始数据!AZ90)>1,"×",""))
A90: =IF(IFERROR(原始数据!B91,"×")="×","×","") | B90: =IF(IFERROR(原始数据!C91,"×")="×","×","") | C90: =IF(IFERROR(原始数据!D91,"×")="×","×","") | D90: =IF(IFERROR(原始数据!E91,"×")="×","×","") | E90: =IF(IFERROR(原始数据!F91,"×")="×","×","") | F90: =IF(IFERROR(原始数据!G91,"×")="×","×","") | G90: =IF(IFERROR(原始数据!H91,"×")="×","×","") | H90: =IF(IFERROR(原始数据!I91,"×")="×","×","") | ... T90: =IF(IFERROR(原始数据!U91,"×")="×","×","") | U90: {=IF(原始数据!W91="-","",IF(原始数据!W91="","",IF(COUNT(FIND(原始数据!W91,原始数据!91:91))=2,"×","")))} | V90: {=IF(原始数据!Y91="-","",IF(原始数据!Y91="","",IF(COUNT(FIND(原始数据!Y91,原始数据!91:91))=2,"×","")))} | W90: =IF(原始数据!Z91="","",IF(COUNTIF(原始数据!91:91,原始数据!Z91)>1,"×","")) | X90: =IF(原始数据!AA91="","",IF(COUNTIF(原始数据!91:91,原始数据!AA91)>1,"×","")) | Y90: =IF(原始数据!AE91="","",IF(COUNTIF(原始数据!91:91,原始数据!AE91)>1,"×","")) | Z90: =IF(原始数据!AF91="","",IF(COUNTIF(原始数据!91:91,原始数据!AF91)>1,"×","")) | AA90: =IF(原始数据!AI91="","",IF(COUNTIF(原始数据!91:91,原始数据!AI91)>1,"×","")) | AB90: =IF(原始数据!AJ91="","",IF(COUNTIF(原始数据!91:91,原始数据!AJ91)>1,"×","")) | AC90: =IF(原始数据!AO91="","",IF(COUNTIF(原始数据!91:91,原始数据!AO91)>1,"×","")) | AD90: =IF(原始数据!AP91="","",IF(COUNTIF(原始数据!91:91,原始数据!AP91)>1,"×","")) | AE90: =IF(原始数据!AQ91="","",IF(COUNTIF(原始数据!91:91,原始数据!AQ91)>1,"×","")) | AF90: =IF(原始数据!AR91="","",IF(COUNTIF(原始数据!91:91,原始数据!AR91)>1,"×","")) | AG90: =IF(原始数据!AS91="","",IF(COUNTIF(原始数据!91:91,原始数据!AS91)>1,"×","")) | AH90: =IF(原始数据!AT91="","",IF(COUNTIF(原始数据!91:91,原始数据!AT91)>1,"×","")) | AI90: =IF(原始数据!AU91="","",IF(COUNTIF(原始数据!91:91,原始数据!AU91)>1,"×","")) | AJ90: =IF(原始数据!AV91="","",IF(COUNTIF(原始数据!91:91,原始数据!AV91)>1,"×","")) | ... AN90: =IF(原始数据!AZ91="","",IF(COUNTIF(原始数据!91:91,原始数据!AZ91)>1,"×",""))
A91: =IF(IFERROR(原始数据!B92,"×")="×","×","") | B91: =IF(IFERROR(原始数据!C92,"×")="×","×","") | C91: =IF(IFERROR(原始数据!D92,"×")="×","×","") | D91: =IF(IFERROR(原始数据!E92,"×")="×","×","") | E91: =IF(IFERROR(原始数据!F92,"×")="×","×","") | F91: =IF(IFERROR(原始数据!G92,"×")="×","×","") | G91: =IF(IFERROR(原始数据!H92,"×")="×","×","") | H91: =IF(IFERROR(原始数据!I92,"×")="×","×","") | ... T91: =IF(IFERROR(原始数据!U92,"×")="×","×","") | U91: {=IF(原始数据!W92="-","",IF(原始数据!W92="","",IF(COUNT(FIND(原始数据!W92,原始数据!92:92))=2,"×","")))} | V91: {=IF(原始数据!Y92="-","",IF(原始数据!Y92="","",IF(COUNT(FIND(原始数据!Y92,原始数据!92:92))=2,"×","")))} | W91: =IF(原始数据!Z92="","",IF(COUNTIF(原始数据!92:92,原始数据!Z92)>1,"×","")) | X91: =IF(原始数据!AA92="","",IF(COUNTIF(原始数据!92:92,原始数据!AA92)>1,"×","")) | Y91: =IF(原始数据!AE92="","",IF(COUNTIF(原始数据!92:92,原始数据!AE92)>1,"×","")) | Z91: =IF(原始数据!AF92="","",IF(COUNTIF(原始数据!92:92,原始数据!AF92)>1,"×","")) | AA91: =IF(原始数据!AI92="","",IF(COUNTIF(原始数据!92:92,原始数据!AI92)>1,"×","")) | AB91: =IF(原始数据!AJ92="","",IF(COUNTIF(原始数据!92:92,原始数据!AJ92)>1,"×","")) | AC91: =IF(原始数据!AO92="","",IF(COUNTIF(原始数据!92:92,原始数据!AO92)>1,"×","")) | AD91: =IF(原始数据!AP92="","",IF(COUNTIF(原始数据!92:92,原始数据!AP92)>1,"×","")) | AE91: =IF(原始数据!AQ92="","",IF(COUNTIF(原始数据!92:92,原始数据!AQ92)>1,"×","")) | AF91: =IF(原始数据!AR92="","",IF(COUNTIF(原始数据!92:92,原始数据!AR92)>1,"×","")) | AG91: =IF(原始数据!AS92="","",IF(COUNTIF(原始数据!92:92,原始数据!AS92)>1,"×","")) | AH91: =IF(原始数据!AT92="","",IF(COUNTIF(原始数据!92:92,原始数据!AT92)>1,"×","")) | AI91: =IF(原始数据!AU92="","",IF(COUNTIF(原始数据!92:92,原始数据!AU92)>1,"×","")) | AJ91: =IF(原始数据!AV92="","",IF(COUNTIF(原始数据!92:92,原始数据!AV92)>1,"×","")) | ... AN91: =IF(原始数据!AZ92="","",IF(COUNTIF(原始数据!92:92,原始数据!AZ92)>1,"×",""))
A92: =IF(IFERROR(原始数据!B93,"×")="×","×","") | B92: =IF(IFERROR(原始数据!C93,"×")="×","×","") | C92: =IF(IFERROR(原始数据!D93,"×")="×","×","") | D92: =IF(IFERROR(原始数据!E93,"×")="×","×","") | E92: =IF(IFERROR(原始数据!F93,"×")="×","×","") | F92: =IF(IFERROR(原始数据!G93,"×")="×","×","") | G92: =IF(IFERROR(原始数据!H93,"×")="×","×","") | H92: =IF(IFERROR(原始数据!I93,"×")="×","×","") | ... T92: =IF(IFERROR(原始数据!U93,"×")="×","×","") | U92: {=IF(原始数据!W93="-","",IF(原始数据!W93="","",IF(COUNT(FIND(原始数据!W93,原始数据!93:93))=2,"×","")))} | V92: {=IF(原始数据!Y93="-","",IF(原始数据!Y93="","",IF(COUNT(FIND(原始数据!Y93,原始数据!93:93))=2,"×","")))} | W92: =IF(原始数据!Z93="","",IF(COUNTIF(原始数据!93:93,原始数据!Z93)>1,"×","")) | X92: =IF(原始数据!AA93="","",IF(COUNTIF(原始数据!93:93,原始数据!AA93)>1,"×","")) | Y92: =IF(原始数据!AE93="","",IF(COUNTIF(原始数据!93:93,原始数据!AE93)>1,"×","")) | Z92: =IF(原始数据!AF93="","",IF(COUNTIF(原始数据!93:93,原始数据!AF93)>1,"×","")) | AA92: =IF(原始数据!AI93="","",IF(COUNTIF(原始数据!93:93,原始数据!AI93)>1,"×","")) | AB92: =IF(原始数据!AJ93="","",IF(COUNTIF(原始数据!93:93,原始数据!AJ93)>1,"×","")) | AC92: =IF(原始数据!AO93="","",IF(COUNTIF(原始数据!93:93,原始数据!AO93)>1,"×","")) | AD92: =IF(原始数据!AP93="","",IF(COUNTIF(原始数据!93:93,原始数据!AP93)>1,"×","")) | AE92: =IF(原始数据!AQ93="","",IF(COUNTIF(原始数据!93:93,原始数据!AQ93)>1,"×","")) | AF92: =IF(原始数据!AR93="","",IF(COUNTIF(原始数据!93:93,原始数据!AR93)>1,"×","")) | AG92: =IF(原始数据!AS93="","",IF(COUNTIF(原始数据!93:93,原始数据!AS93)>1,"×","")) | AH92: =IF(原始数据!AT93="","",IF(COUNTIF(原始数据!93:93,原始数据!AT93)>1,"×","")) | AI92: =IF(原始数据!AU93="","",IF(COUNTIF(原始数据!93:93,原始数据!AU93)>1,"×","")) | AJ92: =IF(原始数据!AV93="","",IF(COUNTIF(原始数据!93:93,原始数据!AV93)>1,"×","")) | ... AN92: =IF(原始数据!AZ93="","",IF(COUNTIF(原始数据!93:93,原始数据!AZ93)>1,"×",""))
A93: =IF(IFERROR(原始数据!B94,"×")="×","×","") | B93: =IF(IFERROR(原始数据!C94,"×")="×","×","") | C93: =IF(IFERROR(原始数据!D94,"×")="×","×","") | D93: =IF(IFERROR(原始数据!E94,"×")="×","×","") | E93: =IF(IFERROR(原始数据!F94,"×")="×","×","") | F93: =IF(IFERROR(原始数据!G94,"×")="×","×","") | G93: =IF(IFERROR(原始数据!H94,"×")="×","×","") | H93: =IF(IFERROR(原始数据!I94,"×")="×","×","") | ... T93: =IF(IFERROR(原始数据!U94,"×")="×","×","") | U93: {=IF(原始数据!W94="-","",IF(原始数据!W94="","",IF(COUNT(FIND(原始数据!W94,原始数据!94:94))=2,"×","")))} | V93: {=IF(原始数据!Y94="-","",IF(原始数据!Y94="","",IF(COUNT(FIND(原始数据!Y94,原始数据!94:94))=2,"×","")))} | W93: =IF(原始数据!Z94="","",IF(COUNTIF(原始数据!94:94,原始数据!Z94)>1,"×","")) | X93: =IF(原始数据!AA94="","",IF(COUNTIF(原始数据!94:94,原始数据!AA94)>1,"×","")) | Y93: =IF(原始数据!AE94="","",IF(COUNTIF(原始数据!94:94,原始数据!AE94)>1,"×","")) | Z93: =IF(原始数据!AF94="","",IF(COUNTIF(原始数据!94:94,原始数据!AF94)>1,"×","")) | AA93: =IF(原始数据!AI94="","",IF(COUNTIF(原始数据!94:94,原始数据!AI94)>1,"×","")) | AB93: =IF(原始数据!AJ94="","",IF(COUNTIF(原始数据!94:94,原始数据!AJ94)>1,"×","")) | AC93: =IF(原始数据!AO94="","",IF(COUNTIF(原始数据!94:94,原始数据!AO94)>1,"×","")) | AD93: =IF(原始数据!AP94="","",IF(COUNTIF(原始数据!94:94,原始数据!AP94)>1,"×","")) | AE93: =IF(原始数据!AQ94="","",IF(COUNTIF(原始数据!94:94,原始数据!AQ94)>1,"×","")) | AF93: =IF(原始数据!AR94="","",IF(COUNTIF(原始数据!94:94,原始数据!AR94)>1,"×","")) | AG93: =IF(原始数据!AS94="","",IF(COUNTIF(原始数据!94:94,原始数据!AS94)>1,"×","")) | AH93: =IF(原始数据!AT94="","",IF(COUNTIF(原始数据!94:94,原始数据!AT94)>1,"×","")) | AI93: =IF(原始数据!AU94="","",IF(COUNTIF(原始数据!94:94,原始数据!AU94)>1,"×","")) | AJ93: =IF(原始数据!AV94="","",IF(COUNTIF(原始数据!94:94,原始数据!AV94)>1,"×","")) | ... AN93: =IF(原始数据!AZ94="","",IF(COUNTIF(原始数据!94:94,原始数据!AZ94)>1,"×",""))
A94: =IF(IFERROR(原始数据!B95,"×")="×","×","") | B94: =IF(IFERROR(原始数据!C95,"×")="×","×","") | C94: =IF(IFERROR(原始数据!D95,"×")="×","×","") | D94: =IF(IFERROR(原始数据!E95,"×")="×","×","") | E94: =IF(IFERROR(原始数据!F95,"×")="×","×","") | F94: =IF(IFERROR(原始数据!G95,"×")="×","×","") | G94: =IF(IFERROR(原始数据!H95,"×")="×","×","") | H94: =IF(IFERROR(原始数据!I95,"×")="×","×","") | ... T94: =IF(IFERROR(原始数据!U95,"×")="×","×","") | U94: {=IF(原始数据!W95="-","",IF(原始数据!W95="","",IF(COUNT(FIND(原始数据!W95,原始数据!95:95))=2,"×","")))} | V94: {=IF(原始数据!Y95="-","",IF(原始数据!Y95="","",IF(COUNT(FIND(原始数据!Y95,原始数据!95:95))=2,"×","")))} | W94: =IF(原始数据!Z95="","",IF(COUNTIF(原始数据!95:95,原始数据!Z95)>1,"×","")) | X94: =IF(原始数据!AA95="","",IF(COUNTIF(原始数据!95:95,原始数据!AA95)>1,"×","")) | Y94: =IF(原始数据!AE95="","",IF(COUNTIF(原始数据!95:95,原始数据!AE95)>1,"×","")) | Z94: =IF(原始数据!AF95="","",IF(COUNTIF(原始数据!95:95,原始数据!AF95)>1,"×","")) | AA94: =IF(原始数据!AI95="","",IF(COUNTIF(原始数据!95:95,原始数据!AI95)>1,"×","")) | AB94: =IF(原始数据!AJ95="","",IF(COUNTIF(原始数据!95:95,原始数据!AJ95)>1,"×","")) | AC94: =IF(原始数据!AO95="","",IF(COUNTIF(原始数据!95:95,原始数据!AO95)>1,"×","")) | AD94: =IF(原始数据!AP95="","",IF(COUNTIF(原始数据!95:95,原始数据!AP95)>1,"×","")) | AE94: =IF(原始数据!AQ95="","",IF(COUNTIF(原始数据!95:95,原始数据!AQ95)>1,"×","")) | AF94: =IF(原始数据!AR95="","",IF(COUNTIF(原始数据!95:95,原始数据!AR95)>1,"×","")) | AG94: =IF(原始数据!AS95="","",IF(COUNTIF(原始数据!95:95,原始数据!AS95)>1,"×","")) | AH94: =IF(原始数据!AT95="","",IF(COUNTIF(原始数据!95:95,原始数据!AT95)>1,"×","")) | AI94: =IF(原始数据!AU95="","",IF(COUNTIF(原始数据!95:95,原始数据!AU95)>1,"×","")) | AJ94: =IF(原始数据!AV95="","",IF(COUNTIF(原始数据!95:95,原始数据!AV95)>1,"×","")) | ... AN94: =IF(原始数据!AZ95="","",IF(COUNTIF(原始数据!95:95,原始数据!AZ95)>1,"×",""))
A95: =IF(IFERROR(原始数据!B96,"×")="×","×","") | B95: =IF(IFERROR(原始数据!C96,"×")="×","×","") | C95: =IF(IFERROR(原始数据!D96,"×")="×","×","") | D95: =IF(IFERROR(原始数据!E96,"×")="×","×","") | E95: =IF(IFERROR(原始数据!F96,"×")="×","×","") | F95: =IF(IFERROR(原始数据!G96,"×")="×","×","") | G95: =IF(IFERROR(原始数据!H96,"×")="×","×","") | H95: =IF(IFERROR(原始数据!I96,"×")="×","×","") | ... T95: =IF(IFERROR(原始数据!U96,"×")="×","×","") | U95: {=IF(原始数据!W96="-","",IF(原始数据!W96="","",IF(COUNT(FIND(原始数据!W96,原始数据!96:96))=2,"×","")))} | V95: {=IF(原始数据!Y96="-","",IF(原始数据!Y96="","",IF(COUNT(FIND(原始数据!Y96,原始数据!96:96))=2,"×","")))} | W95: =IF(原始数据!Z96="","",IF(COUNTIF(原始数据!96:96,原始数据!Z96)>1,"×","")) | X95: =IF(原始数据!AA96="","",IF(COUNTIF(原始数据!96:96,原始数据!AA96)>1,"×","")) | Y95: =IF(原始数据!AE96="","",IF(COUNTIF(原始数据!96:96,原始数据!AE96)>1,"×","")) | Z95: =IF(原始数据!AF96="","",IF(COUNTIF(原始数据!96:96,原始数据!AF96)>1,"×","")) | AA95: =IF(原始数据!AI96="","",IF(COUNTIF(原始数据!96:96,原始数据!AI96)>1,"×","")) | AB95: =IF(原始数据!AJ96="","",IF(COUNTIF(原始数据!96:96,原始数据!AJ96)>1,"×","")) | AC95: =IF(原始数据!AO96="","",IF(COUNTIF(原始数据!96:96,原始数据!AO96)>1,"×","")) | AD95: =IF(原始数据!AP96="","",IF(COUNTIF(原始数据!96:96,原始数据!AP96)>1,"×","")) | AE95: =IF(原始数据!AQ96="","",IF(COUNTIF(原始数据!96:96,原始数据!AQ96)>1,"×","")) | AF95: =IF(原始数据!AR96="","",IF(COUNTIF(原始数据!96:96,原始数据!AR96)>1,"×","")) | AG95: =IF(原始数据!AS96="","",IF(COUNTIF(原始数据!96:96,原始数据!AS96)>1,"×","")) | AH95: =IF(原始数据!AT96="","",IF(COUNTIF(原始数据!96:96,原始数据!AT96)>1,"×","")) | AI95: =IF(原始数据!AU96="","",IF(COUNTIF(原始数据!96:96,原始数据!AU96)>1,"×","")) | AJ95: =IF(原始数据!AV96="","",IF(COUNTIF(原始数据!96:96,原始数据!AV96)>1,"×","")) | ... AN95: =IF(原始数据!AZ96="","",IF(COUNTIF(原始数据!96:96,原始数据!AZ96)>1,"×",""))
A96: =IF(IFERROR(原始数据!B97,"×")="×","×","") | B96: =IF(IFERROR(原始数据!C97,"×")="×","×","") | C96: =IF(IFERROR(原始数据!D97,"×")="×","×","") | D96: =IF(IFERROR(原始数据!E97,"×")="×","×","") | E96: =IF(IFERROR(原始数据!F97,"×")="×","×","") | F96: =IF(IFERROR(原始数据!G97,"×")="×","×","") | G96: =IF(IFERROR(原始数据!H97,"×")="×","×","") | H96: =IF(IFERROR(原始数据!I97,"×")="×","×","") | ... T96: =IF(IFERROR(原始数据!U97,"×")="×","×","") | U96: {=IF(原始数据!W97="-","",IF(原始数据!W97="","",IF(COUNT(FIND(原始数据!W97,原始数据!97:97))=2,"×","")))} | V96: {=IF(原始数据!Y97="-","",IF(原始数据!Y97="","",IF(COUNT(FIND(原始数据!Y97,原始数据!97:97))=2,"×","")))} | W96: =IF(原始数据!Z97="","",IF(COUNTIF(原始数据!97:97,原始数据!Z97)>1,"×","")) | X96: =IF(原始数据!AA97="","",IF(COUNTIF(原始数据!97:97,原始数据!AA97)>1,"×","")) | Y96: =IF(原始数据!AE97="","",IF(COUNTIF(原始数据!97:97,原始数据!AE97)>1,"×","")) | Z96: =IF(原始数据!AF97="","",IF(COUNTIF(原始数据!97:97,原始数据!AF97)>1,"×","")) | AA96: =IF(原始数据!AI97="","",IF(COUNTIF(原始数据!97:97,原始数据!AI97)>1,"×","")) | AB96: =IF(原始数据!AJ97="","",IF(COUNTIF(原始数据!97:97,原始数据!AJ97)>1,"×","")) | AC96: =IF(原始数据!AO97="","",IF(COUNTIF(原始数据!97:97,原始数据!AO97)>1,"×","")) | AD96: =IF(原始数据!AP97="","",IF(COUNTIF(原始数据!97:97,原始数据!AP97)>1,"×","")) | AE96: =IF(原始数据!AQ97="","",IF(COUNTIF(原始数据!97:97,原始数据!AQ97)>1,"×","")) | AF96: =IF(原始数据!AR97="","",IF(COUNTIF(原始数据!97:97,原始数据!AR97)>1,"×","")) | AG96: =IF(原始数据!AS97="","",IF(COUNTIF(原始数据!97:97,原始数据!AS97)>1,"×","")) | AH96: =IF(原始数据!AT97="","",IF(COUNTIF(原始数据!97:97,原始数据!AT97)>1,"×","")) | AI96: =IF(原始数据!AU97="","",IF(COUNTIF(原始数据!97:97,原始数据!AU97)>1,"×","")) | AJ96: =IF(原始数据!AV97="","",IF(COUNTIF(原始数据!97:97,原始数据!AV97)>1,"×","")) | ... AN96: =IF(原始数据!AZ97="","",IF(COUNTIF(原始数据!97:97,原始数据!AZ97)>1,"×",""))
A97: =IF(IFERROR(原始数据!B98,"×")="×","×","") | B97: =IF(IFERROR(原始数据!C98,"×")="×","×","") | C97: =IF(IFERROR(原始数据!D98,"×")="×","×","") | D97: =IF(IFERROR(原始数据!E98,"×")="×","×","") | E97: =IF(IFERROR(原始数据!F98,"×")="×","×","") | F97: =IF(IFERROR(原始数据!G98,"×")="×","×","") | G97: =IF(IFERROR(原始数据!H98,"×")="×","×","") | H97: =IF(IFERROR(原始数据!I98,"×")="×","×","") | ... T97: =IF(IFERROR(原始数据!U98,"×")="×","×","") | U97: {=IF(原始数据!W98="-","",IF(原始数据!W98="","",IF(COUNT(FIND(原始数据!W98,原始数据!98:98))=2,"×","")))} | V97: {=IF(原始数据!Y98="-","",IF(原始数据!Y98="","",IF(COUNT(FIND(原始数据!Y98,原始数据!98:98))=2,"×","")))} | W97: =IF(原始数据!Z98="","",IF(COUNTIF(原始数据!98:98,原始数据!Z98)>1,"×","")) | X97: =IF(原始数据!AA98="","",IF(COUNTIF(原始数据!98:98,原始数据!AA98)>1,"×","")) | Y97: =IF(原始数据!AE98="","",IF(COUNTIF(原始数据!98:98,原始数据!AE98)>1,"×","")) | Z97: =IF(原始数据!AF98="","",IF(COUNTIF(原始数据!98:98,原始数据!AF98)>1,"×","")) | AA97: =IF(原始数据!AI98="","",IF(COUNTIF(原始数据!98:98,原始数据!AI98)>1,"×","")) | AB97: =IF(原始数据!AJ98="","",IF(COUNTIF(原始数据!98:98,原始数据!AJ98)>1,"×","")) | AC97: =IF(原始数据!AO98="","",IF(COUNTIF(原始数据!98:98,原始数据!AO98)>1,"×","")) | AD97: =IF(原始数据!AP98="","",IF(COUNTIF(原始数据!98:98,原始数据!AP98)>1,"×","")) | AE97: =IF(原始数据!AQ98="","",IF(COUNTIF(原始数据!98:98,原始数据!AQ98)>1,"×","")) | AF97: =IF(原始数据!AR98="","",IF(COUNTIF(原始数据!98:98,原始数据!AR98)>1,"×","")) | AG97: =IF(原始数据!AS98="","",IF(COUNTIF(原始数据!98:98,原始数据!AS98)>1,"×","")) | AH97: =IF(原始数据!AT98="","",IF(COUNTIF(原始数据!98:98,原始数据!AT98)>1,"×","")) | AI97: =IF(原始数据!AU98="","",IF(COUNTIF(原始数据!98:98,原始数据!AU98)>1,"×","")) | AJ97: =IF(原始数据!AV98="","",IF(COUNTIF(原始数据!98:98,原始数据!AV98)>1,"×","")) | ... AN97: =IF(原始数据!AZ98="","",IF(COUNTIF(原始数据!98:98,原始数据!AZ98)>1,"×",""))
A98: =IF(IFERROR(原始数据!B99,"×")="×","×","") | B98: =IF(IFERROR(原始数据!C99,"×")="×","×","") | C98: =IF(IFERROR(原始数据!D99,"×")="×","×","") | D98: =IF(IFERROR(原始数据!E99,"×")="×","×","") | E98: =IF(IFERROR(原始数据!F99,"×")="×","×","") | F98: =IF(IFERROR(原始数据!G99,"×")="×","×","") | G98: =IF(IFERROR(原始数据!H99,"×")="×","×","") | H98: =IF(IFERROR(原始数据!I99,"×")="×","×","") | ... T98: =IF(IFERROR(原始数据!U99,"×")="×","×","") | U98: {=IF(原始数据!W99="-","",IF(原始数据!W99="","",IF(COUNT(FIND(原始数据!W99,原始数据!99:99))=2,"×","")))} | V98: {=IF(原始数据!Y99="-","",IF(原始数据!Y99="","",IF(COUNT(FIND(原始数据!Y99,原始数据!99:99))=2,"×","")))} | W98: =IF(原始数据!Z99="","",IF(COUNTIF(原始数据!99:99,原始数据!Z99)>1,"×","")) | X98: =IF(原始数据!AA99="","",IF(COUNTIF(原始数据!99:99,原始数据!AA99)>1,"×","")) | Y98: =IF(原始数据!AE99="","",IF(COUNTIF(原始数据!99:99,原始数据!AE99)>1,"×","")) | Z98: =IF(原始数据!AF99="","",IF(COUNTIF(原始数据!99:99,原始数据!AF99)>1,"×","")) | AA98: =IF(原始数据!AI99="","",IF(COUNTIF(原始数据!99:99,原始数据!AI99)>1,"×","")) | AB98: =IF(原始数据!AJ99="","",IF(COUNTIF(原始数据!99:99,原始数据!AJ99)>1,"×","")) | AC98: =IF(原始数据!AO99="","",IF(COUNTIF(原始数据!99:99,原始数据!AO99)>1,"×","")) | AD98: =IF(原始数据!AP99="","",IF(COUNTIF(原始数据!99:99,原始数据!AP99)>1,"×","")) | AE98: =IF(原始数据!AQ99="","",IF(COUNTIF(原始数据!99:99,原始数据!AQ99)>1,"×","")) | AF98: =IF(原始数据!AR99="","",IF(COUNTIF(原始数据!99:99,原始数据!AR99)>1,"×","")) | AG98: =IF(原始数据!AS99="","",IF(COUNTIF(原始数据!99:99,原始数据!AS99)>1,"×","")) | AH98: =IF(原始数据!AT99="","",IF(COUNTIF(原始数据!99:99,原始数据!AT99)>1,"×","")) | AI98: =IF(原始数据!AU99="","",IF(COUNTIF(原始数据!99:99,原始数据!AU99)>1,"×","")) | AJ98: =IF(原始数据!AV99="","",IF(COUNTIF(原始数据!99:99,原始数据!AV99)>1,"×","")) | ... AN98: =IF(原始数据!AZ99="","",IF(COUNTIF(原始数据!99:99,原始数据!AZ99)>1,"×",""))
A99: =IF(IFERROR(原始数据!B100,"×")="×","×","") | B99: =IF(IFERROR(原始数据!C100,"×")="×","×","") | C99: =IF(IFERROR(原始数据!D100,"×")="×","×","") | D99: =IF(IFERROR(原始数据!E100,"×")="×","×","") | E99: =IF(IFERROR(原始数据!F100,"×")="×","×","") | F99: =IF(IFERROR(原始数据!G100,"×")="×","×","") | G99: =IF(IFERROR(原始数据!H100,"×")="×","×","") | H99: =IF(IFERROR(原始数据!I100,"×")="×","×","") | ... T99: =IF(IFERROR(原始数据!U100,"×")="×","×","") | U99: {=IF(原始数据!W100="-","",IF(原始数据!W100="","",IF(COUNT(FIND(原始数据!W100,原始数据!100:100))=2,"×","")))} | V99: {=IF(原始数据!Y100="-","",IF(原始数据!Y100="","",IF(COUNT(FIND(原始数据!Y100,原始数据!100:100))=2,"×","")))} | W99: =IF(原始数据!Z100="","",IF(COUNTIF(原始数据!100:100,原始数据!Z100)>1,"×","")) | X99: =IF(原始数据!AA100="","",IF(COUNTIF(原始数据!100:100,原始数据!AA100)>1,"×","")) | Y99: =IF(原始数据!AE100="","",IF(COUNTIF(原始数据!100:100,原始数据!AE100)>1,"×","")) | Z99: =IF(原始数据!AF100="","",IF(COUNTIF(原始数据!100:100,原始数据!AF100)>1,"×","")) | AA99: =IF(原始数据!AI100="","",IF(COUNTIF(原始数据!100:100,原始数据!AI100)>1,"×","")) | AB99: =IF(原始数据!AJ100="","",IF(COUNTIF(原始数据!100:100,原始数据!AJ100)>1,"×","")) | AC99: =IF(原始数据!AO100="","",IF(COUNTIF(原始数据!100:100,原始数据!AO100)>1,"×","")) | AD99: =IF(原始数据!AP100="","",IF(COUNTIF(原始数据!100:100,原始数据!AP100)>1,"×","")) | AE99: =IF(原始数据!AQ100="","",IF(COUNTIF(原始数据!100:100,原始数据!AQ100)>1,"×","")) | AF99: =IF(原始数据!AR100="","",IF(COUNTIF(原始数据!100:100,原始数据!AR100)>1,"×","")) | AG99: =IF(原始数据!AS100="","",IF(COUNTIF(原始数据!100:100,原始数据!AS100)>1,"×","")) | AH99: =IF(原始数据!AT100="","",IF(COUNTIF(原始数据!100:100,原始数据!AT100)>1,"×","")) | AI99: =IF(原始数据!AU100="","",IF(COUNTIF(原始数据!100:100,原始数据!AU100)>1,"×","")) | AJ99: =IF(原始数据!AV100="","",IF(COUNTIF(原始数据!100:100,原始数据!AV100)>1,"×","")) | ... AN99: =IF(原始数据!AZ100="","",IF(COUNTIF(原始数据!100:100,原始数据!AZ100)>1,"×",""))
A100: =IF(IFERROR(原始数据!B101,"×")="×","×","") | B100: =IF(IFERROR(原始数据!C101,"×")="×","×","") | C100: =IF(IFERROR(原始数据!D101,"×")="×","×","") | D100: =IF(IFERROR(原始数据!E101,"×")="×","×","") | E100: =IF(IFERROR(原始数据!F101,"×")="×","×","") | F100: =IF(IFERROR(原始数据!G101,"×")="×","×","") | G100: =IF(IFERROR(原始数据!H101,"×")="×","×","") | H100: =IF(IFERROR(原始数据!I101,"×")="×","×","") | ... T100: =IF(IFERROR(原始数据!U101,"×")="×","×","") | U100: {=IF(原始数据!W101="-","",IF(原始数据!W101="","",IF(COUNT(FIND(原始数据!W101,原始数据!101:101))=2,"×","")))} | V100: {=IF(原始数据!Y101="-","",IF(原始数据!Y101="","",IF(COUNT(FIND(原始数据!Y101,原始数据!101:101))=2,"×","")))} | W100: =IF(原始数据!Z101="","",IF(COUNTIF(原始数据!101:101,原始数据!Z101)>1,"×","")) | X100: =IF(原始数据!AA101="","",IF(COUNTIF(原始数据!101:101,原始数据!AA101)>1,"×","")) | Y100: =IF(原始数据!AE101="","",IF(COUNTIF(原始数据!101:101,原始数据!AE101)>1,"×","")) | Z100: =IF(原始数据!AF101="","",IF(COUNTIF(原始数据!101:101,原始数据!AF101)>1,"×","")) | AA100: =IF(原始数据!AI101="","",IF(COUNTIF(原始数据!101:101,原始数据!AI101)>1,"×","")) | AB100: =IF(原始数据!AJ101="","",IF(COUNTIF(原始数据!101:101,原始数据!AJ101)>1,"×","")) | AC100: =IF(原始数据!AO101="","",IF(COUNTIF(原始数据!101:101,原始数据!AO101)>1,"×","")) | AD100: =IF(原始数据!AP101="","",IF(COUNTIF(原始数据!101:101,原始数据!AP101)>1,"×","")) | AE100: =IF(原始数据!AQ101="","",IF(COUNTIF(原始数据!101:101,原始数据!AQ101)>1,"×","")) | AF100: =IF(原始数据!AR101="","",IF(COUNTIF(原始数据!101:101,原始数据!AR101)>1,"×","")) | AG100: =IF(原始数据!AS101="","",IF(COUNTIF(原始数据!101:101,原始数据!AS101)>1,"×","")) | AH100: =IF(原始数据!AT101="","",IF(COUNTIF(原始数据!101:101,原始数据!AT101)>1,"×","")) | AI100: =IF(原始数据!AU101="","",IF(COUNTIF(原始数据!101:101,原始数据!AU101)>1,"×","")) | AJ100: =IF(原始数据!AV101="","",IF(COUNTIF(原始数据!101:101,原始数据!AV101)>1,"×","")) | ... AN100: =IF(原始数据!AZ101="","",IF(COUNTIF(原始数据!101:101,原始数据!AZ101)>1,"×",""))
...

Sheet 输入错误检查
C1: 屠夫队伍 | D1: 屠夫名字 | E1: 地图错误 | F1: 地图错误 | G1: 人BAN | K1: 屠BAN | N1: 人PICK | R1: 屠PICK | S1: 求生1 | T1: 求生2 | U1: 求生3 | V1: 求生4
A2: =COUNTIF(C2:R2,">0") -> 0 | B2: =COUNTIF(S2:V2,">0") -> 0 | C2: =IF(原始数据!K3="","",IF(ISERROR(MATCH(原始数据!K3,原始数据!E3:F3,0)),1,0)-IF(原始数据!K3="",1,0)) -> 0 | D2: =IF(原始数据!L3="","",IF(ISERROR(MATCH(原始数据!L3,各类选项!L:L,0)),1,0)-IF(原始数据!L3="",1,0)) -> 0 | E2: =IF(原始数据!W3="","",IF(ISERROR(MATCH(原始数据!W3,各类选项!G:G,0)),1,0)) -> 0 | F2: =IF(原始数据!Y3="","",IF(ISERROR(MATCH(原始数据!Y3,各类选项!G:G,0)),1,0)) -> 0 | G2: =IF(原始数据!AO3="","",IF(ISERROR(MATCH(原始数据!AO3,各类选项!$E:$E,0)),1,0)) -> 0 | H2: =IF(原始数据!AP3="","",IF(ISERROR(MATCH(原始数据!AP3,各类选项!$E:$E,0)),1,0)) -> 0 | I2: =IF(原始数据!AV3="","",IF(ISERROR(MATCH(原始数据!AV3,各类选项!$E:$E,0)),1,0)) -> 0 | J2: =IF(原始数据!AX3="","",IF(ISERROR(MATCH(原始数据!AX3,各类选项!$E:$E,0)),1,0)) -> 0 | K2: =IF(原始数据!AQ3="","",IF(ISERROR(MATCH(原始数据!AQ3,各类选项!$C:$C,0)),1,0)) | L2: =IF(原始数据!AR3="","",IF(ISERROR(MATCH(原始数据!AR3,各类选项!$C:$C,0)),1,0)) | M2: =IF(原始数据!AS3="","",IF(ISERROR(MATCH(原始数据!AS3,各类选项!$C:$C,0)),1,0)) | N2: =IF(原始数据!AT3="","",IF(ISERROR(MATCH(原始数据!AT3,各类选项!$E:$E,0)),1,0)) -> 0 | O2: =IF(原始数据!AU3="","",IF(ISERROR(MATCH(原始数据!AU3,各类选项!$E:$E,0)),1,0)) -> 0 | P2: =IF(原始数据!AW3="","",IF(ISERROR(MATCH(原始数据!AW3,各类选项!$E:$E,0)),1,0)) -> 0 | Q2: =IF(原始数据!AY3="","",IF(ISERROR(MATCH(原始数据!AY3,各类选项!$E:$E,0)),1,0)) -> 0 | R2: =IF(原始数据!AZ3="","",IF(ISERROR(MATCH(原始数据!AZ3,各类选项!$C:$C,0)),1,0)) -> 0 | S2: =IF(赛后数据!M3="","",IF(ISERROR(MATCH(赛后数据!M3,(各类选项!J:J),0)),1,0)) -> 0 | T2: =IF(赛后数据!U3="","",IF(ISERROR(MATCH(赛后数据!U3,(各类选项!J:J),0)),1,0)) -> 0 | U2: =IF(赛后数据!AC3="","",IF(ISERROR(MATCH(赛后数据!AC3,(各类选项!J:J),0)),1,0)) -> 0 | V2: =IF(赛后数据!AK3="","",IF(ISERROR(MATCH(赛后数据!AK3,(各类选项!J:J),0)),1,0)) -> 0
A3: =COUNTIF(C3:R3,">0") -> 0 | B3: =COUNTIF(S3:V3,">0") -> 0 | C3: =IF(原始数据!K4="","",IF(ISERROR(MATCH(原始数据!K4,原始数据!E4:F4,0)),1,0)-IF(原始数据!K4="",1,0)) -> 0 | D3: =IF(原始数据!L4="","",IF(ISERROR(MATCH(原始数据!L4,各类选项!L:L,0)),1,0)-IF(原始数据!L4="",1,0)) -> 0 | E3: =IF(原始数据!W4="","",IF(ISERROR(MATCH(原始数据!W4,各类选项!G:G,0)),1,0)) -> 0 | F3: =IF(原始数据!Y4="","",IF(ISERROR(MATCH(原始数据!Y4,各类选项!G:G,0)),1,0)) -> 0 | G3: =IF(原始数据!AO4="","",IF(ISERROR(MATCH(原始数据!AO4,各类选项!$E:$E,0)),1,0)) -> 0 | H3: =IF(原始数据!AP4="","",IF(ISERROR(MATCH(原始数据!AP4,各类选项!$E:$E,0)),1,0)) -> 0 | I3: =IF(原始数据!AV4="","",IF(ISERROR(MATCH(原始数据!AV4,各类选项!$E:$E,0)),1,0)) -> 0 | J3: =IF(原始数据!AX4="","",IF(ISERROR(MATCH(原始数据!AX4,各类选项!$E:$E,0)),1,0)) -> 0 | K3: =IF(原始数据!AQ4="","",IF(ISERROR(MATCH(原始数据!AQ4,各类选项!$C:$C,0)),1,0)) | L3: =IF(原始数据!AR4="","",IF(ISERROR(MATCH(原始数据!AR4,各类选项!$C:$C,0)),1,0)) | M3: =IF(原始数据!AS4="","",IF(ISERROR(MATCH(原始数据!AS4,各类选项!$C:$C,0)),1,0)) | N3: =IF(原始数据!AT4="","",IF(ISERROR(MATCH(原始数据!AT4,各类选项!$E:$E,0)),1,0)) -> 0 | O3: =IF(原始数据!AU4="","",IF(ISERROR(MATCH(原始数据!AU4,各类选项!$E:$E,0)),1,0)) -> 0 | P3: =IF(原始数据!AW4="","",IF(ISERROR(MATCH(原始数据!AW4,各类选项!$E:$E,0)),1,0)) -> 0 | Q3: =IF(原始数据!AY4="","",IF(ISERROR(MATCH(原始数据!AY4,各类选项!$E:$E,0)),1,0)) -> 0 | R3: =IF(原始数据!AZ4="","",IF(ISERROR(MATCH(原始数据!AZ4,各类选项!$C:$C,0)),1,0)) -> 0 | S3: =IF(赛后数据!M4="","",IF(ISERROR(MATCH(赛后数据!M4,(各类选项!J:J),0)),1,0)) -> 0 | T3: =IF(赛后数据!U4="","",IF(ISERROR(MATCH(赛后数据!U4,(各类选项!J:J),0)),1,0)) -> 0 | U3: =IF(赛后数据!AC4="","",IF(ISERROR(MATCH(赛后数据!AC4,(各类选项!J:J),0)),1,0)) -> 0 | V3: =IF(赛后数据!AK4="","",IF(ISERROR(MATCH(赛后数据!AK4,(各类选项!J:J),0)),1,0)) -> 0
A4: =COUNTIF(C4:R4,">0") -> 0 | B4: =COUNTIF(S4:V4,">0") -> 0 | C4: =IF(原始数据!K5="","",IF(ISERROR(MATCH(原始数据!K5,原始数据!E5:F5,0)),1,0)-IF(原始数据!K5="",1,0)) -> 0 | D4: =IF(原始数据!L5="","",IF(ISERROR(MATCH(原始数据!L5,各类选项!L:L,0)),1,0)-IF(原始数据!L5="",1,0)) -> 0 | E4: =IF(原始数据!W5="","",IF(ISERROR(MATCH(原始数据!W5,各类选项!G:G,0)),1,0)) | F4: =IF(原始数据!Y5="","",IF(ISERROR(MATCH(原始数据!Y5,各类选项!G:G,0)),1,0)) -> 0 | G4: =IF(原始数据!AO5="","",IF(ISERROR(MATCH(原始数据!AO5,各类选项!$E:$E,0)),1,0)) -> 0 | H4: =IF(原始数据!AP5="","",IF(ISERROR(MATCH(原始数据!AP5,各类选项!$E:$E,0)),1,0)) -> 0 | I4: =IF(原始数据!AV5="","",IF(ISERROR(MATCH(原始数据!AV5,各类选项!$E:$E,0)),1,0)) -> 0 | J4: =IF(原始数据!AX5="","",IF(ISERROR(MATCH(原始数据!AX5,各类选项!$E:$E,0)),1,0)) -> 0 | K4: =IF(原始数据!AQ5="","",IF(ISERROR(MATCH(原始数据!AQ5,各类选项!$C:$C,0)),1,0)) -> 0 | L4: =IF(原始数据!AR5="","",IF(ISERROR(MATCH(原始数据!AR5,各类选项!$C:$C,0)),1,0)) | M4: =IF(原始数据!AS5="","",IF(ISERROR(MATCH(原始数据!AS5,各类选项!$C:$C,0)),1,0)) | N4: =IF(原始数据!AT5="","",IF(ISERROR(MATCH(原始数据!AT5,各类选项!$E:$E,0)),1,0)) -> 0 | O4: =IF(原始数据!AU5="","",IF(ISERROR(MATCH(原始数据!AU5,各类选项!$E:$E,0)),1,0)) -> 0 | P4: =IF(原始数据!AW5="","",IF(ISERROR(MATCH(原始数据!AW5,各类选项!$E:$E,0)),1,0)) -> 0 | Q4: =IF(原始数据!AY5="","",IF(ISERROR(MATCH(原始数据!AY5,各类选项!$E:$E,0)),1,0)) -> 0 | R4: =IF(原始数据!AZ5="","",IF(ISERROR(MATCH(原始数据!AZ5,各类选项!$C:$C,0)),1,0)) -> 0 | S4: =IF(赛后数据!M5="","",IF(ISERROR(MATCH(赛后数据!M5,(各类选项!J:J),0)),1,0)) -> 0 | T4: =IF(赛后数据!U5="","",IF(ISERROR(MATCH(赛后数据!U5,(各类选项!J:J),0)),1,0)) -> 0 | U4: =IF(赛后数据!AC5="","",IF(ISERROR(MATCH(赛后数据!AC5,(各类选项!J:J),0)),1,0)) -> 0 | V4: =IF(赛后数据!AK5="","",IF(ISERROR(MATCH(赛后数据!AK5,(各类选项!J:J),0)),1,0)) -> 0
A5: =COUNTIF(C5:R5,">0") -> 0 | B5: =COUNTIF(S5:V5,">0") -> 0 | C5: =IF(原始数据!K6="","",IF(ISERROR(MATCH(原始数据!K6,原始数据!E6:F6,0)),1,0)-IF(原始数据!K6="",1,0)) -> 0 | D5: =IF(原始数据!L6="","",IF(ISERROR(MATCH(原始数据!L6,各类选项!L:L,0)),1,0)-IF(原始数据!L6="",1,0)) -> 0 | E5: =IF(原始数据!W6="","",IF(ISERROR(MATCH(原始数据!W6,各类选项!G:G,0)),1,0)) | F5: =IF(原始数据!Y6="","",IF(ISERROR(MATCH(原始数据!Y6,各类选项!G:G,0)),1,0)) -> 0 | G5: =IF(原始数据!AO6="","",IF(ISERROR(MATCH(原始数据!AO6,各类选项!$E:$E,0)),1,0)) -> 0 | H5: =IF(原始数据!AP6="","",IF(ISERROR(MATCH(原始数据!AP6,各类选项!$E:$E,0)),1,0)) -> 0 | I5: =IF(原始数据!AV6="","",IF(ISERROR(MATCH(原始数据!AV6,各类选项!$E:$E,0)),1,0)) -> 0 | J5: =IF(原始数据!AX6="","",IF(ISERROR(MATCH(原始数据!AX6,各类选项!$E:$E,0)),1,0)) -> 0 | K5: =IF(原始数据!AQ6="","",IF(ISERROR(MATCH(原始数据!AQ6,各类选项!$C:$C,0)),1,0)) -> 0 | L5: =IF(原始数据!AR6="","",IF(ISERROR(MATCH(原始数据!AR6,各类选项!$C:$C,0)),1,0)) | M5: =IF(原始数据!AS6="","",IF(ISERROR(MATCH(原始数据!AS6,各类选项!$C:$C,0)),1,0)) | N5: =IF(原始数据!AT6="","",IF(ISERROR(MATCH(原始数据!AT6,各类选项!$E:$E,0)),1,0)) -> 0 | O5: =IF(原始数据!AU6="","",IF(ISERROR(MATCH(原始数据!AU6,各类选项!$E:$E,0)),1,0)) -> 0 | P5: =IF(原始数据!AW6="","",IF(ISERROR(MATCH(原始数据!AW6,各类选项!$E:$E,0)),1,0)) -> 0 | Q5: =IF(原始数据!AY6="","",IF(ISERROR(MATCH(原始数据!AY6,各类选项!$E:$E,0)),1,0)) -> 0 | R5: =IF(原始数据!AZ6="","",IF(ISERROR(MATCH(原始数据!AZ6,各类选项!$C:$C,0)),1,0)) -> 0 | S5: =IF(赛后数据!M6="","",IF(ISERROR(MATCH(赛后数据!M6,(各类选项!J:J),0)),1,0)) -> 0 | T5: =IF(赛后数据!U6="","",IF(ISERROR(MATCH(赛后数据!U6,(各类选项!J:J),0)),1,0)) -> 0 | U5: =IF(赛后数据!AC6="","",IF(ISERROR(MATCH(赛后数据!AC6,(各类选项!J:J),0)),1,0)) -> 0 | V5: =IF(赛后数据!AK6="","",IF(ISERROR(MATCH(赛后数据!AK6,(各类选项!J:J),0)),1,0)) -> 0
A6: =COUNTIF(C6:R6,">0") -> 0 | B6: =COUNTIF(S6:V6,">0") -> 0 | C6: =IF(原始数据!K7="","",IF(ISERROR(MATCH(原始数据!K7,原始数据!E7:F7,0)),1,0)-IF(原始数据!K7="",1,0)) -> 0 | D6: =IF(原始数据!L7="","",IF(ISERROR(MATCH(原始数据!L7,各类选项!L:L,0)),1,0)-IF(原始数据!L7="",1,0)) -> 0 | E6: =IF(原始数据!W7="","",IF(ISERROR(MATCH(原始数据!W7,各类选项!G:G,0)),1,0)) | F6: =IF(原始数据!Y7="","",IF(ISERROR(MATCH(原始数据!Y7,各类选项!G:G,0)),1,0)) -> 0 | G6: =IF(原始数据!AO7="","",IF(ISERROR(MATCH(原始数据!AO7,各类选项!$E:$E,0)),1,0)) -> 0 | H6: =IF(原始数据!AP7="","",IF(ISERROR(MATCH(原始数据!AP7,各类选项!$E:$E,0)),1,0)) -> 0 | I6: =IF(原始数据!AV7="","",IF(ISERROR(MATCH(原始数据!AV7,各类选项!$E:$E,0)),1,0)) -> 0 | J6: =IF(原始数据!AX7="","",IF(ISERROR(MATCH(原始数据!AX7,各类选项!$E:$E,0)),1,0)) -> 0 | K6: =IF(原始数据!AQ7="","",IF(ISERROR(MATCH(原始数据!AQ7,各类选项!$C:$C,0)),1,0)) -> 0 | L6: =IF(原始数据!AR7="","",IF(ISERROR(MATCH(原始数据!AR7,各类选项!$C:$C,0)),1,0)) -> 0 | M6: =IF(原始数据!AS7="","",IF(ISERROR(MATCH(原始数据!AS7,各类选项!$C:$C,0)),1,0)) | N6: =IF(原始数据!AT7="","",IF(ISERROR(MATCH(原始数据!AT7,各类选项!$E:$E,0)),1,0)) -> 0 | O6: =IF(原始数据!AU7="","",IF(ISERROR(MATCH(原始数据!AU7,各类选项!$E:$E,0)),1,0)) -> 0 | P6: =IF(原始数据!AW7="","",IF(ISERROR(MATCH(原始数据!AW7,各类选项!$E:$E,0)),1,0)) -> 0 | Q6: =IF(原始数据!AY7="","",IF(ISERROR(MATCH(原始数据!AY7,各类选项!$E:$E,0)),1,0)) -> 0 | R6: =IF(原始数据!AZ7="","",IF(ISERROR(MATCH(原始数据!AZ7,各类选项!$C:$C,0)),1,0)) -> 0 | S6: =IF(赛后数据!M7="","",IF(ISERROR(MATCH(赛后数据!M7,(各类选项!J:J),0)),1,0)) -> 0 | T6: =IF(赛后数据!U7="","",IF(ISERROR(MATCH(赛后数据!U7,(各类选项!J:J),0)),1,0)) -> 0 | U6: =IF(赛后数据!AC7="","",IF(ISERROR(MATCH(赛后数据!AC7,(各类选项!J:J),0)),1,0)) -> 0 | V6: =IF(赛后数据!AK7="","",IF(ISERROR(MATCH(赛后数据!AK7,(各类选项!J:J),0)),1,0)) -> 0
A7: =COUNTIF(C7:R7,">0") -> 0 | B7: =COUNTIF(S7:V7,">0") -> 0 | C7: =IF(原始数据!K8="","",IF(ISERROR(MATCH(原始数据!K8,原始数据!E8:F8,0)),1,0)-IF(原始数据!K8="",1,0)) -> 0 | D7: =IF(原始数据!L8="","",IF(ISERROR(MATCH(原始数据!L8,各类选项!L:L,0)),1,0)-IF(原始数据!L8="",1,0)) -> 0 | E7: =IF(原始数据!W8="","",IF(ISERROR(MATCH(原始数据!W8,各类选项!G:G,0)),1,0)) | F7: =IF(原始数据!Y8="","",IF(ISERROR(MATCH(原始数据!Y8,各类选项!G:G,0)),1,0)) -> 0 | G7: =IF(原始数据!AO8="","",IF(ISERROR(MATCH(原始数据!AO8,各类选项!$E:$E,0)),1,0)) -> 0 | H7: =IF(原始数据!AP8="","",IF(ISERROR(MATCH(原始数据!AP8,各类选项!$E:$E,0)),1,0)) -> 0 | I7: =IF(原始数据!AV8="","",IF(ISERROR(MATCH(原始数据!AV8,各类选项!$E:$E,0)),1,0)) -> 0 | J7: =IF(原始数据!AX8="","",IF(ISERROR(MATCH(原始数据!AX8,各类选项!$E:$E,0)),1,0)) -> 0 | K7: =IF(原始数据!AQ8="","",IF(ISERROR(MATCH(原始数据!AQ8,各类选项!$C:$C,0)),1,0)) -> 0 | L7: =IF(原始数据!AR8="","",IF(ISERROR(MATCH(原始数据!AR8,各类选项!$C:$C,0)),1,0)) -> 0 | M7: =IF(原始数据!AS8="","",IF(ISERROR(MATCH(原始数据!AS8,各类选项!$C:$C,0)),1,0)) | N7: =IF(原始数据!AT8="","",IF(ISERROR(MATCH(原始数据!AT8,各类选项!$E:$E,0)),1,0)) -> 0 | O7: =IF(原始数据!AU8="","",IF(ISERROR(MATCH(原始数据!AU8,各类选项!$E:$E,0)),1,0)) -> 0 | P7: =IF(原始数据!AW8="","",IF(ISERROR(MATCH(原始数据!AW8,各类选项!$E:$E,0)),1,0)) -> 0 | Q7: =IF(原始数据!AY8="","",IF(ISERROR(MATCH(原始数据!AY8,各类选项!$E:$E,0)),1,0)) -> 0 | R7: =IF(原始数据!AZ8="","",IF(ISERROR(MATCH(原始数据!AZ8,各类选项!$C:$C,0)),1,0)) -> 0 | S7: =IF(赛后数据!M8="","",IF(ISERROR(MATCH(赛后数据!M8,(各类选项!J:J),0)),1,0)) -> 0 | T7: =IF(赛后数据!U8="","",IF(ISERROR(MATCH(赛后数据!U8,(各类选项!J:J),0)),1,0)) -> 0 | U7: =IF(赛后数据!AC8="","",IF(ISERROR(MATCH(赛后数据!AC8,(各类选项!J:J),0)),1,0)) -> 0 | V7: =IF(赛后数据!AK8="","",IF(ISERROR(MATCH(赛后数据!AK8,(各类选项!J:J),0)),1,0)) -> 0
A8: =COUNTIF(C8:R8,">0") -> 0 | B8: =COUNTIF(S8:V8,">0") -> 0 | C8: =IF(原始数据!K9="","",IF(ISERROR(MATCH(原始数据!K9,原始数据!E9:F9,0)),1,0)-IF(原始数据!K9="",1,0)) | D8: =IF(原始数据!L9="","",IF(ISERROR(MATCH(原始数据!L9,各类选项!L:L,0)),1,0)-IF(原始数据!L9="",1,0)) | E8: =IF(原始数据!W9="","",IF(ISERROR(MATCH(原始数据!W9,各类选项!G:G,0)),1,0)) | F8: =IF(原始数据!Y9="","",IF(ISERROR(MATCH(原始数据!Y9,各类选项!G:G,0)),1,0)) | G8: =IF(原始数据!AO9="","",IF(ISERROR(MATCH(原始数据!AO9,各类选项!$E:$E,0)),1,0)) | H8: =IF(原始数据!AP9="","",IF(ISERROR(MATCH(原始数据!AP9,各类选项!$E:$E,0)),1,0)) | I8: =IF(原始数据!AV9="","",IF(ISERROR(MATCH(原始数据!AV9,各类选项!$E:$E,0)),1,0)) | J8: =IF(原始数据!AX9="","",IF(ISERROR(MATCH(原始数据!AX9,各类选项!$E:$E,0)),1,0)) | K8: =IF(原始数据!AQ9="","",IF(ISERROR(MATCH(原始数据!AQ9,各类选项!$C:$C,0)),1,0)) | L8: =IF(原始数据!AR9="","",IF(ISERROR(MATCH(原始数据!AR9,各类选项!$C:$C,0)),1,0)) | M8: =IF(原始数据!AS9="","",IF(ISERROR(MATCH(原始数据!AS9,各类选项!$C:$C,0)),1,0)) | N8: =IF(原始数据!AT9="","",IF(ISERROR(MATCH(原始数据!AT9,各类选项!$E:$E,0)),1,0)) | O8: =IF(原始数据!AU9="","",IF(ISERROR(MATCH(原始数据!AU9,各类选项!$E:$E,0)),1,0)) | P8: =IF(原始数据!AW9="","",IF(ISERROR(MATCH(原始数据!AW9,各类选项!$E:$E,0)),1,0)) | Q8: =IF(原始数据!AY9="","",IF(ISERROR(MATCH(原始数据!AY9,各类选项!$E:$E,0)),1,0)) | R8: =IF(原始数据!AZ9="","",IF(ISERROR(MATCH(原始数据!AZ9,各类选项!$C:$C,0)),1,0)) | S8: =IF(赛后数据!M9="","",IF(ISERROR(MATCH(赛后数据!M9,(各类选项!J:J),0)),1,0)) | T8: =IF(赛后数据!U9="","",IF(ISERROR(MATCH(赛后数据!U9,(各类选项!J:J),0)),1,0)) | U8: =IF(赛后数据!AC9="","",IF(ISERROR(MATCH(赛后数据!AC9,(各类选项!J:J),0)),1,0)) | V8: =IF(赛后数据!AK9="","",IF(ISERROR(MATCH(赛后数据!AK9,(各类选项!J:J),0)),1,0))
A9: =COUNTIF(C9:R9,">0") -> 0 | B9: =COUNTIF(S9:V9,">0") -> 0 | C9: =IF(原始数据!K10="","",IF(ISERROR(MATCH(原始数据!K10,原始数据!E10:F10,0)),1,0)-IF(原始数据!K10="",1,0)) | D9: =IF(原始数据!L10="","",IF(ISERROR(MATCH(原始数据!L10,各类选项!L:L,0)),1,0)-IF(原始数据!L10="",1,0)) | E9: =IF(原始数据!W10="","",IF(ISERROR(MATCH(原始数据!W10,各类选项!G:G,0)),1,0)) | F9: =IF(原始数据!Y10="","",IF(ISERROR(MATCH(原始数据!Y10,各类选项!G:G,0)),1,0)) | G9: =IF(原始数据!AO10="","",IF(ISERROR(MATCH(原始数据!AO10,各类选项!$E:$E,0)),1,0)) | H9: =IF(原始数据!AP10="","",IF(ISERROR(MATCH(原始数据!AP10,各类选项!$E:$E,0)),1,0)) | I9: =IF(原始数据!AV10="","",IF(ISERROR(MATCH(原始数据!AV10,各类选项!$E:$E,0)),1,0)) | J9: =IF(原始数据!AX10="","",IF(ISERROR(MATCH(原始数据!AX10,各类选项!$E:$E,0)),1,0)) | K9: =IF(原始数据!AQ10="","",IF(ISERROR(MATCH(原始数据!AQ10,各类选项!$C:$C,0)),1,0)) | L9: =IF(原始数据!AR10="","",IF(ISERROR(MATCH(原始数据!AR10,各类选项!$C:$C,0)),1,0)) | M9: =IF(原始数据!AS10="","",IF(ISERROR(MATCH(原始数据!AS10,各类选项!$C:$C,0)),1,0)) | N9: =IF(原始数据!AT10="","",IF(ISERROR(MATCH(原始数据!AT10,各类选项!$E:$E,0)),1,0)) | O9: =IF(原始数据!AU10="","",IF(ISERROR(MATCH(原始数据!AU10,各类选项!$E:$E,0)),1,0)) | P9: =IF(原始数据!AW10="","",IF(ISERROR(MATCH(原始数据!AW10,各类选项!$E:$E,0)),1,0)) | Q9: =IF(原始数据!AY10="","",IF(ISERROR(MATCH(原始数据!AY10,各类选项!$E:$E,0)),1,0)) | R9: =IF(原始数据!AZ10="","",IF(ISERROR(MATCH(原始数据!AZ10,各类选项!$C:$C,0)),1,0)) | S9: =IF(赛后数据!M10="","",IF(ISERROR(MATCH(赛后数据!M10,(各类选项!J:J),0)),1,0)) | T9: =IF(赛后数据!U10="","",IF(ISERROR(MATCH(赛后数据!U10,(各类选项!J:J),0)),1,0)) | U9: =IF(赛后数据!AC10="","",IF(ISERROR(MATCH(赛后数据!AC10,(各类选项!J:J),0)),1,0)) | V9: =IF(赛后数据!AK10="","",IF(ISERROR(MATCH(赛后数据!AK10,(各类选项!J:J),0)),1,0))
A10: =COUNTIF(C10:R10,">0") -> 0 | B10: =COUNTIF(S10:V10,">0") -> 0 | C10: =IF(原始数据!K11="","",IF(ISERROR(MATCH(原始数据!K11,原始数据!E11:F11,0)),1,0)-IF(原始数据!K11="",1,0)) | D10: =IF(原始数据!L11="","",IF(ISERROR(MATCH(原始数据!L11,各类选项!L:L,0)),1,0)-IF(原始数据!L11="",1,0)) | E10: =IF(原始数据!W11="","",IF(ISERROR(MATCH(原始数据!W11,各类选项!G:G,0)),1,0)) | F10: =IF(原始数据!Y11="","",IF(ISERROR(MATCH(原始数据!Y11,各类选项!G:G,0)),1,0)) | G10: =IF(原始数据!AO11="","",IF(ISERROR(MATCH(原始数据!AO11,各类选项!$E:$E,0)),1,0)) | H10: =IF(原始数据!AP11="","",IF(ISERROR(MATCH(原始数据!AP11,各类选项!$E:$E,0)),1,0)) | I10: =IF(原始数据!AV11="","",IF(ISERROR(MATCH(原始数据!AV11,各类选项!$E:$E,0)),1,0)) | J10: =IF(原始数据!AX11="","",IF(ISERROR(MATCH(原始数据!AX11,各类选项!$E:$E,0)),1,0)) | K10: =IF(原始数据!AQ11="","",IF(ISERROR(MATCH(原始数据!AQ11,各类选项!$C:$C,0)),1,0)) | L10: =IF(原始数据!AR11="","",IF(ISERROR(MATCH(原始数据!AR11,各类选项!$C:$C,0)),1,0)) | M10: =IF(原始数据!AS11="","",IF(ISERROR(MATCH(原始数据!AS11,各类选项!$C:$C,0)),1,0)) | N10: =IF(原始数据!AT11="","",IF(ISERROR(MATCH(原始数据!AT11,各类选项!$E:$E,0)),1,0)) | O10: =IF(原始数据!AU11="","",IF(ISERROR(MATCH(原始数据!AU11,各类选项!$E:$E,0)),1,0)) | P10: =IF(原始数据!AW11="","",IF(ISERROR(MATCH(原始数据!AW11,各类选项!$E:$E,0)),1,0)) | Q10: =IF(原始数据!AY11="","",IF(ISERROR(MATCH(原始数据!AY11,各类选项!$E:$E,0)),1,0)) | R10: =IF(原始数据!AZ11="","",IF(ISERROR(MATCH(原始数据!AZ11,各类选项!$C:$C,0)),1,0)) | S10: =IF(赛后数据!M11="","",IF(ISERROR(MATCH(赛后数据!M11,(各类选项!J:J),0)),1,0)) | T10: =IF(赛后数据!U11="","",IF(ISERROR(MATCH(赛后数据!U11,(各类选项!J:J),0)),1,0)) | U10: =IF(赛后数据!AC11="","",IF(ISERROR(MATCH(赛后数据!AC11,(各类选项!J:J),0)),1,0)) | V10: =IF(赛后数据!AK11="","",IF(ISERROR(MATCH(赛后数据!AK11,(各类选项!J:J),0)),1,0))
A11: =COUNTIF(C11:R11,">0") -> 0 | B11: =COUNTIF(S11:V11,">0") -> 0 | C11: =IF(原始数据!K12="","",IF(ISERROR(MATCH(原始数据!K12,原始数据!E12:F12,0)),1,0)-IF(原始数据!K12="",1,0)) | D11: =IF(原始数据!L12="","",IF(ISERROR(MATCH(原始数据!L12,各类选项!L:L,0)),1,0)-IF(原始数据!L12="",1,0)) | E11: =IF(原始数据!W12="","",IF(ISERROR(MATCH(原始数据!W12,各类选项!G:G,0)),1,0)) | F11: =IF(原始数据!Y12="","",IF(ISERROR(MATCH(原始数据!Y12,各类选项!G:G,0)),1,0)) | G11: =IF(原始数据!AO12="","",IF(ISERROR(MATCH(原始数据!AO12,各类选项!$E:$E,0)),1,0)) | H11: =IF(原始数据!AP12="","",IF(ISERROR(MATCH(原始数据!AP12,各类选项!$E:$E,0)),1,0)) | I11: =IF(原始数据!AV12="","",IF(ISERROR(MATCH(原始数据!AV12,各类选项!$E:$E,0)),1,0)) | J11: =IF(原始数据!AX12="","",IF(ISERROR(MATCH(原始数据!AX12,各类选项!$E:$E,0)),1,0)) | K11: =IF(原始数据!AQ12="","",IF(ISERROR(MATCH(原始数据!AQ12,各类选项!$C:$C,0)),1,0)) | L11: =IF(原始数据!AR12="","",IF(ISERROR(MATCH(原始数据!AR12,各类选项!$C:$C,0)),1,0)) | M11: =IF(原始数据!AS12="","",IF(ISERROR(MATCH(原始数据!AS12,各类选项!$C:$C,0)),1,0)) | N11: =IF(原始数据!AT12="","",IF(ISERROR(MATCH(原始数据!AT12,各类选项!$E:$E,0)),1,0)) | O11: =IF(原始数据!AU12="","",IF(ISERROR(MATCH(原始数据!AU12,各类选项!$E:$E,0)),1,0)) | P11: =IF(原始数据!AW12="","",IF(ISERROR(MATCH(原始数据!AW12,各类选项!$E:$E,0)),1,0)) | Q11: =IF(原始数据!AY12="","",IF(ISERROR(MATCH(原始数据!AY12,各类选项!$E:$E,0)),1,0)) | R11: =IF(原始数据!AZ12="","",IF(ISERROR(MATCH(原始数据!AZ12,各类选项!$C:$C,0)),1,0)) | S11: =IF(赛后数据!M12="","",IF(ISERROR(MATCH(赛后数据!M12,(各类选项!J:J),0)),1,0)) | T11: =IF(赛后数据!U12="","",IF(ISERROR(MATCH(赛后数据!U12,(各类选项!J:J),0)),1,0)) | U11: =IF(赛后数据!AC12="","",IF(ISERROR(MATCH(赛后数据!AC12,(各类选项!J:J),0)),1,0)) | V11: =IF(赛后数据!AK12="","",IF(ISERROR(MATCH(赛后数据!AK12,(各类选项!J:J),0)),1,0))
A12: =COUNTIF(C12:R12,">0") -> 0 | B12: =COUNTIF(S12:V12,">0") -> 0 | C12: =IF(原始数据!K13="","",IF(ISERROR(MATCH(原始数据!K13,原始数据!E13:F13,0)),1,0)-IF(原始数据!K13="",1,0)) | D12: =IF(原始数据!L13="","",IF(ISERROR(MATCH(原始数据!L13,各类选项!L:L,0)),1,0)-IF(原始数据!L13="",1,0)) | E12: =IF(原始数据!W13="","",IF(ISERROR(MATCH(原始数据!W13,各类选项!G:G,0)),1,0)) | F12: =IF(原始数据!Y13="","",IF(ISERROR(MATCH(原始数据!Y13,各类选项!G:G,0)),1,0)) | G12: =IF(原始数据!AO13="","",IF(ISERROR(MATCH(原始数据!AO13,各类选项!$E:$E,0)),1,0)) | H12: =IF(原始数据!AP13="","",IF(ISERROR(MATCH(原始数据!AP13,各类选项!$E:$E,0)),1,0)) | I12: =IF(原始数据!AV13="","",IF(ISERROR(MATCH(原始数据!AV13,各类选项!$E:$E,0)),1,0)) | J12: =IF(原始数据!AX13="","",IF(ISERROR(MATCH(原始数据!AX13,各类选项!$E:$E,0)),1,0)) | K12: =IF(原始数据!AQ13="","",IF(ISERROR(MATCH(原始数据!AQ13,各类选项!$C:$C,0)),1,0)) | L12: =IF(原始数据!AR13="","",IF(ISERROR(MATCH(原始数据!AR13,各类选项!$C:$C,0)),1,0)) | M12: =IF(原始数据!AS13="","",IF(ISERROR(MATCH(原始数据!AS13,各类选项!$C:$C,0)),1,0)) | N12: =IF(原始数据!AT13="","",IF(ISERROR(MATCH(原始数据!AT13,各类选项!$E:$E,0)),1,0)) | O12: =IF(原始数据!AU13="","",IF(ISERROR(MATCH(原始数据!AU13,各类选项!$E:$E,0)),1,0)) | P12: =IF(原始数据!AW13="","",IF(ISERROR(MATCH(原始数据!AW13,各类选项!$E:$E,0)),1,0)) | Q12: =IF(原始数据!AY13="","",IF(ISERROR(MATCH(原始数据!AY13,各类选项!$E:$E,0)),1,0)) | R12: =IF(原始数据!AZ13="","",IF(ISERROR(MATCH(原始数据!AZ13,各类选项!$C:$C,0)),1,0)) | S12: =IF(赛后数据!M13="","",IF(ISERROR(MATCH(赛后数据!M13,(各类选项!J:J),0)),1,0)) | T12: =IF(赛后数据!U13="","",IF(ISERROR(MATCH(赛后数据!U13,(各类选项!J:J),0)),1,0)) | U12: =IF(赛后数据!AC13="","",IF(ISERROR(MATCH(赛后数据!AC13,(各类选项!J:J),0)),1,0)) | V12: =IF(赛后数据!AK13="","",IF(ISERROR(MATCH(赛后数据!AK13,(各类选项!J:J),0)),1,0))
A13: =COUNTIF(C13:R13,">0") -> 0 | B13: =COUNTIF(S13:V13,">0") -> 0 | C13: =IF(原始数据!K14="","",IF(ISERROR(MATCH(原始数据!K14,原始数据!E14:F14,0)),1,0)-IF(原始数据!K14="",1,0)) | D13: =IF(原始数据!L14="","",IF(ISERROR(MATCH(原始数据!L14,各类选项!L:L,0)),1,0)-IF(原始数据!L14="",1,0)) | E13: =IF(原始数据!W14="","",IF(ISERROR(MATCH(原始数据!W14,各类选项!G:G,0)),1,0)) | F13: =IF(原始数据!Y14="","",IF(ISERROR(MATCH(原始数据!Y14,各类选项!G:G,0)),1,0)) | G13: =IF(原始数据!AO14="","",IF(ISERROR(MATCH(原始数据!AO14,各类选项!$E:$E,0)),1,0)) | H13: =IF(原始数据!AP14="","",IF(ISERROR(MATCH(原始数据!AP14,各类选项!$E:$E,0)),1,0)) | I13: =IF(原始数据!AV14="","",IF(ISERROR(MATCH(原始数据!AV14,各类选项!$E:$E,0)),1,0)) | J13: =IF(原始数据!AX14="","",IF(ISERROR(MATCH(原始数据!AX14,各类选项!$E:$E,0)),1,0)) | K13: =IF(原始数据!AQ14="","",IF(ISERROR(MATCH(原始数据!AQ14,各类选项!$C:$C,0)),1,0)) | L13: =IF(原始数据!AR14="","",IF(ISERROR(MATCH(原始数据!AR14,各类选项!$C:$C,0)),1,0)) | M13: =IF(原始数据!AS14="","",IF(ISERROR(MATCH(原始数据!AS14,各类选项!$C:$C,0)),1,0)) | N13: =IF(原始数据!AT14="","",IF(ISERROR(MATCH(原始数据!AT14,各类选项!$E:$E,0)),1,0)) | O13: =IF(原始数据!AU14="","",IF(ISERROR(MATCH(原始数据!AU14,各类选项!$E:$E,0)),1,0)) | P13: =IF(原始数据!AW14="","",IF(ISERROR(MATCH(原始数据!AW14,各类选项!$E:$E,0)),1,0)) | Q13: =IF(原始数据!AY14="","",IF(ISERROR(MATCH(原始数据!AY14,各类选项!$E:$E,0)),1,0)) | R13: =IF(原始数据!AZ14="","",IF(ISERROR(MATCH(原始数据!AZ14,各类选项!$C:$C,0)),1,0)) | S13: =IF(赛后数据!M14="","",IF(ISERROR(MATCH(赛后数据!M14,(各类选项!J:J),0)),1,0)) | T13: =IF(赛后数据!U14="","",IF(ISERROR(MATCH(赛后数据!U14,(各类选项!J:J),0)),1,0)) | U13: =IF(赛后数据!AC14="","",IF(ISERROR(MATCH(赛后数据!AC14,(各类选项!J:J),0)),1,0)) | V13: =IF(赛后数据!AK14="","",IF(ISERROR(MATCH(赛后数据!AK14,(各类选项!J:J),0)),1,0))
... A721: =COUNTIF(C721:R721,">0") -> 0 | B721: =COUNTIF(S721:V721,">0") -> 0 | C721: =IF(原始数据!K722="","",IF(ISERROR(MATCH(原始数据!K722,原始数据!E722:F722,0)),1,0)-IF(原始数据!K722="",1,0)) | D721: =IF(原始数据!L722="","",IF(ISERROR(MATCH(原始数据!L722,各类选项!L:L,0)),1,0)-IF(原始数据!L722="",1,0)) | E721: =IF(原始数据!W722="","",IF(ISERROR(MATCH(原始数据!W722,各类选项!G:G,0)),1,0)) | F721: =IF(原始数据!Y722="","",IF(ISERROR(MATCH(原始数据!Y722,各类选项!G:G,0)),1,0)) | G721: =IF(原始数据!AO722="","",IF(ISERROR(MATCH(原始数据!AO722,各类选项!$E:$E,0)),1,0)) | H721: =IF(原始数据!AP722="","",IF(ISERROR(MATCH(原始数据!AP722,各类选项!$E:$E,0)),1,0)) | I721: =IF(原始数据!AV722="","",IF(ISERROR(MATCH(原始数据!AV722,各类选项!$E:$E,0)),1,0)) | J721: =IF(原始数据!AX722="","",IF(ISERROR(MATCH(原始数据!AX722,各类选项!$E:$E,0)),1,0)) | K721: =IF(原始数据!AQ722="","",IF(ISERROR(MATCH(原始数据!AQ722,各类选项!$C:$C,0)),1,0)) | L721: =IF(原始数据!AR722="","",IF(ISERROR(MATCH(原始数据!AR722,各类选项!$C:$C,0)),1,0)) | M721: =IF(原始数据!AS722="","",IF(ISERROR(MATCH(原始数据!AS722,各类选项!$C:$C,0)),1,0)) | N721: =IF(原始数据!AT722="","",IF(ISERROR(MATCH(原始数据!AT722,各类选项!$E:$E,0)),1,0)) | O721: =IF(原始数据!AU722="","",IF(ISERROR(MATCH(原始数据!AU722,各类选项!$E:$E,0)),1,0)) | P721: =IF(原始数据!AW722="","",IF(ISERROR(MATCH(原始数据!AW722,各类选项!$E:$E,0)),1,0)) | Q721: =IF(原始数据!AY722="","",IF(ISERROR(MATCH(原始数据!AY722,各类选项!$E:$E,0)),1,0)) | R721: =IF(原始数据!AZ722="","",IF(ISERROR(MATCH(原始数据!AZ722,各类选项!$C:$C,0)),1,0)) | S721: =IF(赛后数据!M722="","",IF(ISERROR(MATCH(赛后数据!M722,(各类选项!J:J),0)),1,0)) | T721: =IF(赛后数据!U722="","",IF(ISERROR(MATCH(赛后数据!U722,(各类选项!J:J),0)),1,0)) | U721: =IF(赛后数据!AC722="","",IF(ISERROR(MATCH(赛后数据!AC722,(各类选项!J:J),0)),1,0)) | V721: =IF(赛后数据!AK722="","",IF(ISERROR(MATCH(赛后数据!AK722,(各类选项!J:J),0)),1,0))

Sheet 各类选项
A1: 赛事类型 | B1: 角色 | F1: 俱乐部 | G1: 地图 | H1: 辅助特质 | I1: 求生者阵营 | K1: 监管者阵营 | O1: ID1 | P1: ID2 | Q1: ID3 | R1: ID4
A2: IVL夏季赛常规赛 | B2: ID | C2: 角色名 | D2: ID | E2: 角色名 | F2: {=_xlfn.UNIQUE(I2:I97)} -> WBG | G2: - | H2: - | I2: WBG | J2: guoker | K2: WBG | L2: n1e | N2: WBG | O2: guoker | P2: huiyi | Q2: persica | R2: koting
A3: IVL夏季赛季后赛 | B3: 0 | C3: 空 | D3: 0 | E3: 空 | F3: TE | G3: 军工厂 | H3: 聆听 | I3: WBG | J3: huiyi | K3: WBG | L3: wu | N3: TE | O3: drop | P3: libao | Q3: lconfid | R3: maom
A4: IVL秋季赛常规赛 | B4: 1 | C4: 厂长 | D4: 1 | E4: 幸运儿 | F4: RC | G4: 红教堂 | H4: 失常 | I4: WBG | J4: persica | K4: TE | L4: ppei | N4: RC | O4: city | P4: unpyi | Q4: soba | R4: fuku
A5: IVL秋季赛季后赛 | B5: 2 | C5: 小丑 | D5: 2 | E5: 医生 | F5: AXIZ | G5: 圣心医院 | H5: 兴奋 | I5: WBG | J5: koting | K5: RC | L5: alf | N5: AXIZ | O5: atto | P5: nyan | Q5: takakou | R5: monop
A6: IVS | B6: 3 | C6: 鹿头 | D6: 3 | E6: 律师 | F6: WOLVES | G6: 湖景村 | H6: 巡视者 | I6: TE | J6: drop | K6: RC | L6: aka | N6: WOLVES | O6: jelly | P6: lemon | Q6: tian | R6: xmx
A7: IVT | B7: 4 | C7: 杰克 | D7: 4 | E7: 慈善家 | F7: GR | G7: 月亮河公园 | H7: 传送 | I7: TE | J7: flower | K7: AXIZ | L7: kakiri | N7: GR | O7: ak | P7: ac | Q7: citie | R7: ziro
A8: IJL夏季赛常规赛 | B8: 5 | C8: 红蝶 | D8: 5 | E8: 园丁 | F8: FPX.ZQ | G8: 里奥的回忆 | H8: 窥视者 | I8: TE | J8: libao | K8: AXIZ | L8: kakaka | N8: FPX.ZQ | O8: sans | P8: lin | Q8: yuan | R8: stian
A9: IJL夏季赛季后赛 | B9: 6 | C9: 蜘蛛 | D9: 6 | E9: 魔术师 | F9: FL | G9: 永眠镇 | H9: 闪现 | I9: TE | J9: lconfid | K9: WOLVES | L9: choai | N9: FL | O9: kat | P9: katsuki | Q9: moririn | R9: maeken
A10: IJL秋季赛常规赛 | B10: 7 | C10: 宿伞之魂 | D10: 7 | E10: 冒险家 | F10: ACT | G10: 唐人街 | H10: 移形 | I10: TE | J10: maom | K10: WOLVES | L10: yeyv | N10: ACT | O10: xy | P10: xen | Q10: eleven | R10: xmiao5
A11: IJL秋季赛季后赛 | B11: 8 | C11: 疯眼 | D11: 8 | E11: 佣兵 | F11: MRC | G11: 不归林 | I11: RC | J11: city | K11: GR | L11: jin | N11: MRC | O11: xiaod | P11: xiaox | Q11: huac | R11: nanako
A12: COA预选赛 | B12: 9 | C12: 摄影师 | D12: 9 | E12: 空军 | F12: B4U | I12: RC | J12: raolie | K12: GR | L12: mlx | N12: B4U | O12: lyan | P12: green | Q12: schmiddy | R12: rolend
A13: COA总决赛 | B13: 10 | C13: 黄衣之主 | D13: 10 | E13: 机械师 | F13: ZETA | I13: RC | J13: unpyi | K13: FPX.ZQ | L13: dongx | N13: ZETA | O13: kznk | P13: dolisu | Q13: hametu | R13: shinami
A14: IVT | B14: 11 | C14: 红夫人 | D14: 11 | E14: 前锋 | F14: 0 | I14: RC | J14: soba | K14: FL | L14: pipicha
A15: 其他 | B15: 12 | C15: 梦之女巫 | D15: 12 | E15: 盲女 | I15: RC | J15: fuku | K15: FL | L15: hasha
B16: 13 | C16: 雕刻家 | D16: 13 | E16: 祭司 | I16: AXIZ | J16: atto | K16: ACT | L16: moonlight
B17: 14 | C17: 26号守卫 | D17: 14 | E17: 调香师 | I17: AXIZ | J17: lim | K17: ACT | L17: zz9
B18: 15 | C18: 小提琴家 | D18: 15 | E18: 牛仔 | I18: AXIZ | J18: nyan | K18: MRC | L18: bailu
B19: 16 | C19: 爱哭鬼 | D19: 16 | E19: 舞女 | I19: AXIZ | J19: takakou | K19: MRC | L19: xc
B20: 17 | C20: 孽蜥 | D20: 17 | E20: 先知 | I20: AXIZ | J20: monop | K20: B4U | L20: anton
B21: 18 | C21: 使徒 | D21: 18 | E21: 入殓师 | I21: WOLVES | J21: jelly | K21: B4U | L21: sprintzer
B22: 19 | C22: 渔女 | D22: 19 | E22: 勘探员 | I22: WOLVES | J22: weather | K22: ZETA | L22: mkmldy
B23: 20 | C23: 破轮 | D23: 20 | E23: 咒术师 | I23: WOLVES | J23: lemon | K23: ZETA | L23: peter
B24: 21 | C24: 蜡像师 | D24: 21 | E24: 野人 | I24: WOLVES | J24: tian
B25: 22 | C25: 噩梦 | D25: 22 | E25: 杂技演员 | I25: WOLVES | J25: xmx
B26: 23 | C26: 记录员 | D26: 23 | E26: 大副 | I26: GR | J26: ak
B27: 24 | C27: 博士 | D27: 24 | E27: 调酒师 | I27: GR | J27: red
B28: 25 | C28: 隐士 | D28: 25 | E28: 邮差 | I28: GR | J28: citie
B29: 26 | C29: 守夜人 | D29: 26 | E29: 守墓人 | I29: GR | J29: ac
B30: 27 | C30: 歌剧演员 | D30: 27 | E30: 囚徒 | I30: GR | J30: ziro
B31: 28 | C31: 愚人金 | D31: 28 | E31: 昆虫学者 | I31: FPX.ZQ | J31: sans
B32: 29 | C32: 时空之影 | D32: 29 | E32: 画家 | I32: FPX.ZQ | J32: yuan
B33: 30 | C33: 跛脚羊 | D33: 30 | E33: 击球手 | I33: FPX.ZQ | J33: stian
B34: 31 | C34: 喧嚣 | D34: 31 | E34: 玩具商 | I34: FPX.ZQ | J34: yihua
B35: 32 | C35: 杂货商 | D35: 32 | E35: 心理学家 | I35: FPX.ZQ | J35: lin
B36: 33 | C36: 台球手 | D36: 33 | E36: 病患 | I36: FL | J36: kat
B37: 34 | D37: 34 | E37: 小说家 | I37: FL | J37: katsuki
B38: 35 | D38: 35 | E38: 小女孩 | I38: FL | J38: moririn
B39: 36 | D39: 36 | E39: 哭泣小丑 | I39: FL | J39: maeken
B40: 37 | D40: 37 | E40: 教授 | I40: ACT | J40: eleven
B41: 38 | D41: 38 | E41: 古董商 | I41: ACT | J41: gougou
B42: 39 | D42: 39 | E42: 作曲家 | I42: ACT | J42: xy
B43: 40 | D43: 40 | E43: 记者 | I43: ACT | J43: xmiao5
B44: 41 | D44: 41 | E44: 飞行家 | I44: ACT | J44: xen
B45: 42 | D45: 42 | E45: 拉拉队员 | I45: MRC | J45: xiaod
B46: 43 | D46: 43 | E46: 木偶师 | I46: MRC | J46: xiaox
B47: 44 | D47: 44 | E47: 火灾调查员 | I47: MRC | J47: huac
B48: 45 | D48: 45 | E48: 法罗女士 | I48: MRC | J48: nanako
D49: 46 | E49: 骑士 | I49: MRC | J49: koko
D50: 47 | E50: 气象学家 | I50: B4U | J50: lyan
D51: 48 | E51: 弓箭手 | I51: B4U | J51: green
D52: 49 | E52: 逃脱大师 | I52: B4U | J52: schmiddy
D53: 50 | E53: 幻灯师 | I53: B4U | J53: myleg
I54: B4U | J54: rolend
I55: ZETA | J55: kznk
I56: ZETA | J56: dolisu
I57: ZETA | J57: hametu
I58: ZETA | J58: shinami
I59: ZETA | J59: alphar

Sheet 原始数据
B1: 完成记录或检查工作后均需在“赛果”页对应位置填写个人昵称
A2: 本页出错 | B2: 月 | C2: 日 | D2: 时间 | E2: 主场 | F2: 客场 | G2: 场次 | H2: 半场 | I2: 屠队主客 | J2: 人队 | K2: 屠队 | L2: 屠名 | M2: 局分 | O2: 局总分 | P2: 场分 | S2: 主分 | T2: 客分 | U2: 胜利方 | V2: 淘汰 | W2: BAN图 | X2: BAN图 | Y2: 地图 | Z2: 求生者首抢禁用【自动生成】 | AL2: 监管者全局禁用【自动生成】 | AO2: 第一阶段人BAN | AQ2: 第一阶段屠BAN | AT2: 第一阶段人PICK | AV2: 第二阶段人BAN | AW2: 第二阶段人PICK | AX2: 第三阶段人BAN | AY2: 第三阶段人PICK | AZ2: 屠选 | BA2: 地图主客 | BB2: 选图队伍 | BC2: 选边队伍
A3: =输入错误检查!A2 -> 0 | B3: =IF(赛果!A2="","",赛果!A2) -> 5 | C3: =IF(赛果!B2="","",赛果!B2) -> 1 | D3: =IF(赛果!C2="","",赛果!C2) -> 1200 | E3: =IF(赛果!D2="","",赛果!D2) -> ZETA | F3: =IF(赛果!E2="","",赛果!E2) -> TE | G3: 1 | H3: 上 | I3: =IF(K3="","",IF(K3=E3,"主","客")) -> 客 | J3: =IF(K3="","",IF(K3=E3,F3,E3)) -> ZETA | K3: TE | L3: ppei | M3: =S3+S4 -> 4 | N3: =T3+T4 -> 4 | O3: =M3+N3 -> 8 | P3: =IF(M3>N3,1,0) -> 0 | Q3: =IF(M3+N3=0,0,IF(M3=N3,1,0)) -> 1 | R3: =IF(M3<N3,1,0) -> 0 | S3: 2 | T3: 2 | U3: =_xlfn.IFS(S3+T3=0,"",S3>T3,IF(I3="主","屠","人"),S3<T3,IF(I3="主","人","屠"),S3=T3,"平") -> 平 | V3: {=_xlfn.IFS(S3+T3=0,"",S3>T3,IF(I3="主",IF(S3=5,4,3),IF(S3=5,0,1)),S3<T3,IF(I3="主",IF(T3=5,0,1),IF(T3=5,4,3)),S3=T3,2)} -> 2 | W3: 圣心医院 | X3: 湖景村 | Y3: 永眠镇 | AO3: 先知 | AP3: 医生 | AT3: 木偶师 | AU3: 弓箭手 | AV3: 守墓人 | AW3: 大副 | AX3: 魔术师 | AY3: 幻灯师 | AZ3: 跛脚羊 | BA3: =_xlfn.IFS(BB3="","",BB3=E3,"主",BB3=F3,"客") -> 主 | BB3: =IF(说明!$F$11=3,_xlfn.IFS($G3=1,$E3,$G3=2,$F3,$G3=3,(IF(S3+T3=0,"",$E3)),$G3="加",(IF(S3+T3=0,"",$F3))),_xlfn.IFS($G3=1,$E3,$G3=2,$F3,$G3=3,$E3,$G3=4,(IF(S3+T3=0,"",$F3)),$G3=5,(IF(S3+T3=0,"",$E3)),$G3="加",(IF(S3+T3=0,"",$F3)))) -> ZETA | BC3: =_xlfn.IFS(BB3="","",BB3=E3,F3,BB3=F3,E3) -> TE
A4: =输入错误检查!A3 -> 0 | B4: =B3 -> 5 | C4: =C3 -> 1 | D4: =D3 -> 1200 | E4: =E3 -> ZETA | F4: =F3 -> TE | G4: 1 | H4: 下 | I4: =IF(K4="","",IF(K4=E4,"主","客")) -> 主 | J4: =IF(K4="","",IF(K4=E4,F4,E4)) -> TE | K4: ZETA | L4: peter | S4: 2 | T4: 2 | U4: =_xlfn.IFS(S4+T4=0,"",S4>T4,IF(I4="主","屠","人"),S4<T4,IF(I4="主","人","屠"),S4=T4,"平") -> 平 | V4: {=_xlfn.IFS(S4+T4=0,"",S4>T4,IF(I4="主",IF(S4=5,4,3),IF(S4=5,0,1)),S4<T4,IF(I4="主",IF(T4=5,0,1),IF(T4=5,4,3)),S4=T4,2)} -> 2 | W4: =IF(W3="","",W3) -> 圣心医院 | X4: 湖景村 | Y4: =IF(Y3="","",Y3) -> 永眠镇 | AO4: 先知 | AP4: 医生 | AT4: 木偶师 | AU4: 机械师 | AV4: 守墓人 | AW4: 大副 | AX4: 咒术师 | AY4: 弓箭手 | AZ4: 跛脚羊 | BA4: =_xlfn.IFS(BB4="","",BB4=E4,"主",BB4=F4,"客") -> 主 | BB4: =IF(说明!$F$11=3,_xlfn.IFS($G4=1,$E4,$G4=2,$F4,$G4=3,(IF(S4+T4=0,"",$E4)),$G4="加",(IF(S4+T4=0,"",$F4))),_xlfn.IFS($G4=1,$E4,$G4=2,$F4,$G4=3,$E4,$G4=4,(IF(S4+T4=0,"",$F4)),$G4=5,(IF(S4+T4=0,"",$E4)),$G4="加",(IF(S4+T4=0,"",$F4)))) -> ZETA | BC4: =_xlfn.IFS(BB4="","",BB4=E4,F4,BB4=F4,E4) -> TE
A5: =输入错误检查!A4 -> 0 | B5: =B4 -> 5 | C5: =C4 -> 1 | D5: =D4 -> 1200 | E5: =E4 -> ZETA | F5: =F4 -> TE | G5: 2 | H5: 上 | I5: =IF(K5="","",IF(K5=E5,"主","客")) -> 主 | J5: =IF(K5="","",IF(K5=E5,F5,E5)) -> TE | K5: ZETA | L5: peter | M5: =S5+S6 -> 3 | N5: =T5+T6 -> 6 | O5: =M5+N5 -> 9 | P5: =IF(M5>N5,1,0) -> 0 | Q5: =IF(M5+N5=0,0,IF(M5=N5,1,0)) -> 0 | R5: =IF(M5<N5,1,0) -> 1 | S5: 3 | T5: 1 | U5: =_xlfn.IFS(S5+T5=0,"",S5>T5,IF(I5="主","屠","人"),S5<T5,IF(I5="主","人","屠"),S5=T5,"平") -> 屠 | V5: {=_xlfn.IFS(S5+T5=0,"",S5>T5,IF(I5="主",IF(S5=5,4,3),IF(S5=5,0,1)),S5<T5,IF(I5="主",IF(T5=5,0,1),IF(T5=5,4,3)),S5=T5,2)} -> 3 | X5: 唐人街 | Y5: 月亮河公园 | Z5: =IF($K5="","",IF($K5=$K3,AT3,AT4)) -> 木偶师 | AA5: =IF($K5="","",IF($K5=$K3,AU3,AU4)) -> 机械师 | AB5: =IF($K5="","",IF($K5=$K3,AW3,AW4)) -> 大副 | AC5: =IF($K5="","",IF($K5=$K3,AY3,AY4)) -> 弓箭手 | AL5: =IF($K5="","",IF($K5=$K3,AZ3,AZ4)) -> 跛脚羊 | AO5: 先知 | AP5: 医生 | AQ5: 歌剧演员 | AT5: 气象学家 | AU5: 佣兵 | AV5: 飞行家 | AW5: 病患 | AX5: 法罗女士 | AY5: 园丁 | AZ5: 喧嚣 | BA5: =_xlfn.IFS(BB5="","",BB5=E5,"主",BB5=F5,"客") -> 客 | BB5: =IF(说明!$F$11=3,_xlfn.IFS($G5=1,$E5,$G5=2,$F5,$G5=3,(IF(S5+T5=0,"",$E5)),$G5="加",(IF(S5+T5=0,"",$F5))),_xlfn.IFS($G5=1,$E5,$G5=2,$F5,$G5=3,$E5,$G5=4,(IF(S5+T5=0,"",$F5)),$G5=5,(IF(S5+T5=0,"",$E5)),$G5="加",(IF(S5+T5=0,"",$F5)))) -> TE | BC5: =_xlfn.IFS(BB5="","",BB5=E5,F5,BB5=F5,E5) -> ZETA
A6: =输入错误检查!A5 -> 0 | B6: =B5 -> 5 | C6: =C5 -> 1 | D6: =D5 -> 1200 | E6: =E5 -> ZETA | F6: =F5 -> TE | G6: 2 | H6: 下 | I6: =IF(K6="","",IF(K6=E6,"主","客")) -> 客 | J6: =IF(K6="","",IF(K6=E6,F6,E6)) -> ZETA | K6: TE | L6: ppei | S6: 0 | T6: 5 | U6: =_xlfn.IFS(S6+T6=0,"",S6>T6,IF(I6="主","屠","人"),S6<T6,IF(I6="主","人","屠"),S6=T6,"平") -> 屠 | V6: {=_xlfn.IFS(S6+T6=0,"",S6>T6,IF(I6="主",IF(S6=5,4,3),IF(S6=5,0,1)),S6<T6,IF(I6="主",IF(T6=5,0,1),IF(T6=5,4,3)),S6=T6,2)} -> 4 | X6: 唐人街 | Y6: =IF(Y5="","",Y5) -> 月亮河公园 | Z6: =IF($K6="","",IF($K6=$K4,AT4,AT3)) -> 木偶师 | AA6: =IF($K6="","",IF($K6=$K4,AU4,AU3)) -> 弓箭手 | AB6: =IF($K6="","",IF($K6=$K4,AW4,AW3)) -> 大副 | AC6: =IF($K6="","",IF($K6=$K4,AY4,AY3)) -> 幻灯师 | AL6: =IF($K6="","",IF($K6=$K4,AZ4,AZ3)) -> 跛脚羊 | AO6: 先知 | AP6: 佣兵 | AQ6: 歌剧演员 | AT6: 前锋 | AU6: 飞行家 | AV6: 医生 | AW6: 法罗女士 | AX6: 古董商 | AY6: 咒术师 | AZ6: 喧嚣 | BA6: =_xlfn.IFS(BB6="","",BB6=E6,"主",BB6=F6,"客") -> 客 | BB6: =IF(说明!$F$11=3,_xlfn.IFS($G6=1,$E6,$G6=2,$F6,$G6=3,(IF(S6+T6=0,"",$E6)),$G6="加",(IF(S6+T6=0,"",$F6))),_xlfn.IFS($G6=1,$E6,$G6=2,$F6,$G6=3,$E6,$G6=4,(IF(S6+T6=0,"",$F6)),$G6=5,(IF(S6+T6=0,"",$E6)),$G6="加",(IF(S6+T6=0,"",$F6)))) -> TE | BC6: =_xlfn.IFS(BB6="","",BB6=E6,F6,BB6=F6,E6) -> ZETA
